--
-- PostgreSQL database dump
--

\restrict R2FOF601crYz6JvaXeJa17IF9f7PAQKhXLgd4WUY1zf858QeVel3bVEtxbvG7HW

-- Dumped from database version 18.1 (Debian 18.1-1.pgdg12+2)
-- Dumped by pg_dump version 18.1

SET statement_timeout = 0;
SET lock_timeout = 0;
SET idle_in_transaction_session_timeout = 0;
SET transaction_timeout = 0;
SET client_encoding = 'UTF8';
SET standard_conforming_strings = on;
SELECT pg_catalog.set_config('search_path', '', false);
SET check_function_bodies = false;
SET xmloption = content;
SET client_min_messages = warning;
SET row_security = off;

--
-- Name: public; Type: SCHEMA; Schema: -; Owner: issue_tracker_ssr2_user
--

-- *not* creating schema, since initdb creates it


ALTER SCHEMA public OWNER TO issue_tracker_ssr2_user;

SET default_tablespace = '';

SET default_table_access_method = heap;

--
-- Name: conversation; Type: TABLE; Schema: public; Owner: issue_tracker_ssr2_user
--

CREATE TABLE public.conversation (
    id bigint NOT NULL,
    last_sender_id bigint,
    updated_at timestamp(6) without time zone,
    version bigint
);


ALTER TABLE public.conversation OWNER TO issue_tracker_ssr2_user;

--
-- Name: messages; Type: TABLE; Schema: public; Owner: issue_tracker_ssr2_user
--

CREATE TABLE public.messages (
    id bigint NOT NULL,
    body text NOT NULL,
    created_at timestamp(6) without time zone NOT NULL,
    sender_id bigint NOT NULL,
    conversation_id bigint NOT NULL
);


ALTER TABLE public.messages OWNER TO issue_tracker_ssr2_user;

--
-- Name: messages_id_seq; Type: SEQUENCE; Schema: public; Owner: issue_tracker_ssr2_user
--

ALTER TABLE public.messages ALTER COLUMN id ADD GENERATED BY DEFAULT AS IDENTITY (
    SEQUENCE NAME public.messages_id_seq
    START WITH 1
    INCREMENT BY 1
    NO MINVALUE
    NO MAXVALUE
    CACHE 1
);


--
-- Name: notes; Type: TABLE; Schema: public; Owner: issue_tracker_ssr2_user
--

CREATE TABLE public.notes (
    id bigint NOT NULL,
    body text NOT NULL,
    created_at timestamp(6) without time zone NOT NULL,
    created_by bigint NOT NULL,
    ticket_id bigint NOT NULL,
    updated_at timestamp(6) without time zone,
    updated_by bigint
);


ALTER TABLE public.notes OWNER TO issue_tracker_ssr2_user;

--
-- Name: notes_id_seq; Type: SEQUENCE; Schema: public; Owner: issue_tracker_ssr2_user
--

ALTER TABLE public.notes ALTER COLUMN id ADD GENERATED BY DEFAULT AS IDENTITY (
    SEQUENCE NAME public.notes_id_seq
    START WITH 1
    INCREMENT BY 1
    NO MINVALUE
    NO MAXVALUE
    CACHE 1
);


--
-- Name: permissions; Type: TABLE; Schema: public; Owner: issue_tracker_ssr2_user
--

CREATE TABLE public.permissions (
    id bigint NOT NULL,
    description character varying(255),
    name character varying(255) NOT NULL
);


ALTER TABLE public.permissions OWNER TO issue_tracker_ssr2_user;

--
-- Name: permissions_id_seq; Type: SEQUENCE; Schema: public; Owner: issue_tracker_ssr2_user
--

ALTER TABLE public.permissions ALTER COLUMN id ADD GENERATED BY DEFAULT AS IDENTITY (
    SEQUENCE NAME public.permissions_id_seq
    START WITH 1
    INCREMENT BY 1
    NO MINVALUE
    NO MAXVALUE
    CACHE 1
);


--
-- Name: priorities; Type: TABLE; Schema: public; Owner: issue_tracker_ssr2_user
--

CREATE TABLE public.priorities (
    id integer NOT NULL,
    color character varying(32) NOT NULL,
    description character varying(255) NOT NULL,
    level integer NOT NULL,
    name character varying(255) NOT NULL
);


ALTER TABLE public.priorities OWNER TO issue_tracker_ssr2_user;

--
-- Name: priorities_id_seq; Type: SEQUENCE; Schema: public; Owner: issue_tracker_ssr2_user
--

ALTER TABLE public.priorities ALTER COLUMN id ADD GENERATED BY DEFAULT AS IDENTITY (
    SEQUENCE NAME public.priorities_id_seq
    START WITH 1
    INCREMENT BY 1
    NO MINVALUE
    NO MAXVALUE
    CACHE 1
);


--
-- Name: role_permissions; Type: TABLE; Schema: public; Owner: issue_tracker_ssr2_user
--

CREATE TABLE public.role_permissions (
    role_id bigint NOT NULL,
    permission_id bigint NOT NULL
);


ALTER TABLE public.role_permissions OWNER TO issue_tracker_ssr2_user;

--
-- Name: roles; Type: TABLE; Schema: public; Owner: issue_tracker_ssr2_user
--

CREATE TABLE public.roles (
    id bigint NOT NULL,
    description character varying(255),
    name character varying(255) NOT NULL
);


ALTER TABLE public.roles OWNER TO issue_tracker_ssr2_user;

--
-- Name: roles_id_seq; Type: SEQUENCE; Schema: public; Owner: issue_tracker_ssr2_user
--

ALTER TABLE public.roles ALTER COLUMN id ADD GENERATED BY DEFAULT AS IDENTITY (
    SEQUENCE NAME public.roles_id_seq
    START WITH 1
    INCREMENT BY 1
    NO MINVALUE
    NO MAXVALUE
    CACHE 1
);


--
-- Name: status; Type: TABLE; Schema: public; Owner: issue_tracker_ssr2_user
--

CREATE TABLE public.status (
    id integer NOT NULL,
    color character varying(255),
    description character varying(255),
    name character varying(255) NOT NULL,
    CONSTRAINT status_color_check CHECK (((color)::text = ANY ((ARRAY['RED'::character varying, 'ORANGE'::character varying, 'AMBER'::character varying, 'YELLOW'::character varying, 'LIME'::character varying, 'GREEN'::character varying, 'EMERALD'::character varying, 'TEAL'::character varying, 'CYAN'::character varying, 'SKY'::character varying, 'BLUE'::character varying, 'INDIGO'::character varying, 'VIOLET'::character varying, 'PURPLE'::character varying, 'FUCHSIA'::character varying, 'PINK'::character varying, 'ROSE'::character varying, 'SLATE'::character varying, 'GRAY'::character varying, 'ZINC'::character varying, 'NEUTRAL'::character varying, 'STONE'::character varying, 'BROWN'::character varying])::text[])))
);


ALTER TABLE public.status OWNER TO issue_tracker_ssr2_user;

--
-- Name: status_id_seq; Type: SEQUENCE; Schema: public; Owner: issue_tracker_ssr2_user
--

ALTER TABLE public.status ALTER COLUMN id ADD GENERATED BY DEFAULT AS IDENTITY (
    SEQUENCE NAME public.status_id_seq
    START WITH 1
    INCREMENT BY 1
    NO MINVALUE
    NO MAXVALUE
    CACHE 1
);


--
-- Name: tickets; Type: TABLE; Schema: public; Owner: issue_tracker_ssr2_user
--

CREATE TABLE public.tickets (
    id bigint NOT NULL,
    assigned_to bigint,
    body text NOT NULL,
    created_at timestamp(6) without time zone NOT NULL,
    created_by bigint NOT NULL,
    priority_id integer NOT NULL,
    resolved_at timestamp(6) without time zone,
    status_id integer NOT NULL,
    title character varying(255) NOT NULL,
    updated_at timestamp(6) without time zone
);


ALTER TABLE public.tickets OWNER TO issue_tracker_ssr2_user;

--
-- Name: tickets_id_seq; Type: SEQUENCE; Schema: public; Owner: issue_tracker_ssr2_user
--

ALTER TABLE public.tickets ALTER COLUMN id ADD GENERATED BY DEFAULT AS IDENTITY (
    SEQUENCE NAME public.tickets_id_seq
    START WITH 1
    INCREMENT BY 1
    NO MINVALUE
    NO MAXVALUE
    CACHE 1
);


--
-- Name: user_profile_image; Type: TABLE; Schema: public; Owner: issue_tracker_ssr2_user
--

CREATE TABLE public.user_profile_image (
    id bigint NOT NULL,
    data oid,
    filename character varying(255),
    mime_type character varying(255),
    version bigint
);


ALTER TABLE public.user_profile_image OWNER TO issue_tracker_ssr2_user;

--
-- Name: user_roles; Type: TABLE; Schema: public; Owner: issue_tracker_ssr2_user
--

CREATE TABLE public.user_roles (
    user_id bigint NOT NULL,
    role_id bigint NOT NULL
);


ALTER TABLE public.user_roles OWNER TO issue_tracker_ssr2_user;

--
-- Name: users; Type: TABLE; Schema: public; Owner: issue_tracker_ssr2_user
--

CREATE TABLE public.users (
    id bigint NOT NULL,
    created_at timestamp(6) without time zone NOT NULL,
    email character varying(100) NOT NULL,
    name character varying(100) NOT NULL,
    password character varying(255) NOT NULL,
    updated_at timestamp(6) without time zone,
    profile_image_id bigint
);


ALTER TABLE public.users OWNER TO issue_tracker_ssr2_user;

--
-- Name: users_id_seq; Type: SEQUENCE; Schema: public; Owner: issue_tracker_ssr2_user
--

ALTER TABLE public.users ALTER COLUMN id ADD GENERATED BY DEFAULT AS IDENTITY (
    SEQUENCE NAME public.users_id_seq
    START WITH 1
    INCREMENT BY 1
    NO MINVALUE
    NO MAXVALUE
    CACHE 1
);


--
-- Data for Name: conversation; Type: TABLE DATA; Schema: public; Owner: issue_tracker_ssr2_user
--

COPY public.conversation (id, last_sender_id, updated_at, version) FROM stdin;
1	\N	2026-02-25 20:55:06.035131	0
42	3	2026-02-26 14:26:53.371403	4
43	\N	2026-02-27 13:53:21.963975	0
\.


--
-- Data for Name: messages; Type: TABLE DATA; Schema: public; Owner: issue_tracker_ssr2_user
--

COPY public.messages (id, body, created_at, sender_id, conversation_id) FROM stdin;
1	Can you fix it soon ?	2026-02-26 12:54:17.450855	7	42
2	I am working on the problem right now.	2026-02-26 12:58:39.582908	3	42
3	Thank you	2026-02-26 12:59:18.971435	7	42
4	I tried to fix the app, tell me if it is better.	2026-02-26 14:26:52.192763	3	42
\.


--
-- Data for Name: notes; Type: TABLE DATA; Schema: public; Owner: issue_tracker_ssr2_user
--

COPY public.notes (id, body, created_at, created_by, ticket_id, updated_at, updated_by) FROM stdin;
\.


--
-- Data for Name: permissions; Type: TABLE DATA; Schema: public; Owner: issue_tracker_ssr2_user
--

COPY public.permissions (id, description, name) FROM stdin;
1	Full admin access	admin.manage
2	Manage users	user.manage
3	Create tickets, read & update own tickets	ticket.create
4	Read/view tickets	ticket.read
5	Create or update tickets	ticket.write
6	Assign tickets to users	ticket.assign
7	Delete tickets	ticket.delete
8	Manage tickets	ticket.manage
9	Read user information	user.read
10	Create or update users	user.write
11	Delete users	user.delete
13	Read roles	role.read
14	Create or update roles	role.write
15	Delete roles	role.delete
16	Manage roles and their permissions	role.manage
17	Read permissions	permission.read
18	Create or update permissions	permission.write
19	Delete permissions	permission.delete
20	Manage permissions	permission.manage
21	Manage ticket statuses	status.manage
22	Read/view ticket statuses	status.read
23	Create or update statuses	status.write
24	Delete statuses	status.delete
25	Change a ticket's status	status.transition
26	Reopen resolved or closed tickets	status.transition.reopen
27	Close tickets	status.transition.close
28	Cancel tickets	status.transition.cancel
29	Manage ticket messages	message.manage
30	Create ticket messages	message.create
31	Read/view ticket messages	message.read
32	Create or update messages	message.write
33	Delete messages	message.delete
34	Change a ticket's status	message.transition
35	Reopen resolved or closed tickets	message.transition.reopen
36	Close tickets	message.transition.close
37	Cancel tickets	message.transition.cancel
38	Manage ticket notes	note.manage
39	Read/view ticket notes	note.read
40	Manage ticket conversations	conversation.manage
41	Read/view ticket conversations	conversation.read
42	Reply to ticket conversations	conversation.reply
\.


--
-- Data for Name: priorities; Type: TABLE DATA; Schema: public; Owner: issue_tracker_ssr2_user
--

COPY public.priorities (id, color, description, level, name) FROM stdin;
1	green	Minor inconvenience, cosmetic issues	1	Low
2	yellow	Normal issues affecting a single user	2	Medium
3	orange	Major issue affecting work or multiple users	3	High
4	red	System down, security issue, production outage	4	Critical
\.


--
-- Data for Name: role_permissions; Type: TABLE DATA; Schema: public; Owner: issue_tracker_ssr2_user
--

COPY public.role_permissions (role_id, permission_id) FROM stdin;
1	2
1	1
2	3
2	30
2	42
2	31
2	41
2	32
1	22
2	22
1	21
3	5
3	42
3	6
3	31
3	41
3	32
3	4
1	5
1	4
2	9
3	9
3	22
4	22
4	5
4	9
4	42
4	6
4	31
4	41
4	32
4	4
\.


--
-- Data for Name: roles; Type: TABLE DATA; Schema: public; Owner: issue_tracker_ssr2_user
--

COPY public.roles (id, description, name) FROM stdin;
1	System administrator	ADMIN
2	User role	USER
3	support role	SUPPORT
4	Manager role with elevated support capabilities	MANAGER
\.


--
-- Data for Name: status; Type: TABLE DATA; Schema: public; Owner: issue_tracker_ssr2_user
--

COPY public.status (id, color, description, name) FROM stdin;
1	BLUE	Ticket has been created and is awaiting action	Open
2	VIOLET	Work has started and is actively being handled	In Progress
3	YELLOW	Ticket is paused, pending user input or information	Waiting
4	ORANGE	Ticket is temporarily on hold	On Hold
5	GREEN	Issue has been resolved	Resolved
6	GRAY	Ticket is closed	Closed
7	BROWN	Ticket has been canceled	Canceled
\.


--
-- Data for Name: tickets; Type: TABLE DATA; Schema: public; Owner: issue_tracker_ssr2_user
--

COPY public.tickets (id, assigned_to, body, created_at, created_by, priority_id, resolved_at, status_id, title, updated_at) FROM stdin;
2	3	My Outlook inbox stopped syncing on desktop.	2026-02-07 10:20:11.551284	7	2	\N	2	Email not syncing	2026-02-07 11:05:33.551284
3	3	The office printer shows a paper jam but there is none.	2026-02-07 10:41:55.442918	9	1	\N	3	Cannot print documents	2026-02-07 12:10:12.442918
4	4	My WiFi drops every few minutes while working.	2026-02-07 10:55:14.991237	10	2	\N	1	WiFi disconnects randomly	2026-02-07 10:55:14.991237
5	3	I need Photoshop installed for a project.	2026-02-07 11:03:29.663501	11	1	\N	4	Software installation request	2026-02-07 11:40:29.663501
6	5	My phone does not receive 2FA codes.	2026-02-07 11:12:02.884712	12	4	\N	1	Two-factor authentication not working	2026-02-07 11:12:02.884712
7	3	I cannot access the marketing shared folder.	2026-02-07 11:20:48.117923	13	2	\N	2	Shared drive access denied	2026-02-07 11:55:48.117923
8	3	Several keys on my keyboard no longer respond.	2026-02-07 11:33:21.551284	14	1	\N	1	Broken keyboard	2026-02-07 11:33:21.551284
9	3	Too many failed login attempts, I am locked out.	2026-02-07 11:40:14.128392	15	3	2026-02-07 12:10:14.128392	5	Account locked	2026-02-07 12:10:14.128392
10	4	My second monitor flickers randomly.	2026-02-07 12:02:45.128392	6	2	\N	1	Monitor flickering	2026-02-07 12:02:45.128392
11	3	The intranet rejects all file uploads.	2026-02-07 12:10:11.551284	7	3	\N	2	Cannot upload files	2026-02-07 12:40:33.551284
12	5	My laptop speakers stopped working.	2026-02-07 12:22:22.772193	8	1	\N	1	Audio not working	2026-02-07 12:22:22.772193
13	3	Microsoft Teams closes immediately after launching.	2026-02-07 12:31:55.442918	9	3	\N	3	Teams crashes on startup	2026-02-07 13:10:12.442918
14	4	My computer is extremely slow even after rebooting.	2026-02-07 12:45:14.991237	10	2	\N	1	Slow computer performance	2026-02-07 12:45:14.991237
15	5	My mouse double-clicks randomly.	2026-02-07 12:53:29.663501	11	1	\N	4	Request for new mouse	2026-02-07 13:20:29.663501
16	3	I forgot my password and cannot log in.	2026-02-07 13:02:02.884712	12	3	\N	1	Password reset needed	2026-02-07 13:02:02.884712
17	4	A shared folder I used yesterday is gone.	2026-02-07 13:10:48.117923	13	2	\N	2	Missing shared folder	2026-02-07 13:40:48.117923
18	5	My laptop USB port no longer detects devices.	2026-02-07 13:23:21.551284	14	1	\N	1	Broken USB port	2026-02-07 13:23:21.551284
19	3	The HR portal returns a 403 error.	2026-02-07 13:30:14.128392	15	2	\N	3	Cannot access HR portal	2026-02-07 13:50:14.128392
20	4	Search results in Outlook return nothing even though emails exist.	2026-02-07 14:02:11.128392	6	2	\N	1	Outlook search not working	2026-02-07 14:02:11.128392
21	5	Jira keeps redirecting me to the login page.	2026-02-07 14:10:44.551284	7	3	\N	2	Cannot access Jira	2026-02-07 14:40:44.551284
22	3	Battery goes from 100% to 20% in under an hour.	2026-02-07 14:22:33.772193	8	2	\N	1	Laptop battery drains fast	2026-02-07 14:22:33.772193
23	4	Messages appear several minutes late on desktop.	2026-02-07 14:31:12.442918	9	1	\N	3	Slack notifications delayed	2026-02-07 15:05:12.442918
24	5	Zoom freezes on 'Connecting...' screen.	2026-02-07 14:40:55.991237	10	3	\N	1	Cannot join Zoom meetings	2026-02-07 14:40:55.991237
25	3	My headset microphone is no longer detected.	2026-02-07 14:52:29.663501	11	1	\N	4	Request for new headset	2026-02-07 15:20:29.663501
26	4	Files stuck on 'Processing changes'.	2026-02-07 15:02:02.884712	12	2	\N	1	OneDrive not syncing	2026-02-07 15:02:02.884712
27	5	The finance portal returns a 500 error.	2026-02-07 15:10:48.117923	13	4	\N	2	Cannot access finance system	2026-02-07 15:40:48.117923
28	3	The hinge on my laptop is loose and cracking.	2026-02-07 15:23:21.551284	14	2	\N	1	Broken laptop hinge	2026-02-07 15:23:21.551284
29	4	I cannot reset my HR system password.	2026-02-07 15:30:14.128392	15	3	2026-02-07 15:55:14.128392	5	HR system password expired	2026-02-07 15:55:14.128392
30	5	Bluetooth devices fail to pair with my laptop.	2026-02-07 16:02:11.128392	6	1	\N	1	Bluetooth not working	2026-02-07 16:02:11.128392
31	3	Adobe Reader crashes when opening any PDF.	2026-02-07 16:10:44.551284	7	2	\N	2	Cannot open PDF files	2026-02-07 16:40:44.551284
32	4	My PC shows blue screen errors several times a day.	2026-02-07 16:22:33.772193	8	4	\N	1	Frequent BSOD crashes	2026-02-07 16:22:33.772193
33	5	Authentication fails when pulling from Git.	2026-02-07 16:31:12.442918	9	3	\N	3	Cannot access Git repository	2026-02-07 17:05:12.442918
34	3	I need temporary admin rights to install tools.	2026-02-07 16:40:55.991237	10	2	\N	1	Request for admin rights	2026-02-07 16:40:55.991237
35	4	The backlight on my keyboard no longer turns on.	2026-02-07 16:52:29.663501	11	1	\N	4	Keyboard backlight not working	2026-02-07 17:20:29.663501
36	5	SharePoint returns a permissions error.	2026-02-07 17:02:02.884712	12	2	\N	1	Cannot access SharePoint	2026-02-07 17:02:02.884712
37	3	External monitor no longer detected.	2026-02-07 17:10:48.117923	13	3	\N	2	Broken HDMI port	2026-02-07 17:40:48.117923
38	4	Cursor movement is delayed and stutters.	2026-02-07 17:23:21.551284	14	1	\N	1	Mouse cursor lagging	2026-02-07 17:23:21.551284
39	5	Payroll portal shows a blank page after login.	2026-02-07 17:30:14.128392	15	3	\N	3	Cannot access payroll system	2026-02-07 17:50:14.128392
40	3	I cannot connect to the company VPN since this morning.	2026-02-07 10:12:45.128392	6	3	\N	1	VPN connection failing	2026-02-20 17:39:17.26294
41	5	My laptop becomes extremely hot after 10 minutes of use.	2026-02-07 10:33:22.772193	8	3	\N	1	Laptop overheating	2026-02-25 13:18:13.206262
43	\N	Application is caching the data and&nbsp;application beehives much faster<br><img src="data:image/png;base64,iVBORw0KGgoAAAANSUhEUgAAAbsAAAG7CAIAAADVC6xJAAAQAElEQVR4AexdB4AURdau6p6cNudEkJxBJIioGEHAcGbMOZ1nPHPOnpnf8wwYQQwYUFQUkKAIknOGhWVZNued2OF/s7vszs5Ojj0zb3j0Vld49eqr6m9eVXX3MD16HoeCCCACiAAi4AsCzMHifdv2rkNBBBABRAAR8IoAQ/CDCCACiAAi4BsCkWNM3+zBXIgAIoAISBcBZEzp9g1ahgggAlJDABlTaj2C9iACiIB0EYhHxpQu2mgZIoAIxDYCyJix3X9oPSKACEQSAWTMSKKNdSECiEBsI4CMGUz/YVlEABFILASQMROrv7G1iAAiEAwCyJjBoIdlEQFEILEQQMaMjf5GKxEBREAKCCBjSqEX0AZEABGIDQSQMWOjn9BKRAARkAICyJhS6AUp2YC2IAKIgHsEkDHdY4MpiAAigAh0RQAZsyseeIYIIAKIgHsEkDHdY4Mp4UUAtSMCsYcAMmbs9RlajAggAtFCABkzWshjvYgAIhB7CCBjxl6focX+IoD5EYFQIYCMGSokUQ8igAjEPwLImPHfx9hCRAARCBUCyJihQhL1IAKEIAbxjgAyZrz3MLYPEUAEQocAMmbosERNiAAiEO8IIGPGew9j++ITAWxVdBBAxowO7lgrIoAIxCICyJix2GtoMyKACEQHAWTM6OCOtSICsYIA2umIADKmIxoYRgQQAUTAEwLImJ7QwTREABFABBwRQMZ0RAPDiAAiED0EYqFmZMxY6CW0ERFABKSBADKmNPoBrUAEEIFYQAAZMxZ6CW1EBBCBUCIQuC5kzMCxw5KIACKQaAggYyZaj2N7EQFEIHAEkDEDxw5LIgKIQKIh4C9jJho+2F5EABFABDoRQMbsxAJDiAAigAh4RgAZ0zM+mIoIIAKIQCcC0mXMThsxhAggAoiANBBAxpRGP6AViAAiEAsIIGPGQi+hjYgAIiANBJAxCZFGT6AViAAiIH0EkDGl30doISKACEgFAWRMqfQE2oEIIALSRwAZM5J9hHUhAohAbCOAjBnb/YfWIwKIQCQRQMaMJNpYFyKACMQ2AsiYsd1/7qzHeEQAEQgHAsiY4UAVdSICiEB8IoCMGZ/9iq1CBBCBcCCAjBkOVBNJJ7YVEUgkBJAxE6m3sa2IACIQHALImMHhh6URAUQgkRBAxkyk3o7ttqL1iED0EUDGjH4foAWIACIQKwggY8ZKT6GdiAAiEH0EkDGj3wdogdQQQHsQAXcIIGO6QwbjEQFEABFwRgAZ0xkRPEcEEAFEwB0CyJjukMF4RCD8CGANsYYAMmas9RjaiwggAtFDABkzethjzYgAIhBrCCBjxlqPob2IQCAIYJnQIICMGRocUQsigAgkAgLImInQy9hGRAARCA0CyJihwRG1IAKIQBsC8X1Exozv/sXWIQKIQCgRQMYMJZqoCxFABOIbAWTM+O5fbB0iEL8IRKNlyJjRQB3rRAQQgdhEABkzNvsNrUYEEIFoIICMGQ3UsU5EABGIJQQ6bUXG7MQCQ4gAIoAIeEYAGdMzPpiKCCACiEAnAsiYnVhgCBFABBABzwiEmzE9146piAAigAjEEgLImLHUW2grIoAIRBcBZMzo4o+1IwKIQCwhED+MGUuoo62IACIQmwggY8Zmv6HViAAiEA0EkDGjgTrWiQggArGJADKm//2GJRABRCBREUDGTNSex3YjAoiA/wggY/qPGZZABBCBREUAGVPKPY+2IQKIgLQQQMaUVn+gNYgAIiBlBJAxpdw7aBsigAhICwFkTGn1R7SswXoRAUTAFwSQMX1BCfMgAogAImBHABnTjgL+RwQQAUTAFwSQMX1BCfOEDgHUhAjEMgLImLHce2g7IoAIRBYBZMzI4o21IQKIQCwjgIwZy72HtntCANMQgdAjgIwZekxRIyKACMQrAsiY8dqz2C5EABEIPQLImKHHFDUmGgLY3sRBABkzcfoaW4oIIALBIoCMGSyCWB4RQAQSBwFkzMTpa2xp7COALYg2AsiY0e4BrB8RQARiBwFkzNjpK7QUEUAEoo0AMma0ewDrlxICnECMHOFFKdkUHVuwVtcIIGO6xgVjEwoBm0DWV7BPr1Zd+avmyoWaGxZp3tmiKGmiCQUCNtYXBJAxfUEJ88QzAlUm+thfqkt/0by5SfnjAfmvh+Tf7JM/uVp19ne6z3bIBfQ347nz/W4bMqbfkGGBeEKg1kwfWan67xbl0RbGwre3DFiyxUZLmph/Lte8tkEpImm2AxOWP7GlFBkztvoLrQ0lAkCRn+yUz9urAIp0qReWNf9vs/KXgzJc2XSJTwJGImMmYKdjk9sR+Pso+8ZGpVVoP3X5p8ZEX1yn3FfHoKPpEp9Ei0TGTLQex/a2I1BhpA/8qa4xebkEgCi3VcvA06y34EZQO3Sx+icUdnsZLqGoAnUgApJDAKbbT6xSba1hfbEMnNBv98lXlLI4N/cFrvjOg4wZ3/2LrXONwIJi+bx9ctdprmIbrPSRv1QwQ3eViHEJhAAyZgJ1Nja1DYEjzfTJVUoz598s+2Aj+/gqFe6bt2GYsEffGDNh4cGGxx0CZo68tUl5uDmQkf/5bvmyUp8m8nEHGzaoHYFAxk17UfyDCMQaAoJI1lawPx6QW3j/HMy2hgoiffBPdZUxkLJtGvAY6wggY8Z6D6L9fiBQZ6EfbVccCcjBbKtmbz378Q4FbgG1oZGAR6kxZgJ2ATY5QggIItlUyS48JA+G72DffM5uxc5avHAi1GtSqwY7Xmo9gvaECwEjR59fo2y0BjunPtjIfLJDYTn2SGW4zEW9kkQAGVOS3YJGhQGBRYdkf1eEYN+GE8jCg/LNVSFQFWQrRTefINVicQ8IJC5jegAFk+IPgWYbefpvFSHBOpik9QNu5ry98mZbaLS1qvT7wPPCpo271q7Z5iQbN+yqr2/yWx0W8A0BZEzfcMJcMY7AF7sVe+tDNtpFQubvlxc3RPNhc6vV+syT//vpxxVLFq3ukIU///n2W5/v3LE/xrtLuuaHbAxJt4loWcIjUGWib21ShhaGshbmw+0K3uNbPEJbY3dtqWnJd94946FHb+yQe+6/etiIft1zYkyoEEDGDBWS7vVgSrQRmL9fVhrEHUUuzQc3EybmlXhvpkt04jcSGTN++xZb1opAtYl+sE1hDcPWdp0l9K5rq8l4kC4CyJjS7Ru0LHgEwBNcVAIOZrj2tWdtV8CUP3g7UUOsIICMGSs95YudmMcZgToz/WG/vCFsr7Y0cfTj7QrgZeeK8TxOEUDGjNOOxWYRAkS2tZpZV8lCIHx4fLZLUR2l1UzOxlVV1pWXV3dIZWWtyWgOX2NRMzImjoG4RcBoo4tK5JXG8A7yCiNdfFgWeRApZWRy9qNZ3/3fm593yPv/m1daWqFShfjGgMi3TrI1hncwSbbZaFiQCMREcVhh/Kk47D9qZuTonF3y5qAfvvQXUqVS/vyLd91971V33Hl5h/zr7isee+KWAQN7+6sN8/uIADKmj0BhthhDQBDJhkp2X3249nw64BBFArVsqY70pUQpzcxKzc5Jd5LMrDSVStFhHgZCi0Ckuzm01qM2RMAdAjaBfLgtQnsyFUYGJuZcVO9md4cDxocWAWTM0OKJ2kKNQKD6ypqZkLx3w5f6gZ3/PCIra8GryRe0YjsP9nFs9x9a7w6B2bvkJj9/ycedKl/id9ayu+sYmKH7khnzxC4CyJix23douVsErAKZuzuia3n1Fvr7YZmJc2sSJsQHAsiY8dGP2IouCKwpZw83+Tu2u2jw90Qk5PcSWfCvK/a3XswfYQQiOqoi3DasLmER6Jci33wl2RJZmXsOk6zECyrOBx12cJx3cAI2TxCJkZNHo+G0yRaVeqPR1kStExkzUXs+fttt5lmR0Ki0z8TJRB8qxiyE44jZSIzNdoEAZ4sVTJAxY6Wn0E5fETDa5KIYHcbkRNbC4zXlpqdsVlpxhNm6ll36o+ynubL5s2XffWoXCCyYyy6Zz2xaTY8eJhZJPxePveumdzE6NhHgRWoRwMeMmvUttoju0UetnX5V3NLErF0h/2ym/PP/yn6YI1u6gF2znN2yht2xwS4QWLtCtuwn2YK58s/fgWzsX4tJY71fNUQsMzJmxKDGiiKBgI1neCGao7rZ7uFGoqU+1RH1TKYW9o+F8plPyn/6gjmwi1ZXUJiJ865e7ywI1NRCayuZg3tkv36jePspdvF8+5w96k3oakA0x1ZXS/AMEQgBAmaBBTczBIoCVcGLjE3Ey4oQnmP27pC//5Js4TymqYHYrET0bY0XsnE22twkW/qj4u2nmW3r7IuegXZHyMtFo2vhGwbgC4lweMdwyIdEDCsURGqN3rZPB3Cw/9MRTtCAsZldukD2xTtMRVkwCND6Wtk3H8sWfk0b61rfdxqMstCUjSxjCjw9WsL+tQiWfkMjK36hB3YRwZWTHxp8UEssIQDeJTBm1C022qLwusxot7qzftpQByuSsuU/U7OpMzbQELWa2b+XsfNn05qqQHWEslxEGZPWVsm+/lD227ey5b+ERpbMl3/9AbNvRyghQV0xiwAnMJwEZsQ2geWE6GzWR73raH0N+8NsdvPfRAjdq5wEnt29RfbNR7SmMuoNjChjMpv+ZipKQwklIbSxnl2xkOAn4RGARTKrwMDEPOpICIQCaUbdjCgY0NzI/vg5u2dr6KsWRebQXtm3HxFYEg29dj80RpQxaUOtH6b5nJVGG0SfLcWMYURAFKmFD/v7g31pgCgSMycJS3yxNmR5OBv712IWJnwh9C67GseUHJD9Oo9w0bzdPaKM2bX5eIYIhBIBQSRSWMSEJomk9Z5QEYIJI6LIHNjNrv/TbzrL60WmX096DiTUh3UMgWd2bWE2ryGiEC1kkTGjhTzWG2IEBPtcWCrjmRcZPkrPHYUYVh/VwXz8j4W0udHH7O3ZGIYMHkNPOJ1ccR9Jy26P9PiHmlrYNctobbXHXGFMlMoIC2MTUXViIAAOpkh88FMiggbQJWxDRaQqCVQCDub+nUzJvkBMoQyhlKo0ZPwUH4sz5aXMzk1+O7M+anfM5irMuIrEOEQg9hAIcumQE0i1iRxqJAcayOEm0mAhsBwZMAqCmEibPzzHrvwtyPvMaf9RQJ0+Ac7ZmA0raUuzT5lDnQkZM9SISlifKIqHDpZ9/eWvn34831/56ouFdbUNEm4csQiBbLaYObK+gvxnHZnxC7n6V3LTYnLLEnLjInLFL+S6RWTWNrK3ngii3+0W7IzJ+F/O74qkUICW7Ae/LxBL5EqiNbQX1BmIUt0e9vaHqSqnh/cH9Z3mrQp36Yy7BIyPPwRKDh195aWPDh8uZyjjrxwsPnLd1Y9ZLFbJwmLzf6N88SFy+S/khkVkzi6ys9buWh5tIeUtpKyFHGqyM+nMTeTyn8ntv5Pt1X7zpk2QxK1OEegvdu0KEtj+uC6JZuYfs5AS1uc7/2ELaMPKOGJM4udHoaSDxzLXPcLe9SozAZSDcgAAEABJREFU4x7aaxCRyQnLkrxezJX3s/fPZO94kZ40jWh0furF7F0QKCur6tk7/6ZbLrri6mn+yr8ful6n1+zbc6iLRsmcWHkGdn58NAcm4CWN5KZF5J4VZF894UUiOHiDlHSeQLyFJyvLyPWLyBsbSJ0/7yFLFMbkOGb3Fh+R75KNYUhuT5JVcCxS9Gtpkjm0PyoP+0nAx1SomInT2YtuY/oOp9mFzJBx7GX/osefChzK3vAYM+gEmpZN83uzU65gpl1rZ9JjAONffxGAWbmMlTEwUv0t2Zpfq1VzvNAalNzB7LODaeHJX2X2qffq8vZWyKiQpbYNT7Oelmc7u9B6TuamU/XLRmg25srLGNLeXiNHPt5BHviDHKh3INR2Ba7/8CIVEmC7nFaU0sDeaJmcQU+aTuTHXo5ntdh9TLWWqNpEQzwOVGo20iNR+P6OPmPSrAI68pQuSxj6FPbMy5gLbqFqB6cSJpJDx9PCvq6HJ8YmNgIWXuYLAFaeLC8lz68hpa3bBgwVi7SWWwa2zDrV/N05ws/T+V+m2X4Y++VPfaZ91/sfH/e87t7s1/qrdnXwJpDswyvJbt+ewwC6BNL0xaqYzkOPHg7EfkMKOetyktujsyzw47k3kKnXkGmtAoFxkzv5tDNfZ4gp2d95EqlQ9BmTJKfT5DTn9mp0VKlyjmRltM/QrpF4hgjYEbD68E5M2PuGbZw3N9qXKe1lCDk7r2Hu2fwLE1TnHKfrkaxSyFWEVVPd8WqWK1KWnGFY/Gze43N6XXll2mwt09JWZFcdeWktOdJKuG0x7o4ige3y+N/8oVXHfHWXQKg0JLuQ5PVql5weBFzIgj70kn/RgaO7bI4r1XTwGDr8pHYZMZFO+gfJ6FjldKGdVh11ERvmKAkwpj8tFDl8vZs/eCVGXlH06WkfmFnbvcumdlD+ObDys8m6sblqnVJOSMeNnAyRpxPWQFo/Cmododn0esE9/8p6U8fYaVIQyZZq8tkOYvJhJFp5Bmxr1RS3B2p/D5v71mXk0UvupFc/2C4z7iV5PcnIk0lRP8+TbrtGVkaYjn6xRzj/b4zCe9olwJh1lWKdb3fwC4K4bbUzanie8AhwIgWHzisM3+8jW6vbVyGv61v12qSMVLWM0m7XJJUTqujQRomYIqt/Mvfpq9M/llE7TdoE8tshssWHd4/Z7Dc8ddPfoTo+Ap4XMYH1NDr7LURag/2o0dsXK+H7qTvs3dAQ92wiRw50i+6MoLYo3LkRfcYUy0uENYvtPyzXCYWrkM0irJhPKo+4SotEHNYhWQRsPkzJW6zkg232FgCBHZ/e8vSJSTK3/otIjm342Au0/pdT7vm8x0ZqNraekWozWXCANHm7YGEdE3S1FYnbIwDqb9t8dLybYJdNcvhFnzEJZxNXL+T/WEAs7t8/ajEJa5YIy+eT6D2B7++owPwRQ4Czu3Jeavv1EKkx2/MkK/gHRpFsrcx+4uK/SPgmwtsn4E6JBrbp9YK7VUyrFkJWHSVV7gdsW1lOjP9ZOYGVyrbW+n60AnDeqNCH14SL3bc6fLch0JwSYEww3WIW//iR//0bYm0fjhDXKUCX634Xln5DTO2r751JGEIECLF68zHBp5l/bFt1VKYwLk/JMm5GvmAjxu1EMLrEdZzu71N0y9qSgC43VXa5kbMt3vEoipSXwBuOHU0KeVhMSvVfpze6BI2cjfz1C/z1JIYUT6nhSXMzbsJTmSetVrP41y/8gk+cf62Y54Stq4XfvyX+vhbFU2XSTkPr/ETAxnt5PrLWTPa3PuGpZMUTc8Rsjfv8fAOpnU/aVzud7YA1zWvTP26LhYt+ZZkXxoScvqwYQLbYFTEjx2/jRQDPSyGRYUlLa5+5zyhk5bpPDFeKZBgTGmiziuuX8T9+RFoa4cwuoiisWSw4xthj8X+ACFBKeZ4XfRivLivgOB40uEyKYiRcfJzoZS2trIXYWm9FT1II4GOyblcwCWlaRZrXeWjOKfrlSmppy3CoCRmTiDmebgBqA8r56HmzCL6vrGbyy2xPy3StGsXC41r/RvQgJcaEhvOcuO537o37+Llv8PP+y736L2H+LK/AQTkUXxDIyc04eLDs4w/nfzNv0bffLHYUiKmq6nJndkND86FDZcXFpXv3HNq6Ze+PPyw/dPBoj55R+Fb33DRBoKI3xqy3tFObSsZkaTv3wZ01cw2k+B4ienrFt5KxZMkr2gqC6wp83RZ2d4x/HzMrT1Rr3TXfdbzoBTYqV9r3eD1mEzW6QMjatUF+xEqMMdssb6oTN68U1y0l1VG4Q7XNhLg8FhXl3HXPlXq9pqqitrK8prK8puO4Z9fBB+9//WhZVccofezhmQ/e9/oLz3zw2n8++fCDb9et2fbfdx81GHRSQ4Yn3m8t4lsdTLBcRgUVa79DCMLOYq0guy8hloPO8V3PYWLesfnTobZrli5nnCDJS6yLjcGdUEYYPNKtCtjAMRmJqbldzC2E5whnJcYWAtsSZqP9Jpn2I8Q0E2MTaW4Q4cKv9XhjPCFCr/6EeplbuLUqiIR4784goIm/opTSnr3yrrpm+i23X+IkDz5yw0kTR735+mdHj3beZ3jfA9e89+GT77z/+OtvPfDUs7f36VskQUzsPqY3szpm4YJIbHy3y0zkiXEHOXALaVjsTROkU5sohz8gHWoh7E54b/6vu4IxFM+POonI3Nx7UFsh/jpHnD+rXX76xO487t0i/jBLXPCR+PNnnfLjx/Y837wrfjWTfPIi8fybYDK5MHI8MmYMDZJ4MxXI9NLLJh93XOEnH86vqqqLoebxPmxG6xTtF5eJI5VGRx9TJOBaVn5M9l5D6rztzLaCYhNlNba01iAxgNq2kPtj/PuYBJYyC4X8nq4xaG4gO9eTravaZfsa0lRHKkvtp5v+JOuXdsqmP+yRu9aR/dtIXaXn+wiFrDwhF76/u335uTYilLHoY4YSzZjWpVIrL7z4LJVK8dXcX5qbXd9eE3ADw1eQs69jelGfrSFs68XVaCXbK6rtHmXzBlL7Ezl4P9kxmRx8gLRsJKIjk7pVuNU0uEnQtyXnaNuJuO3U5VEkCfAGI5blJ04mMoVLBEIeKcrk/OiJ0Xr3IzJmyDs0hhUmpehhzn64pPyH75cKwrHFP2k3iPdh2putJemt73Ux8ezK/VurN04n2yeRPZeSo/9HjFsIXw9+ko+tnFtzKZBgW+bjs9qJuO3U3ZEXqLukOImnVCjoxfcZGJnmiAW9xD6D7O/PjUx9XWuJLGPK3N8H19UsPIsKAnBlp6Un33XvVb8tXLlnt5c9kKhY2L1SmJV3UFj31LYYWHCcfGzWuKZp+JamniLfQgSTj35lmxI4Vtgy59TOgACIWkYm5Hl5UwRkA7H5wOmQLbZFoxMmnBnQ3ez+tVvU6vlxp4nd33bmn5rAc0eUMYU+g4lCGbixWDIiCGTnpD/x9G16vTYitQVbibOP6UbftF5E07o5UWbLfbfqphrO7ydVTIL68SNPtgjtsAxLJ5kaN5V1jRZ8WGntWiImz4T8Xvy4SWJYn1yUyfgR44R+Q6IIUGQZs/dAbsKZsGQrZmQHJakZkWFemJnab/kmYhR7KCpV9+yV//Szt6emJkWldt8rFUXoG/CMvZco0JNzjrmZPzVM+az6Ck70Y8ZjFeXf1J3f4WDqFeTc3iTJt4W7+J+Vt8EPdDbqJH7YmPDNl/kBI/iJU4is/V6FtmojfIwoYxKlClaIuUtusl1yc3ByEz98nOf3M/uII3DioeKSn777+YP/mzXr7Q9/mPfjru279+7aN//rH/7z9KuP3vP4o3c//uLjL389e97eXXt5jvdRbRxkGzSkT2GR/w/ARbblAqFAmj7Wee1gUti6ZwN+4vPlD71fdT3vG2laBOUP9dMeOfKsUbB7lTDHH51FxuYQ1rerh0+EWXlbH2i0/GnT+RHj285Ce+SHjOanXEK0Ub4j2Lc+D2HT5QoxPUvMKQhK8ntyk6YJvXx4KalHy+vrGt6f+cHt1/zzhcdfgsB7b33w8lP/ufP6u+649s6Xn3rli0++BCb9ef4vQJevv/DmP6+7Cwh03+59AT9l6NEWKSayrB9eWFQaAHTpu/8PW9t3jiC6Vgelmkt/6MgLD5Q+X+ttet7M6/5XddOdJW+WWvNFYvdnQc+NQ0iqytcW84kxK2+HQ5fEnX0hd+IZ3l8Y3F7Ahz8My40cz027XDQk+5A7vFkizpihao4+iTvvKiEtK2B9tdW1Lz35ErDk4YOHmxqbzGaL2WxuamyuOFpRXlbe3NTMce23m8DEvKW55eiRo7/8uPDWq+5Y+OOvHUkB144FQ4IAUBiIj6pYSibmk6sHEmXrF0EDn/RG5V0n7Vr2de0/TILapZKljSefuefn+0r/c9SWIxD7xQIbPg+NJgNTCbWTp8tCzpFC4viYbU1Xa/kz/8FNuyKQF8G1aXA4wsIoB37r1MuJtnWC4JAUlaB9EESl4uArFQ0p3KU3i5pAvHSzyfzh/z7+5Qf/uE8UxMryyqceeOaHeQu4RJqhB99ZYdQg+qFbxZIrB5AZ/Umbp8mL7A7zwEsOfDFg29YrD3z8duWt8+um/1A/9X+VN9548H/Hbdk1ac+SVS3jOVEGdQBDwsLl8yfaadd3uoSCQqIxJrQZ1jRHT7Becxffo68Y8GavXCHkFNhm3M6fPBkW9ECrFCSGGRPgE7PzbZfcJOoNEPZLdm7b9e3n3wED+lWqLbPJaHr12dfWrloLa6BtMXiMIQQ0cnLrUHLPSFJkILAiCZaLhB6y9phde8UdJTPP2//tufu+v7XknQ+qb9hvPQ5S2wRcyyHp5O1J5LTCtgi/jqJfubtnjskYyogFvbgr7uCmzRAKe4vgIfr4PUMpuEFCXg/bWRfarrtP7D2AUAnRlIRMCWxYiMcN5CZN97fsJ+9+0tIS+PuJYc7+/KMvfD1n3p5de6sqq8BjTZzFTX+hDnt+8P38rEMpI//oQ16aYD/m6bzchS5nSP8UcsNg8spEMiTDz5pas7fxcmsw8Q5qjTByvO3Kf8IaGj92klB0HEwNicv1cWBYfZJQ0JMfPZGbPsN21T+FcZOIRis1yGKeMQFQEbaA4I/PAquWf/+11ufsrjOWHDz82nNv/Pv2B++/9YH7b3tg7sdfwFqn66wYGzYEKAlwxkspGZhG7h1F/nMSuXskGZdDYD9H5nA1gFPZw0DOLCJPjiMvnUSuGkiytcR/cra3HHwm+59E/q/RCQNH2HeELrrBdtkttktvsZ1zKXfyFH7sqUCj3MTJ3JSL7fGX3cJdfBM3+WJhyGiiS5ImYA5jRJoG+mSVfyN526btxhajT4o9ZgLXsnhf8cZ1m1Ys/eOtl//vlitvr6yo9FgCE0OMAHQ8kGbASjUyMjidXNafvHwS+fQsMn86mTOZzDqDfHkOmTfVHnhiLJnSk/RMat8sCqwihsTOrDywFvpYSiYXU9LFwt7AnsKYU5Kh+80AABAASURBVPlTp3JnXcid9Q9+0jR+7GnCoJFiUR8xUrda+2hy92xM96i4j9m/d3+I2ygSWNzcsmHLw3c+YrV4+4HBENed0OrAVQy+/TDvTlKSLC0p0BNYrBydTQak2sMZGqJXeJmz+1J7Qs/K3QEEE3O5wv4cCuwLQQBO3eWUWHwiMmZdbV2YemH3zr1rV68Lk3JU2x0BcDBDQprdNYcwhmWEEGpDVdFFIBEZUwzbJMlmsx0qLolujyZU7UCXQJoSbzJDwzbgJN5yT+bFaloiMqbBoHfqLoNanaLVskwnGjqlMl3vnM2pVPdTmUyWmyf1Jwu7mx3TMazk+Yil6GPG9BDrYnwnR3SJjuuTnPxOUtMoFFdMOHHmtVe9dc2V906dkpPS/hjWKYMG/nvaOdlJ9g07lmEyDD7d8plfmDd81LC4Bk9yjQMPDvZ/JGeWg0Gs5DndwVgMekGA8ZIej8l9+vdpaxZcaZeMG3vrGacNLyoaWlh48Zgxl44bq5TLIXXK8GGnDR702pUzzh99/E2nnfriZZfIvC1OJ6ckP/3Kk8kpdpIFDSiRQYC1e3CSnvbKkDEjMxTc1BLa6ERkzO1btreBmG7QnzJwgE7V+npuQuQy1mLjOJ5XymQn9O4FFDmoIP/JCy+4+bRJo3r2uG/qFIZh2gq2HSmlLHxkrEKhOPGU8V//+mXfAX0JBR5uS8djJBCQMaKUIYdlVpaRNKFHopPiqI4uFBBH7XLbFKvVOvuDOW3JclYml9kfGW47NVttFQ0NvCD0y81xjN9XUfHL5i0n9ut72fixOlU7vUKRol5Fdz30r5f/78V5v30588M3M7MyIBIlwgiw0vbgJG5ehDsrDqpLOMbcunHbvj3t92PWtrQcqKgEp7KtI1sslqrGJgj3yc6GY4es21/82k+/3PXJbL1KNXXk8OOysvQajUarUSqV4yeOPX3yaUU9i8DX7MiPgUgiwFBJ/4yOVUAHM5LDIex1eWLMsFce8Qo4jvvys687Xgxstlo/XL585Z49wJVgS6PJeLTefqtm76wsOO2QqaNGPHXhBQPzc+ev21BcWXXPOZOfuOe2x55/5Kn/PAFc2ZENA9FDQLqstKGC+e1Q5zwmehBhzaFBILEY8+D+g1s2bHF8a0ZxReXT33z/+s+/NBiNn674s6SmFnAtSEuFY4eAazmsqPDf06a+euWMGRNOHDa4/xmXTJ9y3uQBg/vLFfZtoo6cGIgwArxIfjjA1pqlu3a8tYb+c5l6TXnrKzkjjA5WFwYEEosxlyz8vbbazokdSIJz0jcn++bTJj0579sfN2y02GyQpFN1LlbC6eHa2mmv/2flnt0D83JPGtBP17830dp/vQCSUKKIAPTdkhLZ46tUxQ3SZcziRnKkmblpiXp7TWJda1EcGGGtWhq9GNYmHlMuCMLJZ5x88103njrm+IF5ecMKCy8YPfp/11/7zMUX3vPZnN+377DxfFvetkl6WxiOaVrteSOPH5SfTyllgCuzUgmbQLgBAhIUUSSbq9iHVqoONzH7G4IykBNIi400WV0IxAelmpCDrbbtr2fvWa4+2CjtXaogm5oYxRPoymcYpv/AftdfN+ONyy+be+ftn95+yxMXnj/muN7vLv59S8lhx+4+VF3teApbPP86a3JhWro9kmGItxsz7dnwf5gRONDA/GuZencdC/UcaGUlCAQm22vI5T+T0+a5kAt/FE1WDtg5MM1mjhxtfQsruMOry2WP/qUub0HSDAxLqZRKIMa0Qw5jf28JcXi9UF2L8c/du+1JDv+3diVQh5TYCHIC32I1N1tNIRczZw2T2HgOzPZRSpvJXctV6yvtdAld0ubHQSAwYRliE4iZdyGgsMlsM9sCJM1qk10zKAGBJdefimXPrVE1WKS7hgB2onhGIMEYs6GZHCwjwJvHUKlpbrIc+wW0Y3FkfXGxpXVBsyOmM8BQAm4mkdxHEIUqY8Oqwzs/2bTotVXfvvLXvP+sDL2A2lf/+iYssuqbV32TF1f+dstidllp555bSXNQ3cHS9p+vIN0+MkYURLHZYrNywHjdkr1FVJgITPk7ctkE+sUe+X3LLW+v/fmdtQs8yPsbfvl402/hkM82L/li2/JwyNfbV3y/66/5u1b9tOdvGIcH6srha7uj7XETSCTGhGXK/YeJyezYefZ9c5gyOUYRUt3Y9NIPC+7+dPblM9++7n/vv/zjgi0lJaJeS3IyiEpJZO2uTddC0Twra6p9d93PDy3+8PXV387b8cfvxZtWle78+8iukMufJdv/KNkWDll2cMvS4s1eZdGBPR/sPG75EY1jpx1pJhY+cPyBMcHNdFle1drVvCA2moEz/X6hxqHGTh+zTb+Zo1/vS/7vluQfdv/9457V7gSoZ96OP8MhX21f8fnWpeGQ2Vt+/3jToo83/TZr468wDp9c9tkDi2d9unnxkaZqMY7eqZxIjFnbSMqqSNc7ilO0Olm3dUm4Gr9bu27pjp3bS49sKC6e+9fq69/9YI2KkpNGkImjiKbLTnrblRCto43nZm9ecttPM3/c83dpY3WjxWgT+GgZE+56BVFeYp5Saxsuki7jFvy4ffb7aAOsH6YN7ubJ9FgCL4j1LRY4+lXHnlpnxoTivCg/bD7tiOVEQbA7sILo4sgLAifw4RCbwFl5WzjEwttgxcbEWY02C4zDypb6fbVlX25bfvtPb7+95odmaxdPBXCIUeky8mK0DT6ZbePIwSOkxeSUOcOgL0pv3dLpmgDjWBSBOe1fjoIgiAwdMGqofT4O3kjHZdS1iNNZuE/BwiNNNY/8/vGcbUthpAqiEO4ao6sf6PKo9aQK6ziBuLghfGtN4NbJGAJCXH10cvsYaEvhRbGuxQxjoe3U69HGkwONXWblHUUEojhsmVLNjRC7Un9HhrgJ8KIAg3PBnjW3Lnhrbdke+IKP9aYlBmPCsG9oIkcqu/cWpfTS8WPh2D3JMWb8xHGGZJ9e+OZYKnxhGIj7a8te+vPLrRUH25g9fHVJQbMosjW2oaWWM3ni2sHfXBW4mXANHHMlnZXAhN0xihPEOiN4moJjpLtwjZk0WNwlEpuoP2ie3sD1EUnrzN9txjhJqDI2vLJy3s9714IHGtNNgtES0/b7ZLylxSJu30/Mrn+BZ3zfPkMK8j0oUqmUl197mYcMEU4C/i9vqn1n3YK9NWWi3QmOcP1RqK6WG1BsPt8m6tzVDYwpAC7ukj3Gw7QBxGUWdTc2s/EC7J7zPlRWafTEmFCdWcgoNp3XwucS4o6xSTx9GiwtsH66+MBGC29/TiRGmxb/jLmlmnl4CWMtd7vQpVYoHjp3epLG7WM84yeOHzZyqHQ62MbbPtiwcFd1aTtdSsey8FjSwB13wHyxVWx/2bPLSsqNpNp5xcVlRheRsI7p7jKAvfLuBSw2vsViE0Sxe5JjzKEm0uSNGVqE/H2mSyyCp6Y56oz1MJDm3K3LtlYUx25D3A2V2G1RF8tXlrGX/6L5/EjyMktml4SuJwPych+cPk2vdjHj6zew7x3336ZyldRVR+TOlhzYtK5sjxDvC5dtgDbzeXtMV1mE1LZTd0fw+fbVu0v0Eg9Tb3c+ZtteuVN5YEqTlTNaOA/rIbxIihvsjxI5le12Spv5op3G6znR7Rd2tyKxHVFnbnpn7QKTzf2ChbTbF8+MCXR5/SLNwUa2SZQ9ZxxUIyjc9QWsY549avjbTz98/NjjZcfemMkwDLiWz7z6dO++vSGDu7IRjrdw1o82/WaL3w1xRzzNQvoe49Ve6RKKgMO3ycUyNaR4F5gSg7jM5+5GMiDNZovNaOVdloLIRis52Oh0XwZEuxQgzR67Wq6HrS2XyfEXCTuWn21ZEqPtik/GBI9jXQV713J1aXN7A3cJSe+Z+1jE9tPuvcXotMOmn/nBF+/+vHLBB3PffeWdlz/59qMPvnwPfMzumaMYs3Df+kaLMUoGRLJaahFS9psuMgqdP8rkoXqgsNXlBDw7D3ncJclZt3vlShYUuytHms1Wk41zmVxnJocaXaa4jmzgj9trupQT1a6T4y72h92rYS8oFpvllkFisTFtNsMYP9TIPLJStbO2c93eKMo+tfRcZsviXK6yU0IG9SYqBfiSWdmZo8ePPmPK6UNHDFEo3LqlbXVF+GjluYX71kW40qhUZxN0h8xT67n+xGV/ERefCiOBzRYXCd6ioPNBXOaSu0tozQ0jrdFotdg4CLRGdB6qjATs6Tz3FhIJW8sNK7WcniCkyQn80uLN3lCRYnocMqaJI8+sUa4ud75r77Cgfdo4eBdn6D6+SYqB5Hla6JRI1x1tqonRb2a/AORFeYnlrGrbSOAR3wsaObI/oKVMliEgLitSOg8i51wwlhpMNquty/TcJpC99aTJ9a0Zzho6znlRVW49scI6VhCl9T3dYWFoAysObQUPILQ6I6AtDhnzw22KH/bLeRjL3fDbyqfc0Tz6EK91SrHndXcTs1PWqJ4W11fYBM6zCSqZfEzBceMK+7TJ2MLjhucWDcstDIcMysobmBli6Z+Rd8Q6pcI6XiByzy11SjXayLqKQG62gp0fd5eB0ocfNRNEsclstXKdpGnmyN/lgVjCibpSy5mNwogsXVKWvlMydYZUtTYckqLW6hQqnUIZWtEqlE690/201tQUi1//7oZK9wbGRsyeOubZNUoz73o2JRC6gU+d1njyOluXvVda1yQ2tL6WS9qtLGmo5AXBs406peqWsZNuHXdam9w27vS7J5x9z4TJ4ZD7T556/ynnhFJOPseQfEWp5RSB+O1ngWe3q85vzw7ABMZ052P6+DXKCUCaNhvf3jUwy9nt9mY2qNCT2ET9HuOF5wy96tmzLuqQ5866+MUpl4ZDXppy6atTL3916ozQyrNnXeSpka1pNp6ragloUtBaPFqHuGJMTiB3L1c32zw1SiC0WNBPaTrlTVO/ZlEGp3boRVEoq7YHpP2/ztQkinaH2IOZDKEquULtIBqFMkwCroTO7qGAkxIC0cpVCw9mvLMpTxD98y470DjSTErtP23XEeFTgFK3a6Uu7y5yqRTostFkbXuGsriBlLe4zOVTpFVQ37aoz5HmlCSVJrlN1BpwBsMkqRpdyAVM9dpUThTAzfSaTWoZGKkZFLA9QCS/HpKtP/bORM96jKL8ceOwSQ2nv27qt4VLLuZ1y0tZIFzPpaKeauU5MZDZXtQN924AL5LlhzXPr84wcYGPSdhv2VPn+DI/7/USQuQMcedLuosnrj42XmgA0hTFhYdcJfsTZ+aYGxbmHKhzeKzdn+KxkVcU+Ri8SY6JDXB9sLLWTGduUrZw1Ie89iw8oTv4pCeMw05uOOPUhtP+WTagtNnXsvbyYftvtVr379vf0hyElxI228Kn+EiT/I11aeXN3rZaPFpg5MjmKtLCeczkKhEm5i77XuHx7qLumiwcX2+0rj7aPcXvmMON8udWpTeY4+cK9RsCSRaIn/74s4zdVcfzbcbKAAAQAElEQVR6m7O66AQbYapFVYON2VbNukiOeNTG9ZvuvuO+3buc3wwfcUMiV6FNoH8c1mypUsJEIchaN1cH8rikkiUwN+9etdyHnR+nUtuqxbLg3nDcppAX6dpy9d9HE+UOzbZWS/8YJ4zZaKW/FMvBzQwYcSNH11QE5eAEXLVjQUEQnnrsWbPZnJef5xgf3+FmK/NLsdYUxHy8A5+SJnK4iQh+Uq+7nR9g0g7NPgYWH5a5qdxHBZ3Zas2ylaUak8/Tps6SGAobAnHCmAcbmdXlrO/XiZo6v7bBypMdNYzZ/wldaLvm23nfbd2y9bZ/3pKZFQP3h4aq7S02uq/O781xl7VDPy48SCy8y0S3kbDD4/JKYN2WcJ1g5slvh/0t5FoVxMJ43l2raLCETCHoRAkSAZfjJEidkS7Oi2RLNVPc4MfAoq72TypNTIUxmoA0NjY+cM/DQ4cNOWf6FEpdLqxFGtvI1Aez8vrQ8cJfZcTo7aVBTu2y7/C4wlvj56b9xio2tC5hnSXECp0ajqf+IhBNgvDXVnf5m610cYkMeNNdhu7xGsbFo9k1Jnq0xdV10718GGJ4nn9n5rvNTU1PPfeEXO7nlepoT9Ra4GiEf2EwmYH//hVym7vGTJaXuk11maCSEZf1+2UVjMCfD4VsSt5hp0vDOlJdBjAyfAjEBWPa6MZKmV8Y8a5eyVFvoYcaowbI7p27P5716eVXXjZq9Ei/2uKUmWUi1wSrlTt6pOZoaY2xxRzM4h1ssCQr/ZxIOzW76+n3+8EckK6x7s/se+WumEntDwFShtcorO4rCSQlTcWrZUIgJbFMeBCI3NUVHvvtWiuN9PCxdxTZz334z7v6qYBmGz3UxICn4IOCEGdpaWl597/vK5WKfz98H6Wurl2fK5QxvjpGVqtt8/p9H/7fgg9m/rjh793d742vr22a/+Uf/3vt++/mLq+panAy4fDBypkvzYPiH/73p3ffmF+854gAC29OmXw7VcvFHkl+TqTda1aw4rj8OhnrvFTtvgSBHR6XoMuor7QLxXMNzc9OrDizRyh2yo/Z2ivZmqRExjwGhwT+xjxjwojeUMnCer9fYGqouXt+4ErwMY02GPzdE8Mbs37tht8WLr7l9puzc7LDW9Mx7cBufyze/NyDn3z5ye9fffr784989uO8lccS7X/NJsuT9334/ls/fjNn2QczFzx+zyxjcydoQKD/eerzvv3zr7ntnGtundx3YOHbr3zbWB8gWWjlwqisTuX26gP9z1LxsgEN/xpVq1XW+q5DzhCX31MKn9fG5TJOp7IAwb1yasUphS2+V+0hp0Yu9Eu1Kv3xcz1oC0tS4ill4qDJm6r9boXVzXN4sOfu9ZcGQo5YXW3dZx/PzsnNPveC6ZRGiK85G/feWz9UVzXYbBxn42urGz/678811Q0drftx3l9bNx6A6TbPCyajZde2Q1/PXtqRumLxpj7986dcMD6vID2vIOPs6WN69cld9NPajgx+BZSsOCjdEpLp51k9m+8dXQN+mZw1yRhfWRiY0SXuwKQ+NkSnMivldjc5Q8O/ckoFNMfHgh6ypSj5vqlWl4Z5KIVJYUXAb64JqzUBKBdFctCfXfK2KqxEISNcW9jxWG5kmiI7RAVB2Lxx87Ily2+94+bMrAxHY8Iabm4yVZV3eQ+C1WKrKOt8gQRM2B3n6RDeunF/h0kH9paNGtOPPXYfIwRGje1/cH95RwZ/Azk6W5bGRY/4rgeYZWCa5Z7RtcBZUIpSUaOsocSnKa2CIVAcSjkJzNadYlyeKmRcisbIHJvC5+q5pydUBtkcqAgaUmiwszCEUSSCACMRO4IxI6ANbpGlLrYaasw0wozZ0ND4nxdfHT5y2EknT2BZnyeBweDVWlalVuoNXX5bRiZn9UmdMQVFzjeEgi/ZWtR+SMtIOnSgkx+B9w8frIBIe1pA/7O0fKEhKMZMUvJ3jqoF0uyoXyEzalVVgmhttgiNJk/Cu1qBhQl+s0X0Kiq5NTelXqPs3PMB8h2ZZb5uaJ1G7hNfdxjsGKBE1AuNXG2FfW8NttciK1UV9bAsA1+TjiZFNSyVyuOBMatMAbSCcqILeoLt8jrLMVfBXR8JAmkxkspacrSa1DUSi9XVzZ3uCjvH//LTwn1791913ZVZ2VnOaeE8V6rkZ583VqVqv2+clTGTzh6Vk5fWUeeU88fmO5BmTn7aeZee1JF68unD/165Y/3qXS3NZpi5g0O6+o/tJ58xoiODv4EUFQ+LgL5uWnXTDiR1ds/mM3o0O65qgJupUjSabOWfr218f2WLB1m+x2zjYUm8i17Q+dUGm13W275yI19vsOYk1+pV5i4lCVHJxIv7N8HibMAtkhFePLDxi1kLP3svCvLh2z99PmvR4eIKJE2nng2Aa5w0RPnUJhCguQCMYFzN1ziBFDcwbe85FK0NQlMxER1cUStHymvIhp3kr81k9Rby91Z7AI5HK0lbGT/tqK2t+8/zrxx/wvGnnHoypXCF+lk+iOwsy1x+3ek33X3uuImDT5gw8LZ7z7/21ikyh18CK+iR9eAzV0y/6ESYfZ9zwbgHn76i53G5HRUW9cq+7Lozvv/qj5cen/3SY3O+m7vivEsnFvUKnPRhKXNAmkUT6J006Rru7tE1mm7v+gFPrdnKbz3CrS+xeZCSGhdepiiI28oEuxwVtrmRrWWijHXtGmdpuTtH1egVDuOnAz4fAhoFuX5awWXXnhENOf2Cyybqk7TvvPZ9c5Mftxz40KyYzxLzjFljot2cA596BRwQl/n21jFWY7V1/6emv26w7nlHtDXaXx9W30S27iWLV5NVm8mBUlLTQIxmYraQphZytMpOnXtL/H6YmZC3XptZVVX9wCP36w16l8aENTIpWWenwmeuePi5K6ddNMGQrHWqbsCQopvvPu/Rl66+9d4LBo/o5ZjKsMzocf3veujiG++cdsOdU+988KJxJw12JFzHzD6GB6ZbYGbtY2anbPePrilwM6lXsOKx5VanQp2nQKydJ8dCvnyDqeWiu1+2gOIn5JjP6tl8TJ9/f4ExT+itLOiRGQ3J6jOgYPpFE7JyUpYu3OCf3a25rZzrb5HWRKkfPNsX84xZaYSR6bmNLlJFArNy18/V7D20rWnZZbZdM8XmA2L9XnHXZrJoFfltFdmxnzQ22+fgTmteIiEWG9m8myxeRRr8uDz27dn3zv+9e+mMS4YMHezCxIhEyeUyfZLGkKR1SXaUUrVGCcSq0Soh7GQRwzCwcFnQIwskPTMJlkGdMvh7WmiwJasCWfjrl2KZMajB3TjITuI1Ci9qXZZlfFhtGVlopS4LtzYeyPr+0TUyRmw98+/QO8maqg7QP/WvJje5Yd1m9IkDd20P5GWfNmm/+LK52bh9277du4otsKTmpvnuomOeMWGvxl3bPMSDT6GmrqcbFWaVDVYqRfs1JhirhN0bSG0jscd40EfsfihkA24F6gT304lVuxW1WCxPPf6sVqt98JH7KXV/zXUrGMcRGWq+QGfzd+EP+OjeE2o8lDKoxH+MNIEz6AE6GA/dU732ik4pXD3OxeO2jqryDdw1gzvvQHBM8hwO1U2dnmvxnApLN7Cn5zlPDKXCmuzRsqqnn3jn2iseefutua+89NFVlz008405dXDl+tyMmGfM2kBfucoT122v5tO4jk0hahaYauJqxdM1whxPdh0kK9aT0nICYdeZgF3FP1es/HvVmgcf/Xd6RrqbXAkXDV8cEwqMcj89soFplvF5rr/8OhCc1N9y7jBTisb+LdgR6TXgYQeQZUi2gb/9lOaiNO9u4O0j6gN4BvSEHC+N8mo/ZnBCYP++w48+9FaPnnnvfvjkf9977L0Pn3rz7YesVg44tAL2J5xyuzl1zRpuMnuJjkpyYNs+YCovyuDYXWqFFKvYvoNMiCgw5SK1dM/mOqYwm+g1pLGFrN1Oqtx6FtVV1e//b1ZBYcGlMy52rSdRY0dmmWEm63vr5Yx46YAGg7dJt4Il4AzefXrz1CGmUUXWIXm24Xl0ZJ6sQ/pnsIpul4JeSToydASG5HGje1jPH2564Oymk/taGa+OKCEZWm5KLz+Wa6D5GrkwIK3zdiWIQQkSgaamlnf/+9W550+68uppqalJoI1Smp2Tftc9V/Qf2GvOZz9arT7d+tptmICmmJIGqw9j1lWLFNT1iLSIynI+s6OEyFSKxPnekY5U58CI/uTE4WT0IJKfRXRq59TWc57nly/9Y8umrQ88cp9Op2uNw0M7Ar2TrSp/tsuLDLaxuSa5D78tIWPJ2F7Wmyca7z+z+cGzm56eLHtxiq5D7pqg1iqcB1KvVLYjQ1vghSlaKHvfGc3XjDcOzuXkLu5Pa2+I4x9g1SsHead1xyIjMk06b18Djvkx7BWBfXtLKENPO2MsEKVjZlbGnnfBpCNHqo7CFq5jgptwzDNmi09fDC5ab3PjY0LWg7YiOLaJyNQRNyuebRk6j2nJRK0iSXpSlEtGDSQ6TWeSQ6iiohIczONPGAXCMIxDiveg6MNehHctEs6hVwpD0n39fgKGOzHPCKTpY4Mgv0oupmmFTD0Il2NgOkXP2F+R2VWRWk46M7RmztaTTD2fqhWUMj82c6DeAoNteJYfs+xTCoxdbcGzYBGAKXn//j2VShf7vTqdJi09udy3X5P174oN1upQlXfQ0xSQjynCXjkBF8H1ItRBrrCjBtG+lFllzzusHynM6Yh3ERjapz0SnApwaShcKe0RHX/AwVy6aOmBffuvveHq1NTUjngfA0abVRR9zBuT2QCyUwp9JYsUFX9SgVHT7R5MX1oukC5dDz3Wvbt03S4uwdWTtb5UB+uYU3s1s9A8X3ITcmpRaN7l4VttCZGL43ilUkFcPQ0L3SJjWbg2iQ+fmGfM5oBeNSSIDEMEEJcQlXD5jvF8Vg05ZzwZ0JMAJ4IjCUUdkyEsl5H+PUlWGgQ9S21t3asvv3HG2WeMHnO855wJmzrG5x0Pu+OW6atD6oSnQGBu0vnlAwudcNk45QEadYoRuvKsU6qHU5YhQzPNBXrXC0FOBdNUfL9UMM8pGk+DQqCgMHvPnoPAm921mC3Wmur6jEyfPJiYZ0xzF1+hOxquY+BaEQgD4jK5nO/y7Iogloqy1gtKqyFjhpAeufbtHWBJliUqBYFVZGDSwb1dqnKMFEXx/95422Kx3HDLdbiC6YiMY3hAmgU8MscYl2EZIw7LMOfoOJepXiMF0mXfHLq3u4+p6bY1GDBjgj2FBtugdEvrMIIzTzIk08x42Kf3VBTT3CIAU3KgxW1b9zrlgKvyrz82KpSyPNh7cEpzdRrzjGkKyMcEKCgRQSDQXRwY054oGI8QvtWXgfFu0BLY3hk3jBw/iIwaQEYPJuOHkd6FRNbt8rIX7fxvs9lgt+eTWZ/94+Lzhwwd3JmAoa4IyFlyfLb3JT+YjJ/dq7m7G9hVmdsz4D7RIREWMaFvHSLswe6vehPEEkg2QAAAEABJREFUgL6f7cpIklIYlW32ZV9rfG5AT2W01oIHdwjASuWMq6Z+8O68P//YaDa33/3S3GRc8MPyn39accVV0zQalbuyjvExz5gtQfw2qTvGrOjYK6cso++t6HsTRxRGownm1BXlFSVHyvbXVm9rrN1YV7W65ODytesWL/r9h+9//HLu17Pe/fCt1//vpedefvLRp++764Fbb7j9uitvuPi8S6eeeS7ItVdc39DY0LNXD5k3enXsoQQMn+TDvodOzg/LaB/3AUAktj6h0FEQZs3dGVPFdqS3B4Bn20P+/wFyH5Nr8voYj4yKE/KN3R1e/yvEEs4IjD5hyPU3/eObr3+7/55X/ztz7puvzb7/nlf++nPjnXdf2adv52avc7Gu5zHPmFyX2VXXxrk/kxNOSS2C403snIVs/4l8dzeZe0P9R7dc/nTZBY8dOev+shNv2jzo5Cf79xo5+LihIweNHjN8/IQxp5w6/vSzJ50z9azzLph64aUXzLjikqtvvPqWf978rwfve/jpx559+flX3npt5gfvzvr8sy/mffXtLz/9uuz35Sv/+GvP7r2cjfvf2++XHTnq3jRMIacUwL6H6BmI0TnmlCAeIhS7zsqBHIHRnGqExU2nGCHQdcw2PX2SrekqL15qro7L1HjJ06YNj/4iIJOxx48e9NSzt990y4W5eZk9e+Xd+8A1jz55S7/+PZjumxNutMc8Y/r7exVtODSJeqMIA9PBizi4msw6nyx7g6yeJW74cskG08qt5k17mvfsryg7WlVRUVlZWVVdVV1dXVNbU1tbW1dfV99QDy5jY1NTU3Nzc0tLi9FoNJnM8LFYrFarDcgRdt8EXhDFzosfwjzHiV0dnDaTInwUBLG5ybRt04G/V+6Qmhzdti2FAdL0BElRy/Y1QVi+dvVO0eFJVrtP183J1HRbaNm985BnrDau3dvcaOLdvMhKb5+Ym2AF1kPDjkuxagLa/fegE5M6EKCUGgy6IUP7nnfBadPPO/W44wq1WjVEdmTwGoh5xjTy3Ua610a7zFC5hwg+f7dTShiWsApGrlJrNLCNY9BokrXaVJ0u3WDITErKSUnJTU0tSEsvysjomZnVOzu7T05O/7y8oYMGPPzEQ3n5eSSqH57jl/y87sHb3/l81m9LF26Qmvy5ZGMGX+kBIZaK1p2rgzF72aL1gtA5PVEyjtON9pq7v4B9y8a9niv99vNl99z41vwvV5hN1nYtXf9MKmrx8FATDOWRWWaNvNOwrqXxLPoIMNE3QSIWDDiT9D2NZPQlWf1JzmCSP4IUjSG9JpA+p5J+Z5JBU8nQ88nwi8jxM8iYa8j4m8hJd5BJ9+Vf8OCDjz345BMPvXDNta9dfe1b19343s23fXLHv2bfeffcu+796t77v73/wfkPPPTTQ48tfOSJxY8/veSrzy+48DxK4dKIZrN3bj309WdL73rk4mffuvnBZ66QnDxx6eUT9B4A6pVse/zhKcGYfc9jlzres84yLu7TU3fzMc+7bILnSp95/cYnX7l+/eo9q1Zsc2n/gDSrgumcczjlUcuEQelmD5TqlD/GTymlTMw1IfYsdoLYwoWIfZLyyYyPydWfk2u+tMvVc+3hq+aQK2eTKz8lV3xqT4UMl39ELptFLv4fueANMvW5ggsevuOft91yxWVXn3raxeMnnHfCmDOHDT9pwMAxffqO6tV7SGFRv9y8XlnZ+WlpWcnJ4ISq1T7txzm1McSnhPz649/TLjrxuH75DA0ReiE1EdaURueYPGwrTyxoCd5u0WHjW86Q7kh0n5WLXVc/XTY6tyD9kmsmrVi8yWZzcedTloYrNLi91zJTy8E6ZvBNc2mY1CIBcCXb7SEBqVnZzR6mW0yMRVh8nkl7aRjMspNyScEokjuUZA8kmf1IWi+SUkggUp9FNClEZSAKDYE+pg6gNTSR39eS1VuJL4/xAxOkJXsxIyLJ1VUNRb2yI1JVIJUAZaSpeOAOd4Un5vv6XJA7DRDvSH8MJRSiuoqrnR+f5ssZWSkWCyxkuxia4MyOz3NrPJBpptZFqa52xc0ZhU/MNcbh4o8526VgsI0nQJotJuKwvePWrj6FRKt2mxrBBDCWAZKIYI3+VqVTCMclu14KlFFxTK73Gza91iiQLrNjg8K5hNNTkiKg1rWIc4Fj50AElFDRTWYPDzX1TramqV14pscU49/oI4CMGZE+AHrKzyKDj4tIZdKpJHBL9ApheKaZulLQI9mmDcVustj1ViHoIqfaZM4XRxeGdcrs++nQTNdP/sCXBKxywvqA76owZ+QRcB4UkbcgpmtkqMgSjxcSXPQqhf2hoOMHEnm3rYSYbnw4jYfdj76pVq2rXeM+yVYKDlzQtTv5gHqvPqZ9HuGxr30zKUfLZWhcOJLJSn5gWuD35PtWOeYKFoGYZ0ybTytLwcLkrjxDRJgkuku1P3Wem2l/nnJoH6JSus2GCa4QgEW9LK0LZhnqxvd0pcNTnNh1G6ebR0m6vWM4BHQJBlFKXL7RLkXJF7jfFIKCKFJAIOYZ0xSqvfLAeoNliU5DDDqSrCdpSSQ9mWSmkux0UpRDhvYl44aRtrcLR9C7ZBw3pgJrlDRKAV3m611sKw8DxgTPvauRAZyJXScHWpmzDo28S0xo+LJV5eBuz3fCmkBhkg32u1rT8SBdBGKeMe3L8VGEF4jy1NHklOPJxFFkwkgyYQQZP5yMG0pGDST9e9jf/xZx11LGsFHEI4RVp6r4HknOP5QG8/QCfYi+JLsOne4+przrxeHEsMG0dFC68+xbwYjjck2wkx6MWiwbAQS6DooIVBiDVcgY0SAXszRCkV4YkMqPyuTH5XBnFdmm9rSeXCTat781KgKiVtqn3rBqqVQQhZww0cE2FO6XJDoJKAxmr0CRjtakqzkP92k65vQaFrrOyrvvlXeLCZmXObg7Y7LiyKzW92N5tRszRBWB6FzVUW2yr5X3SRaKr21suLWh/tbGspsa91/btP2qprWXNS+/qHnRBS3fTDV+McX07+OdnQVftWM+HxAYlGGBTXPHjOlqXsmGjLkcNcPyouMphGGmDEdnCcV5uobXybsswMPXwHEp1lDoRh3hRQAZ0y2+nECsAknMiVJzk2nntkM7thyMrrQc3MfaWhx7SGmpPbDLV8P27zlitbhYCT2msAtnJSmORR/76+RjhnBWDlyc2XW7fEiG2em74ZgV+FdaCCBjuu0PkZAobyu5NS3sCY31LYt/Wrso2rJ2yeo0rpJx2KJh6478+ds6Hw1bsWSzxT1jQv864ijrupzBUtLd63TMH0yYpWKevsttAKfhD/sEA2gEyyJjugU7Qy1ka7u4IW6zxl1CZk7KNbdOue62c6Ir1992ziOTZR3OV67OdvPk9BtuPdNHqy6+8lStztcH+Z12xp22fULbw3JWvGRAQ0e79Naas3t2caVbq8ODFBGIecbUyp18hZChbOSokg2ZtthSJJOxeoNGnxR9GVPAzZl25NL+DZcPaHj7jPIJPfgkn63S6tSMz/tvThQJ+040bH0GDuzkns1vnnb0wn6NFxeWDvn7hWxdF5czbDWj4mARiHnGhJEdLAZuylt42uD6eTY3BTA6DAjIGXFUtvn10ypenVQxNtcUpm0fMFzXdR1TwXSflYdywqGRi5N7tcw8vfzhUaVac2X42BmaFnlpfQY/8tVGokYmEpXEZh1WniBjxmbXBWK18zomQ+KMxTyAEvIkoy1u9/2ZkIMVNwptAqlHHzNuutNbQ4oMZHh6F+n+tjdvOjA9/hFAxnTbx1aeVrt+e47bIpgQuwicmEO+mtIp751G9PLYbQ1aHi4EkDHdImsVSFkzzszc4hNnCclK0ie5U3oYSLclchwMQfd57CtgYr0JekW49sqtPClriXl8Yr1/pWQ/MqaUeiNKtsQ8I4TvNmNepOWSY8xwfT1EafhhtYRSKvJC17eCSAUWnhcojXmKCC2aCEdXPEWBsbbIm6uK5HX/Pt5881CLpIaymbOF8Fm9ri3Hs+ggkJymB8Lct7tUanfkWCy29at39RtYEB1cgq01XOVjnjEVoWgBYzPJG49qjm5J3v1b1ur38n99/CHdoodHWwanwXdsuKAPQK8ghvKWQA8GmE3WssPVRw5XRUDKDldDdR6MCVMSJdQvzf7l9lm1QiG75pbJ774xf+1fuw7uLy8prpCC7NtV+tM3f0HXnHr2KJ+bkhAZQ8E3UQXq6gHWoem8yt/32YgCa6pT1ezXH/gjff3snD/ezFv6Ut7vL2Wv/L/k3b+qaoszU3VRbVaUK6+pbvj8w0VzPvgtEvLhb9WV9dFosL8c6G9+X9s0afKoKeeNXb5o45efLP7iY0nIvDnLoFNuvvtcQ5LG12YkRr6YZ8wrB1jnTjZ+N63l3qFNBS17FbUHZcZaxmYmQuuvmAo8tZlZU728oUxVuUdbsjZl2/fZf84sWvDvop8fyl/0dM7KmembvjDsX6au3CUz1lCh/WG19PSUxBgArluZlpE044Yzr7jxrEjI9WemZ0XhR4mpnz6ma6RCESuTsaecOeLGf02/5tYpV98yWQpy/R1Toet79M6BZdZQNDF+dHRnzBhrm4IlRQZhQi5/+8CGkVvf7vnDPb2+vvG4uVf0nX1p308vgmOfuVf2/uqGXt/fUfTzA/lLns1aMyt510JN+TZl7UF5UwVrbuxgSceWp6VH4Rp2NCC6YZVKkZOXlpufHgHJyU+H6iLfXn+5gJIwXiwMwySn6LJyUiUiGVnJGq3KX4hIAnzCOAgiiR6lRKNkFZRnbEbW2sJamllLU6dYmxmrkbGZGM5CeRvsTXq1LSMjoX1Mr/jERQYaF63ARkQUgThhTMAMSDNUV4BKpdRo1aATJY4RYPz0GalkZvFx3CnSb1o0GVOy6CSn6CVrGxoWKgSQAUOFZELpQcZ00d2pKUkuYjEqvhCgfvuYDJIsSfgPMqaLIZCSZnARi1HxhoB/g59SGm8ARLU98P2jlnV9KWlU7fGxcv8GjY9KJZfNT4OSk3FW7idkMZjd33VMaCL10y0l+PGEAIWPp3RJpiFjuuiW9IxUF7EYFV8IUP/pj0Z980cUCcdRyQvDcwpR9CKCANkIZwuxCK03YpNwfZAxXSCbmRnntxYxFC668A4sF7BKLCp8PqYgCKIohpxeqdGo2LVLs2yZZtEiiUven6uurWz2LDPK6/NWLZct+j6UsmQ+u+EvWlNJhHA9Txw/jMkwLPX5Z7A8X7xB+JieFUsltbBn1raNB6RiTXTsAEKj/tbMENaXIgf2lOkNGrlC5ktmX/PwvPaXX/RffqlZulT9558Sl+x16y+tNXqWC6oa8zetZf/8NZSyYqFs/mzZNx/RyjJfgfUzX/wwJssyDOP3NeASroyMOPcxJ58/btmijSuXbjG2mF0iEPeRNKD5NaVeGNNisW1Ys/ubz5dNuWCcTOYls18gy0pLlZs3U5vNr1KJmFngmdIDzNNT64IAABAASURBVPb19sl+GNofP4wZKnBgNTruGbOwR+a9j1+24Ju/bp3xylXTn0lAue/Gtzmb3+sSX8xa4hmrGy56cfb7v824/sxBQ3uGakC26ZEdOUJ5vw1uK5twR56n1ZUkPL/OhozpPJw0WrVMHkrvwLmCEJ27U6OUyQl1l9geD98KAwYXPT/z5ve/fODt2fckoDz7+k0B9PJFMyZ5xur9rx549b07jh/XPwDl7X3j7g+PdOkOGlfxokDEsLx+GxnTGW6dTgPTe+fYeDwH3lQo5XqDNgFFp9cG0KUqlcozViqVAlANQDMWiRUEkDGde0qn17AMwuIMS5ydUxLImjfjbR2T4CfeEUBqcO5hPfiYLMLiAEs8BikJpIuZgEoR/MQRAoGMmzhqvoum6PWJMit30fiEiWJ8u0/ICQ8aUCmCnzhCIJ4Y09t+h2/dlp6RwqKP6RtWsZuLtXOf3wMmMJ6NXZTQ8u4IMN2jYjRGoZDJWDZ441PTkhhcxwwex0A0RK4MJYHcXs7YeTZyRmJNEkQgEowpiiLPh+uhpZBjmpaWHNOM6bfjFHIEY0EhG9AeTuvOj4QB1qeQtKxYFV1s/E5MeBmT4/iSQ0eXLFr97deLFi9afbikXAjPTVIhvEjT0lMYNrywhNDaOFZFCbj6LEvkMqKQE6WcgqjkVAVhiIF4hshooFsxDAnExyQE6mPhGIBQe3NkrHNzlA7NYanXO2mJpw/tP5IZfXqMCu092FPbJJMWRmoAv3LTxp3v/N8XO3cc4Dhu65Y9M9+cs3H9DnA5JdN8Z0NkMpl954dS5wQ8jwgCDJHJiVpNDXqabmAyk5jsJCYnmclpPeZCAKQ13BaZZWCy9DRDQ5MVRMMSOfGVcSgD1EcC+TA+T8wpAT9WriAaMA+MTGKgOVlgfzKTm8RAW0CgFRCGIwi0NLu1OelqmqQgasZ/ThfXLhEWzolRETf/SWLhw4TPyMbG5k8/+mHK1InX3/SPS2dMufnWi8+/4LS5c34uK6sKX6VBalarFUqlIkglWNxfBFgiV1MDUEkqk5fM5hiYTC2TAjFKqlVQlYwqZVQBedoEwjKqlFOVkmrVVA859Ux6MpudwuSBaGiKjCiJR+pk7HRJSUAfhrJey8mIQktToDlgDxgG5oGRKmpQUi2YLaMKGZWzpF1aT6E5akiFJkNOA5ORxObYoWBy1TQJcnqtETNEDIEwMuaG9TtSUgzjJwzXaOw/4wnHYSP6FxTmbNm0O2LN87citVqlgCmgv8Uwf0AIUMIoqT6FyU9jiwxMlorqZFTJkra5NiU+f2jrhFdGFUqqAXpKYwvSmUINTWbc+IOUMNQjpRL3H5a4nc4zRKahyWlMURpbqGPSlVQLJkEkJX5dZRTyQy0yqgRADExmGlsEECko/lQfkcLHr770z+DSwxV9+/VgWbajGJBRYWF2dXVdR4zUAmqNUqGEyZ3U7IozeyhDZFqams70SGFylFTDEIYGSmGk6wf0UMIA3QDXpLM9DDSTJQqIJA4fShgCvEQC+bDdGJMScDvlUFG6nfcz5VRJiUNzSFAfUA7gKKkG2DMoRVg4RAgwIdLjQk1OTjps9cAKZkeazcYdLatOTpbur+iAj6lEH7Ojw0IdgOufJXI9cCVbCM4gS2WhrqGLPoawGiY5jS000CwZsRNZWzITBKMxDjZTwsiIwsBkQRUaxq1LS/ATRwiEkTFHjBxQWlqxacMuIEpATBDErZt3799/eOiwvnAaDpHJg70CdTqNXCFRH1MQBSlvmnntUOBKDU1OZfO1TBrTzVMjYfswhFEzBqhXR9NkREkIZcApJAF+oBWtJYE4laAwlSlQUwPjZvrfmjOCB4WKqLW+igzX6wPpmjAyZkpq0qUzJsNWz//e/uq7b5a89frsz+f8DJs/+QVZgVjqQxlwDymlPmR0m0Vv0CqCpl232oNL4AUBKDM4HdEpTQmjorokJhtW91gSnS8kIDUtA7sx2cDaMgL+JiUBfVgip4TR0KRkJlvLJAdDviTEH0KHjmNOmuaj0N6DCBPGyz/UjZOKvjBCJpOxY8YOvfOeK4qKsmuq63r1zr/v39eOHT/UcWVTKjAcs0Ov18rl0bmkj5kQb38ZwuhpuoHJUlA1JTS6zZNRpZ5J0zDJlDAkoA9L5clMLiwpgCoS7eaQrh9x1wZhzWIfRTy0J0xvkOxqVLydBThufIRBLpcVFeVOPfeUa64/f+r0k8G7lMlkPpaNSjaDQSdXSNrCqMAScKUskacyhRomiZHIvJUAyTHBGEMJVVINDZRwSVg/zQ2kvtpXMbcgYwbQG+FlzDaDGIYBfxOObadSPur1GmB5KVsYK7bZmYXo0plCGYX1MhorZqOdviCQyHkiwZixgq9cIdfpNZTi5R1sj1HCqGlyEptFg9hjIfhBBKSHQFwxZpDPrCsUMtgrl14fxZhFlDBamqJjUoOZ/BL8IAKSRCB+GLOpqaWhoSmY+2/kMplKrZRkN8WMUZRQHU3VMClIlzHTZ1I2VHq2xQ9jbt64+/Dh8mAQhhVMjUYVjAYsq7XTZTJD4mdcYZ8iAo4IxMnIbm42/rpwZW1Ng2Pb/A0jY/qLmFN+NU3SMWkU6ZLgJ24RiAfGhJn47p3F69ZuD7KXlEqFRovvOwgQRQXR6JmMAAtjMa8IKHC9yCtGDhlYllC/yM2hrMdgWJR6rDH0iUajGRzM6qpgX/ABG+UGvS709iWARhlRGphMBr3LsPU17TGAqDRhUx9fiuUKMaeAhOc7Jh4Y80hpxfJl64Lv8+RkQ1IyMqbfQDJEpmPSZBSflSLh+9CsAjpxOklKC5PrFD7LI6xZVGn4QaOEQaMIuJlhqDvmGROm5F998WuQK5gALMuyWdlpMDGHMIrvCMDmuJrqlBTcH+p7KczpNwKUshOmslfez17zIHvNQy6F5hR5UkupacKExquuioBsmzbloYJkz/J0z6z9515mu+rO0Ap3xR3c5IvE5DRPUASRFjxjBlF5KIqWl9f89utfwWuSydnsnPTg9cSuBphTK4hGQ5MNNDOZyU1l8kGSmVwDk6WhKZBECUu6fVgi19BUivNxEv6PQknze9N+I2j/kS6FaAxujWAY46RJxtNPt/br1yFcv4Gk3whZ/7GqASdpBpyqG3AaCASU/U+S9R8DSZDB6pDf93BNj6LVOqVnWZekqe/RW+g3NMTSsy/RGQilbqEILiHmGXPWe/NMRnNwINhLy2RsVla4vpfsFUj1P0NYDU1OYwoy2N6pbL6BydQwySqqU1ANCAQ0NMnAZEBSFts7jWl7t3nHo/dUx6SztONUqo1McLtkctuZ55kmniLK7Ssnx3q8MJNt63H7DyVBR0N3g0BAyyTDMIAez2B6pbb2OHX1ZUkS8hPbjHmwuGzBD8tD0nEymSwjMzUkqqKrhGV86lNKGNiuSaJZ6WwPuDzkvr1YSE5VkDmdLUqi2VBcSbQgBD9SRkCjY868VDX+fIXcICOKJCb7WI+rvFpNKVW09ngG2wOGitz+ljzGa6n4zhBL7XfqCY7j53y2gOcFp/jATsHHTEqKh20fGcN6QwB8QqWOpoEToQ7orUIMYdWt7+hNYjPhovJWHaZHDwGtgTntImbcWVRh/6oDh1FNDdB9/hoERdRMUgqbD8NGRpT+Fo+n/DHMmPv3H/5zxfpQdQb4mEnJ+lBpk6weShg1NSQzOVom2AcZ4SpiiIzgR7IIgHd5ztXMmDOI3M5xLJExNKjrHXochk0yk62mSTRRV66DQpBE72Ozcd/NW1xf3xQqE8DHNBi0odImTT0MkelpOoiMKgh+4hsBfQpz6V3M8BOJTB7ahsqoUs/YRxGTkN+XscqY+/eVrFuzDSbmJESf1FRD561FIdIpKTXgIBiYDJhbMZSVlGFoTOgRSE5nZtzL9BlCvC/RBFI5Q1gYSHomg0k80oxJxgQHc9nva0tLK0noPvkF2aFTJjlNlNAkJltF9RCQnHFoUAgRoJSk5TCX/Isp6ktoGK9uGEhqqofvYGDPEJovfVVhxDR8jT9cUr709zU8z4ewirz8zBBqk5QqShg9k6mkcb7mQPBDKcksYC66jenZP3w3JDrCDN/BeiYd2NMxMr7DsceYNpvtr5UbSw4dDW3H5OVlhVahb9rCngtGs4Yma2hS2GvCCqKOQF5P9sJbmR79I2mImibBACOEksT4xB5j1tc3f//tkhCuYLZ1dEZmSlsgzo4KqtHS+GxanPVU8M1hJk6nBccFr8dfDTomTUHUjqWsIZ3/OWqOepiJugX+GvDbwpWHD1f4W8pr/oyMeLh93amZLJEBXTKUdYrH07hEgGoNUWkXJbDsk8E47ALZBI7E6SfGGBNcyzmfLhBCdNe6Y5+mZyQ7nsZHWEl1cqpqawseEYHwISCjCjWNDl+Hr1EuNccYY379xa9VQb8HszsQarXSYIiHB36gaZTAkhJ0KziWchjENFHvNCb4iSAClFAV1bFETgilrULi9AOXVsy0rL6u6ZOPvg+HuQWF8XNrkZJRGWiGliarqR6++cMBF+pEBLojAIMNtoBg4OmZTA2N26XzmGFMkYg/L1hRV9fYvauCj8nPj5+NchmjbLu7WGe/7SMa/Rt8f6CGGESAEkbLpOiZDA1NUtAuG0Ekjj4xc0VVVtTO/+53QRDDAX5eLNy+Dt8ZIOFoPupEBBABHxGIDcYURXHJb6uOHq3ysVX+ZosJH5MXBEEMyxeGv3BhfkQgYRGIDcYEB/P339eYTJYw9VN+QQzMytHB7Nb7GIEIRBqBGGBMQRBWr9q8d/eh8GETE4wZvuajZkQAEfARgRhgzJqaht8WrjSG4qcpXIIiS9Tfq3CJBkYiAoiABwSkzpjgYG7ftm/b1n0e2hBkUmpaMhueH+oM0jAsLh0E0BJEoA0BqTOm2WSZO+fn8DmYgEJGRtzeOwatQ0EEEIEQIiB1xty6Ze/WzXtC2ODuqpAxu2OCMYgAIuASAakz5vvvzrPZwvtUf1Z2Qv9MucthgZFRQwArljYCkmbMv1dt2bxpd7gBxI3ycCOM+hGB7ghQQij8IzH2kS5jmkyWWe9/EwE48+P37esRQA+rQAQCQwDoUhaDO67SZcyN63ds374/sM7wvRTD0JzcTN/zY05EIF4QiH47GPQxQ9UJzc3GTz/+wWYN7womWKvRqjUafIMkIIGCCCAC3hFgvGeJRo6N63ce2F8qhv8x6qQkvUyGryiPRh9jnYhADCIgRcZsaTb9tGBFfX1YXuzm1EdJSTpkTCdM8BQRCC0C8aRNcowJfuW2bXu3bNodfv/S3o8pKQZWJrOH8D8igAggAt4QkBxjgoO56NdV1dX13ix3kU4pdRHrMSorOy3OfEy/IfCIDyYiAoiAIwLSYkxwMEtLK/78YwMEHK30JZyampSalkSpf4wRf4zJUGn1qS99h3kQgdAgEH4t0rq6OI7/cu4vtTUN/jacYejEU0b16JHrb8Gs7HQZzsr9RQ0q/F5bAAAQAElEQVTzIwKJioC0GLO2pv73xX8H4GDm5GScM/VkrU7jVz8qlPLkJD2wrV+lMDMigAgkLAKMdFoORPn+u98E8JoiWIg8ccKIwUP7+DchJ0SrVWu08XYzZmVL3e/F65cUr3MtB9cvO7RpeXhkW+X+7VUHwiEHG8pKmyrCIRUtNfXmpgZzsweBDLWmBn+lDtRaWhrDI01WY5ik2WoKXsxcuH4uIep8dYwxo24IIU2NLX+uWB+AIdnZ6Rddehbwpr9ltVqNJu5uX99WVfz0H588ueJj17L8o8eWffBoeOTWX16/5efXwiFXfv/8Zd8+Ew65cN4T0758aOqXD3oQyHDuV4/4K9NB7RcPnBMGOferhy/65vGLwyCXfPPEVfOfDV7eWPO1vxdjrOSXEGPK5LLb/nnZ8aMHgevnO3yU0vMvPL3I/xVMqEKnU8cfY0K7UOIbAU7gW6zm5jBIk9VUZWwIXhotxnjtAgkxJpDXtHNPeerZ2+/99zVDBvaS+/YoDuz2TD/vVOBN6CHBz9/mTUrSqVRKKIiCCCACiIAvCESeMT1ZBcSXmZU2+fQxL14++d+nj8lN1nnKTQjkv/OeK5KT9aT1YzZbYDG0NejTISlZj4zpE1KYCRFABFoRkBZj2k0SRbaqLsNonjbkuC+uO/eOk0clqd26gePGDYU9H3up1v9+0SWUSE42qNQKCKAgAogAIuALAtJjzBYT2XmAcBxDqUomu2rM4M+vnT5j9KB0nZplulgLq5C33nkZuJm+tLN7HoZhUlL0crm8exLGIAKIACLgEoEuHOQyR0QjYSVy90FS1+UdHBk6zT9PGTXzojOmDOqVk53GMPabiFiWOWvyhMLCHA/meU5SqhQpqUme82AqIoAIIAKOCEiLMcWqOnKg1NG+tjBDae+MlIf+cdozz9x+3gWnZWen5+VnnXv+JLX7CXtbQQ9HpVKRiozpASBMQgQQgW4ISIgxRauNrN9J3P0OGsvKhvcfNnrQv+658pkX/nnP/Vf37JUX8JQccFApwcc0QAAFEUAEEAEfEZAQY5Id+4mHd2LmZdKcDGiVRqMaNrzfuPHDgtzmhlm5Xq8FhSEQVIEIIAKJgYBUGLNk+37brmK3mGvVtH9PomzfpQHXEvZt3Gb2LUGlVur0/j2H7pvicOXiBIEXhXBpR72IACLgAwLRZ0xRFPfvO3z3wzP/8d95s9dsr2wyWjleJKTeZP520+43l65bcaC0BbzLVO8z6OQUQ1Z2Wrukp2QZdFl6rQtJS4I8OdnpOl30GVMkotFmrjM3N1pN7qTJamqymZttZviqkMvkoRRWLreLTM6GXmSsLFzCsDKPQgkVAvqIggADMhghInFpG8uwYROGoeETGHThEvAAvAon8CBwmfjAZpHIEn3GrK9v+mjWd0dKK8sbm2cuX3frF79+vm7HtiOVT/+88uVFf89Zu/2xBX/+AO6nD699fPCRGz769Ll2ef2+j66d/tGVU1zIs7dDnkefvAUm+JHA2GMd4DnO37366T/mfrB96Ue7/nAnn+z645sD65KT0wfm9w2lFPQdkH/cgLw+4ZB+ub375vQKh/TJ7dU7p4cH0cnV9bXVAUlNU31dMALL8b2ze7iQrKKemQU9M0IvPTIK8tNy89NywiE5Kdm5KVnhkDR9yq6G8lXlez3IX0f3Lj605ffizWbO6vEyilxilBnTarUtWbR65Z8beZ6HRosiOVzX+N7KTQ/OX7720FH4uodIk9lSfLDMYvUOWVKSLiMzpV0M2nSNMl2ncSH5mZAHMsNXJ+iPrlBCGEIP1JSVNdXUW1pcSp2lpcbcXGtpgd0vjVIdWtGqtFp1WMSg0SdpDeGQZG1Sqi7FgyRrDWajMQAxGVuamxqDESUrT9WndJc0Q2pGUnpGcuglMzkjLy07Ly0nHFKYkVeYkR8OyUzN2lxbuqR0hwdZdHjrF9uXLyneaLZ5v/wjcyEzkanGXS2HDh399KMfmpu6PLfP8UJVs9HC2Tm0rWBFRU1T1zxt8W6PQL02G+HdrPpp1G4LRjyBoTRDm2TlbFUNNbzQ2eSIGxJXFWakZCjlbh8VC19TKaGFuUXh059oms02S21zvU6hZhmp/OBrNBmT47iXnvugvLza6ziorKhtbGj2mq0zAyxEmd1+KVFt9JcvO0yFFahsXapSJq9qqmkytXTERz0Q0wYoFcqh/YYCf0W4FfnZ+enJ6RGuNF6rE0ShtPooOBM5cIGw7bu+UW9s1BgTOO2jD77fbP/NSNjm8YLD4ZLyv1dthim8l3wdyYJALM6MCWv6FY0ta0rKK2r9/lWMDsXhCCQptVm6FEEQDpQftPG2cFSRgDoLsguH9R8Ou2QRWXuh8M2Xn5U/vP+IiFSXEP1Z01RX21wH22g9krPApZBIm6PGmIcPl3/1xUJKfcIBuPK9d+etWL4eaMWnAoJITBbHnGYb9+mabZd99MMdX/x6+23P19QE8luVjgpDGE5WaQekF1BCLZx1Z+leq2SWbELYxsiropT2yu91yuhTB/QakJORm52e3SYZqZlpyWkhFHAqC3MKxg0fP2rQ8Qo5vtglBF0N7lSDselA+SHQBWtWBUn2G7EhLAWJGmOmpibf8++rx584IiXFAIPbKxaw1vnKSx+t/Xub15z2DN18zPLGlu8372ludTwPHSx787XZoNCeUwL/NQrVqJw+OqV9dbXFbNx79AAcYdBIwLSImBC2SmBcGXSGAb0Gjh8OA23CiSPsMnHURKDREMrJo08ZPfgEoGMZKwtbUxJIMUzGG4yN+44WQwB6sHdKTq4+VTrtjxpj6nTqyVNOevLZ2x969MbTzhhrMHh//Kamuv65p9+FibxX+BpbTD+t3f7d5j0d8suO/bCb1FFw6e9rvv92CeymdsREMUAJGZRZ1Cc1F8YHmAGrmfvLD8KCNw+8D+coiEDCIMALPGyBgndpbb2dSCdXnVg4CHZ+pANA1BizDYLkZP3Jp45+4OHrX3vzgdPPGCuXe/mWPnq0+vln3tu3t6StuLtjVW3jGwtWvLV0XYfMXbfT5rB1bjZbPpr13YP3vw7UKQXeTFHppvcbp1fY3UyRiC0WY3HFIRCT1eyujRiPCMQZAmar5UBFSUn1EViegqZRQouSs0bn9oUAnEpEosyYgALDUODNocP7PvHM7Z9+/sLpZ4zzzJvFxUdeemFWWVkVlHUpMJ8tKSlvaDa1WG0dAuuYXTKLpLGxBXaTHn945mUX3T/7kx/r65u6ZIjsCXiXx+f2ga/TjsFh47nqxtqth3buLTvQaGyCRkXWorisDRslUQRg7b6kqnRryc6aplqO59qsVMhkt46eKikHEwyLPmOCESBAGSqV4rg+hc+9eOesT545ZdJorVYNZApJTiIK4pZNu99+a25d19dodmSD3aE9u+1rxh0x7gKCIJrN1rIjlW++Pvu8c/754rMf7NtXYjFbo0JPsCd486gpfdPyOkgTnE2YpFQ31W4/vHvdvs07S/ccqiotr6usbKj2LDX2TcZ6mNeHXOpbGhqMTSEX+EqAtQhYvQ2HmKxms80SDrFyNo7nwyTQ9fEtgBt0N4znHYf3bCjeeqS2nOO5jkuPZdhrh58Fi5juLt5oxUuFMTvaz7DMgIG9Xnj57pnvPAwT9ozMVFbmfPMqMN2y39csX7qWc7jLvUMDpO7b5xNjdhSBQEuL6Zt5i66/6rH77n5lw/qdVmsU7vJRyRTPTLoa1jSBPcEkR+EErr6lsay2vLiyBFY5Pcuesv27j+wLh+ws3bvj8O6QC3wlbCvZueXQjnDIpuJtGw9sDYes37957b6N4ZB1+zat27c5TLJh/9ZwCCAMUPsoG4u3AXrQ3TCeG4yNHUTZNubVMsX0vmPP7Te27VRSR8kxZhs6Mhk7ZGjf51+6C1zO6eeempefybJdeBMY7ecFK1paujws1FYWnFBY7mwL+3uENc3Vqzbff88rsC/kko79VehvfoNS88CJF59YMFATjUdW/LUW87tDIMh4mF7ATnGYBL59wyGwjgROt49i42zQOpcoJam05/Yff/Xw02He6TJDdCMlyphtoABvjhg54O77rnrm+TtnXDU1Ozu9Lb7teKS00mpx4QlCT5SXeX+OqE2Jy2NTY8v/3v5q65Y9LlPDHZmuNdwyeuqMoadl61I6ZujhrhT1IwJRRwAoMt+QfsOIsy8eNBHmW1G3x6UBkmbMNovVauWQoX1uuOmCt9979PqbLuj4qQkept+uHheqrWlobGpuKxvwsbnZOOfTBVBDwBoCLggsCVvnU/ue8MypV5/T9wStQhWwKiyICMQKAnJGdkavkU+cfMUpPYZKeYIVA4zZ1uVqtaqwMOfGmy/8Yt5/rrvhAthez8hIkStc3I20b99hmJi3lQr4CAsrsCnf0BC1DXQlKy9Iyrjl+HM+Pe/+O8eeNyq3j5SHUcA4Y8FgEYj98sn2W+vGvj/9rjvHnAtjXi7tBwH8Y8wf5y+7+Px7zpt6Z7TkH+fefe1Vj/26cKVSqaipabj2ike6W/Ly87NSUg3BS0uz6ZoZD3fXH8mYC6ffPeOCf79312fbX9vAf1rFzqkTZ1ejIAJxgwCdXWP6qOy3pxbdcukTMNojeXF11HXJP+5b/NsqH796/GPMM88e//7HT38y57moy5yvXpr79cuffP58d0sg6evvXgtevvz2lU/nvtBdf7RiPv38+c+/eOmrL19BQQTiBoEvvvwPDOxoXVNt9b7/0ZMTTx4VFsYEzy4pSZeUpEdBBBCBBEMgbq96g0GnUPr6ChX/fEwfaRizIQKIACIQlwggY8Zlt2KjEAFEICwIIGOGBVZUigggAgEjIOWCyJhS7h20DRFABKSFADKmtPoDrUEEEAEpI4CMKeXeQdsQAUQgnAj4rxsZ03/MsAQigAgkKgLImIna89huRAAR8B8BZEz/McMSiAAikKgIBMqYiYoXthsRQAQSGQFkzETufWw7IoAI+IcAMqZ/eGFuRAARSGQEpM+Yidw72HZEABGQFgLImNLqD7QGEUAEpIwAMqbr3uF53mKxoiAC0UPAxnHtv9zteoxibDQQQMbsRN0x9Nefm1549gMURCBaCLz43PvffbPEcUxiWAoIIGO67oW+/Xuce/6pKIhA9BCYdMKYIa5HJ8ZGDwFkTNfYZ2WljRg5AAURiBYCw0f0L+qR63p0Ymz0EEDGjAb2WCcigAjEJgLImLHZb2g1IoAIRAMBZMxooI51IgKIQGwigIwZm/3mq9WYDxFABEKJADJmKNFEXYgAIhDfCCBjxnf/YusQAUQglAggY4YSzUTWhW1HBBIBAWTMROhlbCMigAiEBgFkzNDgiFoQAUQgERBAxkyEXo6vNmJrEIHoIYCMGT3ssWZEABGINQSQMWOtx9BeRAARiB4CyJjRwx5rljoCaB8i4IwAMqYzIniOCCACiIA7BJAx3SGD8YgAIoAIOCOAjOmMCJ4jApFHAGuMFQSQB+rCnwAAAZBJREFUMWOlp9BORAARiD4CyJjR7wO0ABFABGIFAWTMWOkptBMRCAUCqCM4BJAxg8MPSyMCiEAiIYCMmUi9jW1FBBCB4BBAxgwOPyyNCCACrhGIz1hkzPjsV2wVIoAIhAMBZMxwoIo6EQFEID4RQMaMz37FViECiYNAJFuKjBlJtLEuRAARiG0EkDFju//QekQAEYgkAsiYkUQb60IEEIFYRoAQZMzY7j+0HhFABCKJADJmJNHGuhABRCC2EUDGjO3+Q+sRAUQgkghEijEj2SasCxFABBCB8CCAjBkeXFErIoAIxCMCyJjx2KvYJkQAEQgPAvHHmOHBCbUiAogAIoB3F+EYQAQQAUTAdwTQx/QdK8yJCCACiY4AMmbgIwBLIgKIQKIhgIyZaD2O7UUEEIHAEUDGDBw7LIkIIAKJhgAyZiz0ONqICCAC0kAAGVMa/YBWIAKIQCwggIwZC72ENiICiIA0EEDGlEY/SMUKtAMRQAQ8IYCM6QkdTEMEEAFEwBEBZExHNDCMCCACiIAnBP4fAAD//3dUgRYAAAAGSURBVAMA+0l7ybY9lq4AAAAASUVORK5CYII=" alt=""><div><br><h2>Implementing TANSTACK was a good choice</h2></div><div><br></div><div><br></div><div><ul><li>Improvement1</li><li>Improvement2</li><li>Improvement3</li></ul></div>	2026-02-27 13:53:21.450727	7	1	\N	1	Application Much faster now	2026-02-27 13:56:50.426316
42	\N	<h1>App is Slow to load<br><br></h1><h2>Need to Implement Some speed up</h2><br>New app is slow to load the users :<br><div><img src="data:image/png;base64,iVBORw0KGgoAAAANSUhEUgAAArgAAAGOCAYAAAB8C3ACAAAAAXNSR0IArs4c6QAAAARnQU1BAACxjwv8YQUAAAAJcEhZcwAADsMAAA7DAcdvqGQAAP+lSURBVHhe7P3Zk2xLlt6HeWZE5HSGe+5Qdauqu7qIgURPaACFxjwQRr2IhJnMJFAyEhxkMoh4kpkm04NMMmNTDzLpAaJJMr3SjMY/QCaJEsEmCQogCDQmsUGgiR4K3V1dVXe+90w5RkRmav2W7y/2Ck/fO4aMPCfPvfGds9Ldly9fvty3D2t77Nix85f+tf/2dTLs2t/r6+u0u7tL0sKUdnZ20mBn10NRurryfODpEIKZnAFdSmfeVdZnlZGmvnSd6xsMBi5/fd3qbMupjqu0Y+RhyI8kxHSMj6weQBKebLzelax3h/OcBmpDw8+BA76guLepATz0i0jvD/eb3Hp5yYFa+cF17n/qEYFYBpR2QN7G66FV0rStgyKUVjidTudkF1EENk2vp7O4EOVpZ8mLdJ10/Vq7REoLsY5ZP5mGubJpvr+tc5r4IKdtfLpcI3N5NfFQ+ghFESqjcmW4CF3lr3ea6+9/Qbb3qgkF7AfMa+YbyDL0gMHHUZjL15fpyqqYjC/tGgzTYDhKg739NBwcmK5da7e13Qpe+vw0HaHdsf3j8djDLtgItjZYn5o4qiw2F6Yr02Wh8mMIhsP5dpa4vLxsYh1o+i9ehxjX+OvCdNL2mXS1V+Mq7Y9GTdzQrG0mOGvH1OZPH/rq5/qwTmZz+cNYRp76GSsmY/2n9M1wcf3leIt9g54rX/9DHxTAvoiyn3N5Ejks8/f3Ry4DaVzBR2xAaINQexU62rEnm3Ko9Vz5JunXwOeD59ysG7T6WuT6M83s70BZtsTOoK2zBl2faIfq9ngxz1fF9S3tv16w/5BWHMQ4uLzM66cwq6+5loz/Gc9wbeuSAF/+AZj1SagjlgXzusw2nx8tP+p3zOb0zbIgzp+ybUrXygHiWp+Ia4zHsQ71YSfIUZ/8AvHQr/nj8iEv8+b7TzarzGQymclDEYheuf7pLJ/yzHkRQI/sUChdl8xfs1nXOebJFoVAMjNiE+oB9lOnyB1cb2hz4T3u1BhvC6g60fMbY4B4oIzXyRpnHSwHF1zbqk28bXROg7ac0la3D8jWwZVtrczNMOYPTR6QhKfy0cGdKzNzBnO7sT/CZRoQ5yIoLuLCq569wd4sX4jxuEHAV7+o/NAWai66KCLqAeTDEy1ycIFCUOMxaIDKQNgmXoyLgGzFwVVcYZQty6vdEFjk4CIf+6WMWy/Ml+WKhjRXOMfrDu5VYb9IaRD1xbIKl0GtrGtvFuC2Vdnemw4uLWvjM+Al5YjxTYscAUJr8/XuIE3tEk8vrb6doc1VG6/XgzSeslhdmwPc1N/RB7p+yyDaNWdjDzS/cruJz4c45zV+G86jtGGRAzhrX7MetDpzOOsHI64JDtUVa6iz2/G9Lq6uuBHJddX6T/XXsZtGw7z+dCHad0O/tXk65QbmZj8K1F+zy2F25zTlWzujjA0/t2E4HDoRzzZZb9KX40nu+sYxweHatbzWUVEdFmvUYpNJGCM7x6qtZqf6L/aj8gj7+3e+XA2LHFzW19KGWL/fJfVAsl1Y5OC286sL7Xwv21r2T7RFcTm4Uc7jYUzP5+m6ZrlFDq5wQ7/AnXqDzG8dLIBv0lWWuPY/oDzqjzYsU544fU0YSYhxAR4zQbKqFxIP/dIb0fLa/o12w0OG9U9xSJjJsf6Yg6s8+MzP6ONQXnZEe7Lem/WKQMyTLunx+KoO7v/4X/8XvURegNuGuDOK4Zy2NJU6NYYIrXwOBcmr0Tm/PcEV5OCqg9qGNg6Gx9vyLGylE1qSUPIIOQXI8ZyeXZRmo7ekY1Zu5gw2dZp5zm8Q46C8UBB1iOTggpoeZEBXeZ3gatAIKk8Y+UB6aONOGnmbAPqUBwl9cSaAeLXyXTplkw27WbxmP+Mgli/pqjkVI65QBKhfqNVjA26+rC0ZMW0amni3gwvQGfXP1WGIZWJ8XqobKhN1CAv2OIeXbSqLZXdtk5fe7NRan5pXwanqlfXd1e4onZ1P0svTaboYX6bplfWHObisK+w1j4/esuGTxyTXKhI6j46OmppquDZHmQ1u/hqsgna/oxwNnA/jiebN0GLNdYr1xjiLYjesrK9d7cIfT3wA+uFgxU0H19Y360hdlxr66r+2gmwucf0s+6+3P20sj0Z8gtQtwwbR1Te03x2Uos0Rsl/l5stbuR3ya+Uz7/nz5z62cHRxcEej0czZZe+4svFD/+HUUmaH+Wx2zdJG3jsmRN0+bpv5CdF1sqirnRojCsF8O7oRy9SwE9anGuK6rlB1Ey7Uv8DOTTi4oGv/KW0GMR5PcGP5WTm7QDU+15b4sg4uqOq39W+e3843+DNdNsYlF+XVbhGgTLQhypdxzQ+VLylC6cj31S3Iar8TD/2E5XVsedlO0tqrAXk1Qg6ojdnBbfPgaS+QPviqD3sUSlcNZV1d7ZqGG5QakIPwU9C582/9G/+Saw1rZtOYbLwcXFWIg0taiHEhl79JDFI5uKS9QY0DgX4IXpbNfFFGXsA8DHkz2wKvK50liTdpK0vY5eCWjyhYykN4Qox7mxrAV7tUz6ZPcNv+qtsBT+Qb7Y5pMDHxpBcqEXmKy8FdhWQLIadPslt8gBxgIwOxPDaKt4qDC2LdOZLHDvByzThTmiuc4/0OLijboTDqi2VB2+J+lGUVLuPcArO6iQV7jHZtgXK91k84tlfmvNKiibVzYso/e/YyTWwNvrwemYw5GAcHaf/gKB0cPEyjwTA9Pnzs5a130s5wkIY2ppLNEUKfQ7YAcXLGenIzZO5aJDhIN9qn69SBkTngfZ2Ag9YPa3ewi3Yojf0xfTO0hfqqPMFs45jVzt/scu1av1KetOu4yPIsJ8iXoV2QKj+Htn7a9MAO2RtD6um332wZMwcbWypy11PbkEI66uMaZQfXEh0o5wBo4zY2rum/+bkfnYyLiwvbxMb+qAvkm5SV1wa6Z2MObXZL5vfpA3OYcXJ36RN6XLq0DFjn2dbo9UHc4Ak1GwklG20EUb4LZZkSu2F9r0Ebfa1uiPw+lOtfCT5i7sMi+01iZp+o7LuI2GfEGT9RppSPjiVo4+qX+jUTShtu6G8cpFLvDZgdQHlRRtcoXgvto/CjbBmPjp5kYzraX+YBDugiX20nHe2SjPLhQRwAxLIxX2WIy1GU7Kx9hYOrvOjggqgnhq6jqaesHxnx4jgmD6LMhI8Xe4AMeqZycP/yv/nn3UoWMDJBriR7+GyUMtypkQGkYxgxk58j02n65OACNRTHKzYK5DK2oDWy7mT6ApY7as6uRkY6Im8u3//Cy3zpiA6u5L2M8XM8txsHXfD8BoqrDwE89ItI+wbd5MVQWOzgtgMk1gXIh8QnFM/5tMW2hrZNN0lliQsxzuABsYxsA8RBzAfSWzq4ZX3RwZXeqGeRg6v+k16FAhN0riwjMqQ1QrocXJs+c7pFNaicyhJedciWqJUFftLqjLy4Mm+Bac6RBn6dG8x0mAylSV/tjNy5HV/tprPxZTo1L/diep1OTsdpiEN79DAdPXyQHjx4YPFDc3APzLkYpfFJ40A2jhihXdGZIya+0vMhDhoGQ8GuJgRdfZlhG2R8BrYCjZ86bHE3by3aZVd3LpxcjOfyY0ifu3pPZLQxxnZ0sJt6rH8JnWPCh8N8ws0ooyVlyAZW43to9fOIAP3oJjCPQ9hldxuynrtr2CmnfiBd6gdLDl9HvK45bmMj0T/t5uihKVeaE1vWmOzgnrvDS59Omw1rZDdl6Nq1MoNdS1vIY9l2q2Z9Z2ORE95mUshUdNus95AbPOGmfTlELlJNrgvI92EZBxeobkCdqlf5XdD624XX/4hC7v9Wrh0Lgqeb9S3mEY9p6azVU5ab4cYjChm6ySrLM3JK0Eci5CijvYr0vN75OO0XL4aKSwcQP+bziCVxXador+xRGNHyWv2ym7TKwZODGG1FDrq6vPkIA/yagys56SLuOiwkT/UD8iF4kQ+kh3CRgwtkP2XmHFygihc5uMRjWGImbyRjXaeR+GDWUHNw6STSQPlyNHLaOtQGInrEiwRkKyjzgLoNFnzJL+PgEtIfwPMaxLjsBy5vCkWkcXC7ykpecVCW73JwJU8Y+QCe860t5QkuFOtUWeJCjDN4QCyrOJAu8QXpXcbBlb6SwKoOLpiLb8DB9bCwP9YBos5Y/jYOLtcNFzUzmsWlUbeMgzuDjYNrc3DHl7vpfHKdjs+m6aXR2JzHb337d6V9c2hxbPcO+DjbFqjLsV33vLDt2fhRH4FSNw5KN9B14SH9S4iufPOIThZNCxr+zRAHkDDH10E+wMvlo+03+qgKG7v+JUO7Cn4ym+3iuoB44glwJOdh/T6e2hrabX+/HVYfRXFwub7Uz/hkEKCTuUXlDf9GiAbvgByvIc5vYS6OnkZXDXEeqNysvNkxaJ5BbedNu4kCHFvG0N5+fjSBTQon9+zszPMI0Tc0NdnBtTXDumJo85Il/NrGl/WI1wXQjH4cXP+eiU54DbU2KtSGKtvK/C7EttSwyMFVnaUe6oV0fbqg9bcLd+Xgql9qvNhn0f4sm/s5wtO6fiGPeEzX9Me4ZGOZVR1c7CjrpI9oh8YIPO13pOf1zsdxvATlRRkBXkmAL8nHsRntjfzyOra8+T1e44U8iDRtw05IsvCheIKb9eW80sEFlEWXCHnyVVY6gWTIl12E6JDthIscXMqgB9u9Pjm4LMxCrqR16HK6IatkLm2kTiCUgwHIE3L8yhajHLa8+U5Rg1nA4auhkskbee6oOX4Tzsp35c/i2YGXjBxcFuCZLLqCg+u8pj+EGAeqH+Ry821Y9IhC7SP6SDi4QBe+jCMjKK7QN2BzsNmQpa9GguKRx6ABMa+UEy9eC9mntygA8YDijJ9YPoZQ6eCCGI/jr6bfZqgH0mfaZ+kcqnyuk8086tfCC6Qz1sPEanU1dcR0GB+LEMsBrhsOrl+/Zg7tqj3+N9e/t7fn19knum3q9B/9whsQplZ+dzCyheI6ffHiJD19fmqFR+mdr30rvfe1982xfdQ4bsBCnpm0NPXktvTN78Xg42TvQ65jJeQGrC9/EeK1uAHTwSnmumAJ4G0Tvv64LuxpTtQNXBdOgEf71v/W3xPre19kvd/yHMAXdT1L9p3yFF769c71rh4uhvqvrNdhbd6hkT3oawuYTrFlHrlM5mt9maFZd4XxxG7EzNE9PTlO56cv0vV0kvbM2310uJcOrd8vzs8sndvM+AfRUd7fsxt8ayNEvbI38vqg/unConyroAmKdaGJx/KKR96N/lkR/a1bbL/6FNRsXdx/rf3z7ct86WfN8nXfJgz58CF4wnz5FmW/xvTluLQ/1ysd6l9Vo7LKlz0AWeIiUAsVjxA/ynWFIhA/QRcPKK7+i+XUpiyzaATkdonQJz2gcZNmPPEVHh4eejzqEIkfy+l6iif7gcaAykE8g6trAlROVMK1xwIxXoPyCWM8hstgGdkbMs0GV/JXTYNFvK78Lpkyb1ksU6ZLd1/ZVWyp6V+lPOiS79PbFX+T8brbwWbOq6zOz8/9CzZybMfm0E6uBung4dfS8/Od9NsfPk2fPjtNB0dP0jd//Dvpa+9/3R9D4AbEv8h0PbHF4dKf+eZMds9WNm5OhxayJkH5JjhT3iiWIQPOakfoC5XdiVXDGWnRXTHk9P2K+PrkzmljLyFpUpzokj4YHVh64AeF3BTsDXbT/nDgIeQOvvWD9Cmu/on8mDfjm9PMc4i5XauGUNuWGtXqFS/t8AU322B6iBP6brIxZZ2ljUvEnBHNwcfVPDjdHR3sp6MHD9KDR2+lw6OjtMujM+Y4n5ydWxluPPjSJDdi+TrRbkBdW2wOm1rrSj2b0rsIXfWIf1ftE+Bvqo4+3KYOlV1Wh+Ya2ETboj7Qp5O8kuZmPIwSUVjokovok5/PowEsoC3I94/dihMb5xe6ItbJF0/8RflClI95pZwguVJeiPwY1mRByY/prrggHmFfPqjlC13lQcmPsmVcqPFj/puE0u6YNn9jLQLoKYm3GrTxfFqFc8tp76U5W5yZ84Wywd5R+sFHz9KHn56m4/NBOnz4bvrmt7+TvvXjP5YOHhyks8mJ+RRju8eH+FA3P9fIc18D0zsyd5fXcA13R57GkYOyo2dLCR8RLKDsbK1J5qDvmI51yT++pw8be1clHCZsSA0Rv74apnRpdGUyRvQNdV3xrPDELoIRzw1zsjs+v5izx53ikF5E9AE27Hg/rEG0wfQsoll7m3ibd+3joY/2R4NuMkd/ZE7+yG+U7OarKcMZOL3L6RQf8M3IRmAm4xv5+LaxiJPL2zoePXpkTu7jNBztpwsb8C9OL/zLklPrJz7pkZNLv1k1ppNaXjew4Tb0eqF1pkQX/yaQyXJRPn8yZOMu8Ny5YfwZaSTcFjftzP3axRfm8/pROmVA+iMJNd666NOxrP5STmkPWYMWkH9IR99ZnFDk+QFRb1lnhPJncrtWR65qIc2uYKxgTlmBmFcjyQhlfFFe5AldvMgvZbryxY/5XXmRr7Ckkh/TinehT6aLJ4pQuswr4115Qp9MzIt8EPlRroaYH+VLfkTMexMQ2xHtvrns3Q5+D9jEBRbXwWjPaN8yeU7UXNDhge3ue2lsTspv/OaP0vHZVXrnvffTN3/sO+nRW2+778IztrjDu4MrP6VtnQ9rA86CrRYQdcYFXB8dicjrp6xnbTJjs2NZD/kO0dWltbsScoCb9dTsWkzZyXQ/z+pCV9svEB05nV6aQ3uZrizkeUe+tT4dn6dLc3AvJ/MvUV+uv1ry+r3ets6VyMpalXPXqyRQqzuD9pK+efIr4oc4OmnUOgyC9Mf65xF5fGFlYv1w5fPKT3P3D40ObKgP/abu/GKazi4maXJpfcvYHeTvPLRt2KIPWrO6SFA88pZBlx6gvMiL6OKvA+kqddbSXbI1lONM5SOV/JjeBErd62DdsrH9pR0xLV5Eyb+hq/jEh/xF/T34+T/4+37BEyEzCzZp/jV8KJ4WRcpl2ji4yed5wBzelMNQ+LkBIDembRC34eSoqPiSXybdab/ZRYh9c3mz9Hx56avFBfFohy7MwO5Uo6xCIFnFlVYccGJmuU75nZ85XvJinuL0nus3dpf+MgQxLpRlSnko6p7lW6B4DEWx/cRLHWzUyhdiXOW7kSfETCcGNekcqnzOb8MGHAUtgVZfW34WD+r6EMvNYPaRMlcjJ5twBmv/YMAXCW2cWDjcP0o7w1F6+vw4/fYPPjIfb9+d22+8/346enBoztdZGl+cp729QXry+JF1T/5WOv1AvXLi+HKSk/NwknKauNJ5rcn5XeQfyljYRbSOLu6iDHqgTtRR488ozItVCdXX3k7Fi7aaAzYeX3i/4XwNR+Z4m9PHN4/3RsP08OGDdDGe+tn4Nf0YQrold02bjnk5nuvJ9qwDbEfbzbaJautGSzQSpzzbUaNLcyw7aWoCpifL5s2pJfRehfmbeyMCCy79EZOcN1sbeLOCjfXBcJjOzsdpav1tHWZONSfGA5Z2M5s7HR6jQEuGlzWKKNMbh/fpfN01O7oQn2FdB5ts3Tr2C1F+vixxyEZ+Vef8mKhB5QhFSsfi83J5rNO/KpPzi/raRchkb9pS8qKurK/lRShd0xkxX2rzqNlBfGa7/+2GvgOjNkKUn1HoT+VHqF7VCWme2x/L0TqY9ZWyJWk18UQNUVjpMowkxPyILjnQFRdi2TK/5HflA+JdtCg/0iLZGiK/Ly4qIV6ZF8vEvFq8JieU/Fq85C2SEWrlIgllGpTpNwGxHZuy33Xudk/owWDkz9z6aRhOrm3+5xeT9NGnn6Xf/p3vpx//8W+l97/+Xnr06EE63Gteom8yezsjf8OH/xwqN2HcSJlzizM2tUWfL6sR6ssekE7dIBYZhf2UHZn1iQWtm6zRvVS3aXm6hOwfb8Ow3pgRXPKn/iXDlEZ2w3B1NU7Pnn6aPvrwh+n58y+yTCMnWq7PSkLHOuQd1IubdeUyiucT8W7i+e9Osr7pGz+qqw975sjGm9jBcC8dHD5IDx4+To/eetf6/cCuzcBuJCZpMmnabOPYbwmX0P9VR21NiSQZoSvehb6ykSK6+Osi6umKC+KtU3epO1LJU3pTqOlaRX+UXcU+zTFkSxK/RE0OxPkKX47uzOFdAoM/8od+3y8Q4eREyBU1If88nfPLE1BB8X6+leczTvfB63K7ttmCLK8yhLZI2d1Tlprf4EEtrOUPmsWRJLxZZzV39vmEOZRv8hFxfmOB8hWvQTKRBqF9QozX7oAi7XKlLIyI6b44ve6bg7FJd5HQFRfKMjEs82awZOTHfPFF5YCGzM+ayQox7u3rRVYgffxTOocqn/PbsEG4g6+BSdnqauoI5T0e1PUh6pmhMS9zrm6o4qPasTkPycId2/xfHJ+mH330cXpp4dHRw/R7/tl/Lj04PEz7+4M0Gg7S4Wgv7Y/2Xe3l1ByNS5xjHEHTbvXqtWb+g2aW9hNMd9T0D0faZJzo3UX/KGv1dBB6avxMuZpbARs5Rp7ZvBr5SXXlH9ci23iZRta3l9OL9MMffT/9/X/wd9M/+K/+Xvroox+m49OX6etf/6bJcNUow1jBqBxfhrgGXnxNWtR2b4vLtvEcw2pL2NhoBKrE/OkjhlPpaOY5ksMW0jkvu7fvL0pMl81CsMsvX7BmosP+DUcjc6Z508KFl96zGzie5+XmiNPn7QluPxbZwacWaGEn4pS8jM/CDkJ9rKOsT2m1k3SUWab9klfZmLYpakoYi85yKD8jj6u2bB638LNcOx5rN0ylU9YXCpHPzV4f5kvWUeqPNlVMngP7J/KR5rBEeeoXAXSoXawjEeV+HeukvPS5nOvLfkx5UxzrjOT+pvucc6h3sgp5vClj1We+pRWCarqJl5DOGmZ5sy+c5Y8Q+tCsIW2FqtzTeVNx2zr0KK/MdxUNX1Vw4kUcivFIkS9I8zKh19nE6YW2J3JeTNdC3xQb+PpToGxniVp+yeuT6dK/KP8mbLQ1l3Rj2LjCbtDOWv8vDxtBnEb5iVRAw+OJ2cnVxCf/rjmvPJP48adP02//zoc2CA/Sz/7cd9Pbbz8xJ2E3Tc0BOD8/TbzjlndTD80Z5uaK1zhRnhNb7SX+AyFmuy9+4QQSwI90W0h3ndq6u2jeHuybJ3T4XRLtUzl/trVCTb7kIWabzzh/fRo9nskynfSav+PTk/RPf/O30t/8W387/Yf/7/8o/T//X/9R+qv/8X/mecD1NqHiIKarfPrAbxLWI/WN1u0yZDpQz2xa0G5D5jcyzaZfIz260kWxTULWmWkRZr+s2djjOqeX/qW+6XSaHj9+bDdv+14P6cnlNE3pO1N9hXNbzp03BvfYbu3NMeyiBl3Xum8MLDM+NgXqmq+v6X+NnzLsgHTUbL9Zx91g7XqadZ+5o/LEXzVUN4erq2Lnf/I//O+Y/0ND8sLji5sUcpjoeQ1Zko8yPc9S3nCK0REsOAiw4FiofELl89FqftF3HuiqB8zqbDx61VnGZx6/KRQ/yrHB+CbmA5J6WBDrsjWiPGEpI/B8Iojt9nQjM/WPKHMZbOUnTAnFw4mwvXP206Z8GExaP+nJL/UQws/5lja9+oUjPvr0Ku06+ema0SV3M0akh6affLeGOkMIH0cms7I9ZXzWv4aYLzA+RPCRV/vg4RwR7yI+5haQFxSXLhDLzdIpOxCdaO7WVAYQ53f8uVa8x5MWKlv62ZwdvmCJIrLdel9yF/joVZANCrGM97Byw9HWO69Pd7og5uW49TXzzzYKc2UtbX0d7OV0bnQwSp8+fZYevfV1/zLZf/l3/rH1+TB994/8fPrmN79pRcZpYG1gnDMWnaxXc/uv03hsDrIGdYO5VLhm60DrTBfK/ijhL+sP16ZUN1c+bKiz66fsZr65LmOKr3Hoev2P9bXH6euc39ZJnzdR00ecfJysDz74IP3V/+QX0y/90i+lk5MTP1nkC2f/7r/7V2wut8+Pxvm2CPldA6C7zKL+E2hTXneWD18/ysMNu4Z5hZv1yLX1MfvM2clxevbFJ+ni/CQdHo3SowdH/gaH6empy0Y9MR7XpBKMIGRn13wNtGOn1ZXrzy3QeNDIxZ58WmVz1Pc1WtyM5cbWaHNsSw3cjvVhUfkrfqq5QVu/9wwxi6Pjph5kIb8RshUnzk3lQfpBGQE9mfJ+4zdqTb7KKB6hcmX82p8Dn68TKL8f+RGtfHVsvjd+Rg4z4k+F+xxvJo4eydEntAL1w9e6H+0SAdmHHvHVLohrgA7JkZ/15v7MZHKcegSUYxn7JD/FJiNC3nACjy/Kzteb+dSluH/504h87KVP1L5p6J8ayv7DnliP+zpNfaLYJ9zcRnSc4FqHVphU5GGTRegNDemuUGVXRVc5rzfktXFdZE2gGCreQnpUvgyFmRxtadoza5/F1Y/56cWWZvINAfi1UF1+I8yBQxeSLOptRG6ElunBDf6SQPc6WKXcynXYbMz93L9IRyyuoxwXy+vuw7r9txhm38ypBU3ISoXTZgva4eF+Or04T7/zww/S2cU0PXnna+nxW+/lL+LYgiHnyovZWOJsb2qL9OTKFmEN0gAkRbeHbF+PcLbaH6Jomt0YVi7WLVr52Vy0uI+jWaGyLoPlaazlV2flshFlmhsE3se6f/gw/diPfyft7T30L/d99sVJ+vo3f8L63Wa79b2vDlyDRv8yYV4PmvSayPOnja8Svn7Etuc4f6F4XQkZ58P9Pf8kYzK9Shdsgn5zOd9/q87T7jF2V2CuZqeIUVyOt9cPGVSGWlcjLYdF12TVaxZRKyveYr0aO/Nh/PGbdbFsm5ATlajx59PLXQPKSDKGfaVrdQsxT/E+2Qj5O4qDsnyXLjD4Y38gv0WBlWG+UKOo2QydjD/0L6BEuRyXTGlEzGd2dr9FIaMsE9NgluZ/kU+oZ2iFVkbp0J4Kxc1fPMVB/hLOzXxOcy3BVZjxod2mPt2Z66caVQ8Eol05LR2aRNmZ3fUT8G5EHSDGQfmMc18cxDhQmuss2VIGiF+2kw2iTz7K3kjbP55BJpYfu4C0oGborRfCrCx2IG/iXsLU+GblxB/b/Oxv3gSRyf09Ixu7XbZHqF+EG/KkjeDHvpFcnD9CG0eOE2zqyEsOPZJhoYlNzcHdOzhKnz19kX79N37bJIbp9/3Uz/jp7WQy9veRDgb51B1QH6Q78LtGbNd6yNeBxvp1aohrS29kiUi6juTRf3n8uONI4HxYTdggl3IRj2fHokkh6/JZl9LUz5edSO/tHaTHb7+d3nr7nfSNb30r/aHvfjf9uX/+n0/vvv3Eipkdu3YdKcd89PL5kxcff10hcguwqH8Xa7jfaJunSA6V8jGcL63BHFu74biYnPunFgd7exyBeY73KRFTqLCMl+R9a/9vg1hc+vI1yzm6fm6Ho0lbu1yc9vV4uYuuv/R1YVH5ZZ+BravJfehrVmcbaGcuHEOiOR16psmvIZeJ5RvZotqoI8a7ENs/X7ZZC4r+cXbAMnUI5XpM2cgjLQJ5jLT6s2zrIAL6fq5ciEPaF/g0mHKiGWyfmJVtUMbRoZNXEMsTF58wlgU66RUkM9PRyJc6Bdkv7EqBKorpyIuhsIgvlHIxv4zXZIDy+khyChUXxOsiySiskW9Oige5GK9RRC0fWhddesp4THdhUfkalejLE5TXJ3NblHVkx+huEdtTxrvyBPG65G6WKVZPw3hy6fTF58/S8fFxeucdc7C+8Q1fcPipUh5NkGMNWBz4iEdEuo9ui5rOSIuga4ikCGhZJAxbUBPSTziK1m4roL2VUD04v99mDeQ5X6eohrn67SYj/1wvMI4Jn54eWz+f2TU4T0dHB+mP/tGfT3/xL/4r6S/8hf9u+u53/2DT93osZNCcjrans/3hFsuCj0j5ZT5+tpqPZscXPI/LGy9a1ObbIiDbR7dF1zzYhG5Q2lvS64Zs6LKlK38V22s6Im8ZEsp4mS+IX17bKK94mRYoW5MRSl4MlyWhxo/5tXZoX4E0jsWPeeIRqqygfCAdsS7lRzmFIJaB5nbIsrAo5tXiQpcMiHyhS1ao8csyZVrxEl1yfSTc4HFa21CZV15INsRIUTbKRf4qUJmyfFd8WfTpEtXQxQdlOcVL/u2QHYioW9hcHYvRVS9xpcsQ1OKELT9u0fPgrQe88/b5y5fpk88+Szvm1H796/wE716aTMf+DGLUxQKgk1vRvYc5mzyLmh9VyITV+YTdYg3xqMX84xbqvxJNGdPKz+hmYhQ1eTdA/3NW25J40PHJSwv50p451JcT/5EHdF5NJ+nM8nCzOaulHD/lq5Avj8V0V7jFYvgY5xfT9vf8mTxu6nj2//z8os1v5oBCEOOvC5qDcS7K3vtg310jtrVss/ok8qJM5HehlF21fF4Z8h6jVSKWkz7x+LKq3yAb+bPHAV3lRDXU5EqSXAy7wFo3t0waKJNb2aKmL14PL9M4siCOX/FFkhdFKE35kkBZtqQSbk2ZURYqSVg2HtOCeGVeTT7KllTji6ewK65wGYqyXXFR10UseZEfwz7oQoNYriShK96FReWVLuVAtE2QXJRdJr4u7lL3MqCeZWxQvAyFLn7E3OLUREbDvfTJx5+lzz79Ij04epTeffdd50/Hk/Tw4UOPx0VD14x6oDKvpNuipnMVKjF3ssmJqjmKop2rNu4fHTZfgC2BDn8QQJ3pYVDcnNLqtDaH4fSWsOG9/fZbzS92Xae9vZE5WCNzbsfp7PwkXVycu7iwTPu2WAXz/YdDsb9/kI4OH9qaPEynp6dz86kW1zxYlzYBjYOv4nhYth9Ludv2/bLlu+okHqnEIn4XlYg8xbvka+llqCa7CJLD9wFaz8SLPlHpH4EYKi4dkYRSXlTK+yMKEoyhoII1vtAVLyE9NZmSX8p05cVyfWUiVGaRfJSZhf7hot2J6Y7Mn53jgnFqaPHdTErne4hIGTf0hrpWhcqW5WN6Hd218oSLdEmmTy7mLdLXj/l+FbrusF8lam3ss4U8UQnx3amC/GPzm+0+uxinDz/+PB2fnad33ns3vfu194ybv027tzecndiWz9yiW4vT/YbZaV6qO6VGnGzOyJzY5nzXaS4vTU3YyOKzPjQiDx7ECak/yGChymXH1bq7uSSELrWTa8nplsenOufn5+nly5fpfDJOA+vzw4dH5mjteR/nU2crawUV8mMahHzBm7UEfle4RTnuGcO2mdlNCdcC+DxpNjhOcQ8fHKXdwSidnLY3GMgIMf66Eeck2LSd6Oij141F9vTZ2JcXsUh/H0lGiPsMiOlyfVW52jWuURcWyZW8KEeI5yKeCB5UIs42ydbgOoLjqjYqXSOhKw7Q09WPMQ6IS14UV4oZVDAWXhVl2ZquRfr7yvTp79PbpxMQL2WULuWEWrwvVHwTWEbXbeurlV9H5ybbvS60Cb5KlO1eth9W6S+WAOj5s5fpi2fP3GF68s576a233vKPaP3hfZzay/xqFS0AgHp0l33fweEqNGgon77iXmbC1cSZnTm0kTz/Jma97M5sXQY+Y0e5hDmdHVuNK14JxnOfhw8f+DPNnBoS+rPPo6FfI/8VNMqG8NJylHaZSrjFEtANifUlz94OdjlFP7CxPUjjMWPg/o/xGu7D2nlfsO56Cmqy6/RtV5k+XavWg3xZpqZDcjGvJgf0IdWqQF+cOeX+ofpivYvyY7wGlVcYUerp0jX4E3/op/JbFMx6CTqVaSM2wIHdoXT9mpkg3g0Z612+wU0y5kUqG1OTgazZRTojROfyxOd3+mO5Nj+H2uSVLsGzXXwjn7sdZHTXYn+ab+o3ZXk+F10NXy8oJ0tQHYRqdpZp+fZ3lkZkMMx6VC9En0E4LpFfIxb6+fS8fK39tXh5nShX6gIxDniLRJSNYeTHvBmsyl1/iwAnWsiQn+vI7SLN+CQ+z6cMfH6TPv6aEeOelrAZZk+HO3CLWt2NknxdG32LgIyoBPXwu/keFnKK1yYzyNeYWJY7PDhI44vzNGQ8W3ueP3+RHpkz+yu/+r30g48+Te997Zvpn/upn0lD29yvri/T4f6+v2PQa2vaEgl01b1JlPWWtAhDu05cTSSdbE2xXjMyx9acm8vLSXr5/Ln3z8icSkLo+OXLNNob+RzZPzy0EtdpPBmni/F5Ojw6TJ989FF68tbj9Ozp07RnjujewZ5JXJnMRZpe4iBn26eXcHFKkzml1mfmefJqSdLQcEQ5s8YSjF/WAd7dOOULfMbjuWhTZBKc3FI+O7f85xnqA7tevOKNfPPO0mRs18zacXR4lB1gfg/3Fli0wS1zDe4zLq1/6O9LG/OsNYMhP5l87c/fji8urJPHdn0Hfs3Jlzx9611D+31gdRBB6CONW8ivd+ApHhFTnsd/l5mXc3ucNPexzsbPtd1o2Qgs5yo6qD/yY93Ec33Zxi5IrpNyL83SZbzFvH0gr8/N7LWBWGvDjbcQNLpb/nw55YvEA8hFWeIm5fFStoT0lbryM7XwShty2/KvruZ0fmOR8mwp4Pr46pHLkK69bSCXbwk5hcoXD8q8zI/IaWvzTMb6UcsHVQXKNbPkmF4ijT4R7/D2LyHbXCEt2wmjLbU2CMTREyEZ9a8OX/xAxkBcMtTDXCXUl6XJn06nM/loi5fhT0SZBjVeFyRb07uMnkUyy+rvioOudMmPWCTTV7YPm9QXy/SVL/NWkV0Xq+qpyW/Cli4dq/JfD2wSNx5KntDa0PILxCe2kZ9ejG2xso2dn98d8rF4XiSQ8R9ZWOTh3GPoeVtvBiFt8jintpm/Nxyld7/2jj9vzK+J/fbvfD/9zg9/YBLX/jzyyBzI5+YA8xjBoTm6LNosio8fP/S3THzta+9aX+6ks7OzNB6PPQ/i5uDEePQh2xTbgG1NtoBabxtxNkt4Nb5Il+YUXxtdTc2hmphzPB17eH05TlOrY3Jx6jcn0/FZmpqTfTmxeBOenhyni7Njz0feln7Xc3L8Mr188dzbv0U34gbHuPcfSLA4fDZFrjdzRxupoDKvG7Kji7a4e9y2nxddq5gXx2AN69hSK7OuHpVTfB09EV3lS/2r1FOWjZid4Po3kA0zYbtZmMVFFOB0jH9lXkPSoXCOx+bgp2ftXQWIcUFl44IFlMaYyG/z53ltPKc5wc3puhz6gXhRBijfb+Koy1NtvobrjbJGlNF7dMt25bu8IN8AvoBuvec3lhWYLCW/lMl3lRmSlQzhrH8bxDyRoMlZtgWU8rO8xv5FqOmymDkW+a7YGJ5H3PuoGL8u43nOdsC/8R5DlfNzQczTL9nlgjlOmOOeQ9hBi8BpMDWWZWLZmFeS/fETW/PYbJPm6c08p/QM56/86j9NJ+eT9LVvfCv9xHf+Gf8WOdfJT3q94lzH64K3YU1Q0p+/beK03efhDu4rYf6lGz5l+eijj9Mv/Z2/m/7W3/o76R/+w3+UPvjwk/Ti5Cy9b/1ycnpm8jvp8OiBO5QPHjzwk9exOaH7BweWf+rOLn139PBxGu3tOx0eHqXD0SAdNLS/dzPcN+eY8HBvmA6cP0yH+4N0xLOgFu4PLc/Cw71ROhD/YDgL9/n2vy1RDw/20+OHB+nI5Ia7vM342px3a7k1uO99uIv6tz93cfnXDX6JkH+dDeE94dYGu9djdHj80hJcW073L89P/F3Q+qUlObrluteHKFfGFzosTQi8LP9dR8zJa31G5BuX8T0v6uVlh+pXGsT4ohPchShOWKOl86jxZadRs+7eRD8/NqWGWv/H/rHbVQ/7INm5fpsh62IVcqIppGfEoQN2tDdQ4tMG5FteJoAspPQmkOvPegWfP6HuGemf9mcrQkwlZzeEjS6Vq+39gvgxLx/MyLaMmK94mR9l4lxFLsqWuPGIAoUBLFccGgAt4+CCWp79n5EAX1B8vkxLgJMqoBf6l9R+RDCvi0tFGB9RiPmi2HmRr3TbPw0vxCPKcooPi/4UP2ua15XjgW/kDq6FKgvFCyz7QC6f0cq39is/xmvlFQLlq06VLftNoUhp++PxRajpyP+oJzuJys+RZnFoZIUQdb4c3BvlmoUvf0nAYzOZHHZPolWwyMHtm6w4c2QzB64m5txaeheGmc6XaJ69PE3/+Fe/ly539tK3vv2d9O3v/EQaDq0OazMnm3wc3gyn1wa1cx1Q0q5+7j8jPtLnuriT66G1dThMn372Rfrrf+O/TP+FObf/xPrjv/4nv55+4zd/O33P6Kd/6mfS++9/wxZaPga7NCXJn9HkF8hG5pSen41z3BzeA3OAJ9bPn33+RXp5fEol6eXzp+n09CSdn5y6I1yG47PzdHZ+7uGF0djiEz4ePz9z3nR8kSZG0zEntuM0ucihp6fmgJkjxivFCOGfmzN+evzS7LxObz15ki7G06+2g6sWdJi5azcIAlNDzfGPV83BPXvx1BzcoT8nTVs137R+9c0/IfZRGV9UPprtZfnvOmIOo1mIfFurXH/OpZzqV5z6xQM341HfGviSO7iSK0P16w31RTva/bNmhxH1N2XQF/VH5Lpu8lZFdLR5tPTG5StRVtHYMSO/wcp2l5TFWwVlHoi6QClTyoIyL8ovws7/8i/9Bddy3Xz+1zqQ+YLOObjGH16bg5tFeyEDZmVJ7/D8BNx5J0NhRCwXiY+ZPL8ZRzEvp7smeK6TXxgSbpbFAW7aX/AVHw73PATiAdx+oDsUlaGvZuWt/Xs8w9uko1PI1OOCKh35iqN5YA6LMebKloMGtOXn47wuR2lCkdLzNt3UA1FP/Iivq5zSMX6tO0SDyke7hbKsp82T2b3Oz+DSF1FmhmbcCvrJaf7Cv77iiyagkWu+lGIjqwnzyQ51eHqmK09sJngfam0R3Aa7wZLtIqBQ46eG7ODy+ilzyE7O3WnduZow+NLO3mH69d/6Qfqr//kvpYNH76Xv/pE/nn7uD/1+W9RszlnFB5Y/vUBW7amjz/5NQO1cB7TDRpnH+YulvBEhfwHLxqMtCkePHqZ/+Mv/KP37/8F/kH70wSfp7SfvpS+evUjH5qDyW/7/g//+fy/9pf/Rv55eGO/s7CS9/dYTU3adPv/k0/T1r7+XTk7OfA0YHez7F8T+0X/9j9Pf+wd/P718eZKePHmcrnivLWPBKud6lCGPLGAXmwmI1xjkeeISHuYbKsZWDgd2o0I4nTIOIB6PuDCn/JvpZ372Z9O3f+J3W3u1id7Eov5tpkMnbnN9XgU4gcrIDZklva8MjYPrDq2NZU7zAY+cXLx8nj7+7V9L7z55MP/lS4OuU9/8E2IflfFYXnMpzim/9A2Q97HjOubXm1ZLvNbGtZsfntoG0qsyZf2RL/BwzW3A+hnbEz8Rg9/mtfwWjHmrnzfA2Lyd15PjpT6BV/0BreddUPujLbRffcBPrAhtna3OKCtIF9T5CHyzj/jhg9kA5THYFvDHm2z+X13nPoRUV6yjTNfadBPzbVE53p4zKwfPtoBiRM3D9ueyDvRMp3wCwnO4ef9UP5UEZvUZaC8Qj2dw277J7YeU7zKhPuJRf3ngCrJdmZCPcAcXQX7fnbB0cO3PTBmL9roOrsddJ4VzXc5rwhIqJ8dJcny0BEoHt41n48QDOZ4bPhrtF/Lz5aOjVuYDObiRR1zzTh08K2t8xZkE++aUYEvZLg27Np3RnijaILG8/Nz6fL/EwVEi6iOOg6u4QhHQ9QfiAcWplzbG+lSePHiSFV9psMjBVfkasRvsXGGf1UPa4PwIjdsGXQ7uTKQZ98nGNdjd0Q1MOw6AxpUZmMMOlBMswm1Y4ODGvijBZsgkPjx8kM5enKQHfPFocu5zd3T0KP3tv//L6a//0j9K73z92+mP/Zk/k37fT/2ktfcijazc4f7DdG7O2+6ovb419NW/CcQ+XQe6kRRoO/1iM8rHxMic/3/wX/3D9H/+v/zf0vHpOP3BP/iH04mFvBf4008+SH/8D/9s+t/92/+b9OLpszSZXqRvvv++n8h++vHH5uB+LV1cjNNwb8/nwQ8/+DD94n/8n6a/+p/8Yvr440/To0ePrP9th6iAYYajzTtvub5xE5ldY9u8Pc5Ywugm9LWsSfNFSL5IenE+trlu7bH1Zmp1/sS3v5P+1J/+k+lf/pf/ZdfVhUX9q3WqC7e9PneNRQ4u14A2MI59LTEHl/DifJLGZ8/TD3/jH6f33npgNytP3MGdyVkZqG/+CrGPyngsj94YAi0jAHm/7K5jfv1vtcSRZFxzcOUcSi9lZuXC/hNDYevgtutfW2erkz0MSF56JLOsgytnCwdTYA/x58DNyyQPnfH6xLr6qI6WL7lcR7bDy8Gf2j7dyIHyKjEeVYdso/y0cTinjD+D+rT0YwhVv9JA9mCDnFF4Kis5ZJRPnV7GMJML10d1owdZ2Rgx+JPf/enZIwpAhXyxDcY7UcAWYGJz/EBCyfPQdcJzliPml/GSwMwBR13gK9QjCmA+P6eXfQYXiB/l9Axr5Hnof+cHh1OI0/6hlfeo8kk4ctimFW/5rtl0qFy0tYabugjbASJSGkin0qAWVzsBvDhWBKXFI2QCLUIsB810+7+h0cD0zE8gyap/BCvtf8W3aeZJ0UyUfvG0XV9C+kEyOOWUz5K9iP1Sw6JHFHphIkx4/0j9bJKOzNG9ujSHyjYF3pbAGxR+9OHT9PjJe+k7v/v3pHfefcfkJ/6x7f7unn+xatB8AvK6sFQ7+2DlGUOQO5SWhnBueVL17OIyjS9309/5e7+cnj47TYcP300vzcE1fzE9f/Y8/dk/8yfTz/z0T/mJ7tHDR75h8Q17nr3lG/U8y8wlZJ2Ef3p67rrffee99GPf/l3pkd08vPON76R3v/ETmb7540bftrjxLXz76z9u4U+kd95HzkKjty3+5OvfyuH7P+bxJw3vLZN/62vfnIWPv5bzj5583cr+ePrGT/zedPD4nfS26fmpn/k5c3R/zEZ09xhb1L+Lev/W1+eOwQowh1ky98mlHCSfs0izX+36xseX9Z5/9rHdIO6l/cODtMsbFihncr4uWUha46tG9n+uj8r4wvnfhMDL8t915Bzpa7XkdIatQa4/5yIr+TIulPnLrWI9CA5oRld7a3zZaNSs3zfRzw9Nq6LW/2o7WPcRBaHz8jbtkX+CHZna/kIV+exBsrPUD8Qr2wK/1r4+qH7Keflm+xNKbZ4H0yLRDpF/78P4NQLyH2Sn+EA8EB3Xmu8Q6wTKk4MLKKey6ENWeoXZCe7sEQWe2Wsq447DFdtiYWosPvDX9Oz4S+YXo9Uj49BHPW3jBMUxMpYrSSe47nAEvrM8frNjczzX2XeCC1oHui4zcgeVOH3AiQzy6KajrYOndlHsbo4vQ/ndJj8IQbu5czT+aJTLs+zycVoWMf22W7NhwycUvw13jW/1WFldWEgoBwSQzQpB7REFxUHZfhDj1KmBpLrI10ATFCcUAdomqHy0mXgsI71O9Lk5L/Q1PQ5PUJy+7+Njd3sKkOvKQH97bVt+vq4z8ByrgVxikhLKCRbh8rc4wQWTy2l69Oit9PKL5+mdJ2+ni/Mz443T4aPH6f/+H/5i+pVf+1H61u/6felP/Jk/l37X7/mJNJmepv293fRw+CA9f/7Sf58/XoMSi+q/Ldp+XQ+xPJbSFhxQTqaYdVc2T3b3DtP/6a/8X9Pf+/u/nN56+710dj5No+FBev7Fx+mv/B/+t+mnfu9PpI8//jj92De+mT777BPX9a1vvu9xHv/wUwBOUm0u4OB+8fxZfqOCrR0XaS9d6uMjgw8l5mVzKqV57q8TakI+Us5DqBmbJGwc4TARmpSz3IFCzuY7z97ihD168DB98tmnfmP889/9qXT+/LnV0HWMZOUX9O9s6Hfgttfn7pHtw9Hz/pshz7uxzQ9fw1hTrS1cD8Y0XxrkBPf7v/Er6d23HvjcYS/h4+KdZk4DZPvmB/0X+6iMx/mvuRTnlF/fZrwg79c86NAnbK0Wwca1cf0ThOt8+hWBjrL+qFdxbuBuAz+RDHV/GU9wY79h6yXzl3lscp3rO9fUoMdedAoZT3ABv2zICW7Oy2VUX7RZcWQiv7N+Xw1bqFwOGS9WB2sNa1sxBnwMWnGFrEcg2jVtTlPH44tZf9aI/os2w5MO+KRoO/qUTxkIIAPx1poJMqRNzp8ftnx96gKY5/JXkEcnYcTMwc0D58oU2AVuBpEuNhsI3/7nYg9m3zKf74AYAuWBGOcZNRwG6Y55QDrEjzKEfHyneO6YVkZy4oPSpl0eEWgWFye1VQtnw/ftMtgIATYakBciNizSXFDyLW0TAUcUhzQ7RhiS5eBzgfjYzN+Li4Nr9eaiNgDsEo44YWZxtqLwle83FWarbFIINChoK3ygPDCLowONlo4U+yiWFyntMJv7IDl0xmspPq9g6gPtACoTr0HuDfq9taG1PIM6XZabgtCWbIv101z1cbFoZedDnN5cC4tj1mN2WJCvi2cZsq6Z/XO6M5B3R4xypl8E3DGqYr6/mdAsEPTjxDbt6eQqPXn33fT06dP0N//2P0h/9//36+nnvvun0h/+4386fePH37cxdm42mlu2s5+Ggz1bBMo+WA2y93WBtyhk2Hxpon5lzS769mIyTUePnqSXL8/S3/xbfyf9p//ZX09Pnx2nP/gH/lD6E3/su+kP/fQ/Yz194eXaa9dAF7VAy9pN51M22nIOcK3h9YXziOMnhr6+VOe/kf1hXaKld4U7v740ZgPgFLs2jpkXzFE5EKy3mjOTi5P0/e/9etqxG8Injx+ld9952y7N1L8AyMGO5HLvltc4I6/38/1U9pnWPTAfZ+zYWNDFrWJ+fW7BwUJ2bEVa8zPYY+bLeJy6FLc68z6VIdlYRutXF1SfHE7Q2mDx8Bl+K5vHre8/jUPSoi0L6P+Muh3skdFu70rqaRxm1cmvEcb6M3hVXPsdmpaP3ny9Y/vz3mP9bpVcsW5a2/xgqnFma6B82Z9QHo9T96/ArO7GbqFtf9uWmD/hexSGWAeIaeRFOU39UPuRf4TWFx8auuGmbxud6MEunxumh7TaOb8/5z6L9ZfEe3ZzXzTjtSmvPqI88ak5q2OeN+eHibDH7MvyOY5cpnxDKJ0cRHhdDDcL52axjAQ5SgchlDsqXth52TZeYi7PyvfJ9qEst4weZG7INc5tRE1Xl378YQY5E0ghPIU+VZowowxzx2udKUM2N3CT31yDDsS2Rtvn4qaj1q4ab12UdZfpVbAJu+Z1lJsWaVEX8nVDj5+gN7Lx+syu0ZIo2xXTxPvIJHz8+I2Z7RW8NYBTwgub2HyRBjDRff8xw7QQAMrdFj5275CWQ5abTQm7LrxNgp9OGNkNGM8l88qtP/On/nj6X/+v/hfp//i//3fSv/WX/o30p/7Yz7gMDqI7ib5qBnJdN/mSp+zB4NqIMJJ4feE87Q/r4SBN0vB6Ug05uXW7t1j5Jk3OIXMiOzPtnGdeMZY0nlZUvR40vm6ANabdK1rUeP24MZ+q9a0G+n3Vvs/rFpHV27BZtPUvXmuwuZltNmYIV13ngdrert99e00ds/4ztHrmUbZnPi0bcNZzOyKBGNbqixSxuB9bqGypI0J5siPa5bymurLeqDuS/9CDSAJdiHKgKx15QuTX8mvo0xUR5RSPMpEX+SCuM7X8iFXyYnpRuUgRfeUiolwtTljyS96mUda3CrpsW0VPKdulsw+1MuJ1kZBvC28uZlGmRF9eBJMb0kc0xPlohmds9fojd3KNj3MrvfDefLQLW77haIi4Ex9/2V38Jb9YtZMePzpKjx4c+Cu3nn7+ctF94kK0Jwd3Q196aMFdl1bA3Hxs5gw8xaGIMv0motYu0MVfF7FvYzxiGZm7w/xNjLCoH1o7kctrKAR/2TaU+lVu1T6I8suUla1l/WBmg2X1ke0WndT+GmumWj0gynQh5kuP0sqLBLrqEyQX4SNAGTUBVRBl+ihC6ZIPYhmREONA6S6+QLpGMU+opWuQnPJLuVpelOmKlyDvNuX6KMp1oS8vQnq6SDIlarwablMWINsnr/wukkxEy+96jKBF1FUjoZZeBsgx0eWs4hRJF84uv9bFL3RFGZVZtEC8OeAxC9qWiYV5FjcaDfmxhd00NG/2+vLC/N5xerA/SG8/eWSdkftkXeijurui1w2Nk7uiu0atnli/5plkNHe+bFD7FG4Ksa9q8bI/u+L3CbK5tG+dvivLSGdNfw2lXBmv0bJYVVakm2/F19UD6J8uPVFWdZZylFcfx76OZSP5CW4UiHGlhTJf6EvX+JEXEfNKucivhTWQF0nwNKHiTR4hJzw8ehD5QpSr5YPIK+XBMhcFivllXCjzSurKE19hybsNoo6oG+S47qy7KTuSOYzx2ecVS0L1z9tRr1NUq7vld4N3sEIlaie5rS0W99GWdc/bm+uf5+WJr0kugs/JLT9P+41vfMNDeNPmiwFxzN0WZd2bpkXAsb3xEWnj7PKYULocp/Mzftb2aRpfnKThIDu8k8lJevoFXyi7nYNbs3mTtMXdgL5lLjAvlIY0r8R70xHboLjauinEPlMIlonfGXi+179jUiKv34L6Qv3R2sbYaMeD8nkitbmDXrkdkpfOavkOu/Pbjtryghy+qi5DrX2RVoXKEEaHU3zVAyK/hphX0xF1Q0oLsV1lvUIsD809oiAqEXmlbI2ErrggXplXluvKj+EiinKKR3TxwSyv7dMZ1tFXAhmR0BWPFxYoL5ZXPFKE0pFfytwWt9VdK7OMHsmsWx5EOeK19G1IeiLK9DKgjMYD3wjnJ2ffeeedGye4X040bdOJLKERJ9jvvPU4vfXwQTrYH6Y92ycGu1MLr9OBJWpzeBVokb8ret1g3Nwl3TVUR5xrqjvOh2iPZJV+0xHb0RXfBNS/CkFfPKZfDzgcqH9KItuijfRX7DPP03qzJNTuTP2HJCDWX8ZrVOK211htvtHuBsTLdaqsc5F90qF8lVdaZSNFlPWBKBfL3XgGNyLyyxDEfLBMXBCvK6yhL09ARiREHlzlRDlObsvn88izyzB7NkW8EuJJX5dMjR/RVW4RpFskKF7LE2q8PkRdNZJMiRqvhq6yy5YHfbLS1UddII/ljS+piEr0neTO3alb3E9vb9SHzM3yVruTNmkeR2CRYLJzUkuIk7u/n1+Dp5Nb4lqQvgwOr75sIBKYo9BHH/4offH55+nli2fp9OWLdHry0t9/enS4l7723rtZ6BagL++SttgsNL+YC5oPSgPSJe/LgNiWTbYr9ldE5Mf8muztoPVRVKDjRDTKzt5m4dTamMOWL/i4qalcEugVZfTb3coRhzffhzE/Qte5vN436+8GZWskdK1RXfq76lZauqMcRD2KC6UtNUR5ULW2VFyiltcnvyyijlKf0l38Gsir5feVAV3lIpaVWQTpibJd5Rbpq+koy9R0dMmug6iDeJleFbexSWU3UW+brk/wZSCHrM8e8vpIE5wFACcX4LjKoYWI8zwn8tER3oSDqzruihZitnk1YZF+992v+SMaOPoPjg7SW289Sof7e+n09Dj96Ec/cJnboGbzJmmLu0Ff/zJPtlgPXX33pvWp7I12l+PlVbZpUb8S3oU9y6xBse7b9NEiWdWzjFwZigZ/+ud/Nv+SWeLulux8t6JfBFMDuJNw732Jd4RkfTVcp6FtuGRHGcVVn9LUFwk+WTnMXv6Ad8o2mzikjZ66aher/Jhgx+SpDdlYt1lS3Dc19TYqZYPsEPV9UYSiXqZ5R6sIHpCuGPbFBfGVJ5BW38zQOATiRXlB+iMJ+m33LqjPFaq8bIskHqFI16BOyItq+Zmaimc2AOXx0mhBssqrkfJbzLefUQLxV3B5szHysYUY7+1zftCdiXkRdZMfKYPxxRjnB0PAlc3Hg/3DNJmO00cff5aGew/Nkd5LT97+Wjp4cJAGo6s02L1Ok4tp2tvbtxJmUavuBqKjXKNXgVq9IrfP/HQneB5vQktf8kMrZuaQ/rR//tvnRrx9b493YC4YO4vodYL2LcJtbVymjj4sqj+/rosxVifeNWpSszRxEfOjNY90rkvXBsplMlhPAGPG32Fqg+DkxYs0vjj39+By83N+dpomY964MfQ3kQwszLrq44T5A3I8I8bL/otlsxh2Bz7/FCejKWN/q7oURvmMeVng+fwPcrbaNrGWP68np7vIrkqWCfXF/GhHTueweftlumwuj+TxM2JaUFR9QAgNhqOZrJO1J1+rfL1nfeYBMpmPrHTMI481fuuDPMYKyOXsz9yazHuq834VbQAxHfmAOGWyffk58LzWt2FjsPVTsw+YoxF15TYa32wkXQN82qAyaq/I+VZPDpsyRvyIAjzsm7Xf/xqsHECG/GnzaSEUQXkQ+eJF8Ckj/JkOi8ey2t/4dU5CpWfyFpetUO6XrEN6cti0yTkGZZbo4guL8pdFqaemdx2ZLnTJLdJJfJk6yjI1rKqnC8gskov5ii+je12UNvngvEdYq+12c6B2dVFEmQbt9rse8qRu9SrOQsCvNX322Wfp+PjY0+RJXgvCbYGuPrpraKF38kc8AvmX9XrauOLzc1u8HnStFV3PT666tmizhF71+N003jSba/aWvE20KY4JXev7hk208zY6Vim7qP+68rvqWLZu5EpZXc8aCSo3ewY3MpWuoZYXy6+CWl21dJQr0zX05ektCXrmtpQlpTuaWI/KCGV+DBfFSywjV8ooXCS7LPr0rKJvoawenlyHNgGcVBwhTrKL+EKiOKb4KJmHnskt2z97Jtd/4nn+04MM9GbdGZTtbisn8ujXhFZ9nD6dnJykH/7wh+nZs2d+16vTe9lDPC4GNXrdqNkUaR7WLh8X6kPaR9/spMuG/KdyoYqu+0i6nl1UK/NlohI1nhDzFO/SQ98B8nQyJDnd/G3iBvCuoXZEaGy8KZC9i2zulPE5X6JdR+fHQl4PMmlcVG50my+p3gS8SJtB2a68N7Tjb7YvEQ+ytf7o7KcKJNsnX+bF/uwr3/bvPLrKlPx8vdo6NCdLOSBZKJ7wlrKdXzKL6TJf6ZKnsI8kExH5JYmvsOR1QbKRxBfKeJQTIr+kmB/jNZ7iQh9PqMkIXbzIL8uX+SDyYl4pB2q8EtIn2WXKrIbbbULRnjK+lK3VxfUmpGspnQGyo4viRsyEBvCn06k7uB9//LGf4IIop4VgESTbRYtQK7MKLYdiDMyuiRz4dkMzN8bJ4w3vNnTfUbN5FboviLaU8b68PjBPAHLMBc0HzSnNlzcBaktEjfemQLaXoTBLz+Z6N2r9UI6b1wVs62pbmdcVB2Ua1HglkBEpLdA/XToW9V3MVzzWIYp5ohqUF+dmlEWP5rAInsrNyqpQzBBq6RKL8ktIhrBWVvxIXXyoRBcfRH4ZJ+XUlBflDz7neX0001ehmKd4DV0ykS+IV+PXQiD5yBMivwyXgcqL7iuibavYOWsXp7L+Ufl8e6/tTlxvV3C5JlQ8O2eRFqByijyryya0FgwmuE5xOZ3SokA+aWhqTvBtoTq76Lao6YzkD8vxnKaHIc98FSizbfFzys8MQptwbqH7jprNr5Jui6inKw764lFWcyVSl8ybAtka7X5T7C/trbVBIajlO3B0K85u+8jSomvKzU3lhr/zJHdTYA3PJDtLRNtvfNoIT3lRrgkXYVEZ5StPcwQQj3mCZKKsEPXFcl18AZ72MKgmS30ipVVOsr5jKgHFtFDGI4m3CqJ81COI10dCjJcdrLxSvqu88iJFlPwY1vLKuNKglicS+uKlbETJ75IDyusq05XfBeS6ypTX53Ug2ge64rfBXerXJIaI49iCqJtHEyCAY6u722VoEXS33EW3Rc2mSLU6I2Xc7OeO/XBl1Gy6T3Rb1HS+ShI648EpKWVEfdDmt4zsfURtDanx7jNkb7S7bAPpvvwulM6Qyi1b/q7RZU+0VajJljKgxusCsqJlEeeWypXlo0xElC/LiCe+yooXndsYlzyI9UlOMp5WRAJdiHI1RB2LqAu1/LJcTItXQ5SPYUTklXE9q0tcFLGIvyi+CFGmK16CvD7ZMl8Qrytf6MsToq77jmjjuvbalHcqsbpuZHL/95GcOOJMbqVxaIfDoX9LlZCJLqcP2ej09kGL1OuiRcjnsYGacuIorUcTIinvNnTX0DXrokWo2bwKvRrQjsU0/75SKCPaWbO5xtP80QZYa2+t3H2E2lKixrvvKG3ua0M9D17LlyNUOjrdmB9brwKlPTGtE+gSsR0xHlHjlUAGv0ak7yKJuviQsEw9EZIn1BwjLqoh5utagnhdu6B8yKTt4hrdLNChJB7hrxo6crzUHdP+6a+lCTPDOkXkkL6odzFyHZSZL19r501e28llHmmRQFxvVLvWO1JAjPeh+ThaH0/MkfhN6PVW+IDh6iCtPENpb0QXf1nctvwiMApEQCdzZbgslre3nVxddKeweYSTw09KAhYLXnMH3xf1IU6sXfGh5e9MbbqY7BU/MZGdW17Rt8Rb/npBnVe4ix2hyzTzvQyXAXoWU67PyWp1srbOv1bKsEK9q0F6Vw1vD2+dtWudMNqTN6ybIeOF/l037NKrEHTNV0K/ph38GWz853R3P8/JBzBHB5V5yg0Q9MrgjbppxypYZb3xJeOW9d0GXBkbBVWbxStDYaV2mqwTbtqNcPEN/iLMRljYS2+DRW3ry19UtgvsASJ0EPq8C3OmS3fkrlJ/lF2mHDKRgI0ei+s60v/z10A/tezxJmvw5/7oz/4CPpe/8s0E2ARz2rxfkxrskrbNk4LWfhaHNj8r9DMsD+3yWycRmkg1nHngZgDvmZsjf8cqnRwWLGS9Ho82ssTn+ZRTfuY506E4Ie87NBGPqzxp3puZ22RklupVRPzLHO5r7J9/Gz7nQde0Bx71mv2XbLJegbWD5lj0mrjZR7jr5dGEvlYPfCgvQpDxm5A0MpkPl3RjTzNpy3Qu1/Klxx0cq98tsjghaZHSO7TL2jMXGuV+yuNiQIjtueZZiBKl89gJvWg6Zv3ckJvUUB4/bah8D62sGUOitdHi3ECg1/5Q0tPejU0411aLxPEQibEJNEbdaQw0GPAOW5cwyjE0NdpmMbDjFVr9TeU4YQ7GB46ncUSkXaxZYLTYQOTIiUPZcLiTLicXaTQcNu/vHKXpZGpVDNKv/JNfTU9fvnRH97s//11rw1Xa39tPA1uMx+fnVnZkeaP07Pnz9ODhwzSeTNIFOvb2/BVjp6en3qflqWEk3AD+YUstvDaZ6bXZUwmvzAG6vuKRiW4yRabK6ukim0O5P1xy9o+UU5NvFRlhl+K5vP2Z17cquX5coXro72+0evMzwGVo5enDqK8gM7CTqHtifXnpZLcTlZBhx42GabsR0h8DC3w9RmVHyLjx0bxO6HryeLgRGl2aAFcZc2oha+AV89H+EZrWWUgPE0s8U25twaHOz5aPre4dG982R0eD9OLl83R4dODvhr4Yn6eHjx6kqclNppN0/vI4nZ0cp4P9vfT4rUc25uhz25ds7ZhO7abQxn+G15Q3/0A73h6zw7Pr8W5incn6fV32uGU05KotlAygjEA8f3nSUx5KLyvsbK1ljba1L6+vrLp5t0E47z+5bhG6RJFfI+ZRtqgtk8mNyrZhFKIwLK6Qf16/O5swI7KefD1ATs/q9b5t2m5/PBedDeU1u32PqyUoYaGVhVjD+QTLxox0ZWr6gnwj1lz4frFdD9XltgGraaaTMqqDEMIXyPnUQoHc/hnZHCHPVglLM6ezjPbYPF/hwzPbsBm+Fb66nJqC3L5ok+B2N1D7yjhttEROO2W7FGqcOzVp7GFek446Ffo+Zf2u736Qln3ki8ijHWTlbPj0ex6vHMKgx+Xtn/sK2VxLee12+dBt0Zx0nd4mrLRrm+2hj9DNMPQOz0QmaJ2kDPHnkTsaJzEjpxeFdV0RfeWxsaxvOczqpYdzpAlbIHPTPjoPAgq7MdNhF6wWzvIb2Zvoqg9ZyZf5y4Yt6nUH+1fAOmWWRZzIPnFsnLLpRAJl+DpxZ31hY19XkmkwmwoNfLEltD6yWy0XyCdnBu+YqzQ+MyfWwolt/OOLMw+Hg530xDb7b33zfSts5Xqodmq3bOhxkfFqIfayzHeFfipt8RzepGvbBFoiPU/+pvlbEHpZhK+uVg8pW9MZ6Xpq/dRBV0a71saMenh5OfGNpiscT87T5GKcxnbda+HEbp6m48naYZdeQtU99XQ95IuSl67vZoj+a2vHjg2GfXNkuTHb2xv6IzmMrSkvobc+1KM4Wjvof9A1L1/9mnFzPV4Hy6wzPm9yNzh2NnTyuApkJ87Spk4+l0F2jD3WhBld/Rb3mm7gQDXRQu+m4ftdsCl/EpzbVLYhprvaB9+vgevJkHbCrtb36VMoWoSaXCxfywfz/Oa6emNKaD3MsJu8eaWtkpuIchHLlO2CdC7SEWVAKVcrV5YRagOZRa620ElHTc9tEPXVdC/KXwTKdOlYRrf4N/M1Fcwhsayc3aZjfo2uzDvpI9Y/0Y280pR7Dvquq3/XxY2xa4tVHrecYKiuZgFoMCtjTuSVOQiPDg/SwBylkYlPz8/Siy8+T59++EH64He+b4zJAjJH9xZ0PcFZM0dlHbKyNZ2rUM1xXJb4RbRrIxzNdcjLWv9X29bQ1WTcSddO5sSN16NLKzsaZIewi/Ss9rpU0ymi7j2j/d1u2tsxx7WDRruDdHp8ki7Ozp3OT0/9k4krd2zNwTUn+dIc4f3Rno91yJYNd4wJOTt809G5puC0BMfltcMWaz/tbLDpdbALXf3T2W8GOZI1v6BElCnl76qNsZ6+OrraHbGKjVFWccI+WoRaGYhT2JKndkee5EpkHuNtfu/zlArEgsTLtKC8Wn7Mq1EpU0MpWyLm9eULUf7KHa15SE+Ui+m7RFmn4kJXvAtRD4jpWp5Q5oGabG0RUNllaF1Qb63u+wa1sWzrbdpeousagKtmE8fpVZ9BjHsvd32Z9kaDdHFy7Ce3bz048tPbtx89TI8fPUj7g900Gu52hnvmhLijskbohA7S64RG+xZH3zoh5LrWJPTUHLdVCB17FnbR/mjUSXvDkT8SNOqhA5Ppo3ya2035tHl9qumMpJ9Ont0wrBjyJUocacYyp8HcOHCSe3Bw4P17dnbmfWXGuAzzgtNfgJO7uVn4etG1zizCbQ8JqG8ZErridw3VVdZZpn1NbELFV0FXPesCPdJV2lSrK8pHlDIlVE5U8oS+OCSHs31UoB/RkY2IOmKe2q/8GILYR7GcsPNv/0//lWsyRM700LbKCt9Uz/GheBFYxPrAAgVsLb6hB+KjPEG83PCmfiJNnsJV4kMrP9dps/bwLM5OGmJYkxf5LeVFE8IWPjbIHZ750+Zdo/6sTQW7tsl7+ZRPPChLKJ08YyWQbsMc5/kSyXaRLjrxbFvLs63C9cATYhyQjmXnZK8uZ7yYpz5dhLkv3FUgPQpVh/e1Xa3dwZ45b/NjACjOJivU8jkaVpxQpDTlu/MHzRMu1N987Ol/Ixq7TTC2pXnycGZfqZtnaAHtjLCr2MQMNsZ4CpiPcw/393wzH+7tmyW76fTiKv0//sP/T/re73yUvv7NH0//6r/2b6ThaD89ODryj7XPTfbB4YE5Sbvp/Pw0/Rd/428knks8OT72Z9MIzy8uXB6rqfVmiG08KND2wCphBqluqD+6kTXhrDBVypD5XOMr9I8GetBXv3/KwwzqFuktjw3cYsePjFcF7/Ptw6L+m/pzzt1Y3P/9WLQO6CNy+oD+LEPW3xp/lm/jF0eWfebs4tz3k8PDQ3+GnF/w+/N//s+nb3/nJ3xuMNeYTzi4yEzHF+nTD36Uvvjs4/Tk8aP0rR97P11yKm7X9GA0tHlx7mtxRraTOiOY1x6Gflq1z2If1eJduomzTsQy+ZlgkB16fwwnotiHdnb3mth64FGQPsT9e65tzbzfvR56WNolXPIYT4P5vsn1Xjfjh74QKS3Ml4txuwmbnlusrVuPY+o6Sw+/fuihBVFHumr3xEyZLZlWNl8PMGdD2AciP9pPXrlPIOuPePEY06wv8h4jPYTyv8QDMa6FmHGiemQL1FoxX45xT5cwP/g+AXm18iqDzcy96ENAljMrI7nMz+Wm5j9Jn6MZJ84zA8bnY28jcsjgCuR6XOzG/N35hf/Zv3rDwQV61rXM4wSh5AEZJMO7wOIEMIzysQNAOYEkQwMUFz+Wi2EZVxqU36BVe+R46mMslZs5pEaZnx3HnLe+g7u7k1/lJCc36+DiZzniMbSY/13k4KKnHDwQ4BrJwRWUB4j7oLFQ9hBG+LOS3lac8hwymfOAWhxm57RfLo+BNj2rB3veEAeXDZm+FDFRCTuvTbPQlv1tLW9iBvrBVE3H5+noYH/OwT0bX7uD+xvf/zC9/61vp3/lL/7r7uAe2cZOHZzY4uCOzbllgfhrf+2vpd/7e39veuedd9KTJ09mp1xuay/Wd3AJHcwNNqpVQ0P+2w31ZydMT+m0RCwqvwkHtw+L6mfd6MOi6zcwR64PC/tvARbVv8jBZf2t8RXyrC+ntYxhbvSGe/lE98MPP0zf+9730re+9a30B/7AH0gvjl96W3CA+WW/R48epYk5xJ99+MEb7+ACyWJljudxxYn2HJg7Abd1cFVPF/xZ81r7GPw2cWbPABd2CZtwcEHVBq705MzCWPf8ddb62+fgAu2PRbVh/2mdtDlb1nBwBTm40i3KeTmU/wGifsV3BnmPZyNTPSL4fDGxVm42D63dcCQfQyAHG7uRbftJtOsypZwFMz0Q+aR53l4gPT6behshZHAFsg/V6srI4c6/8z//izMHNyI6cjmdwy4HF8SGdgEH18s2BpW6ooMb82IDJBvzhbaBN/M9bjYqDpB38m92tvIstDne8kHsF8pt2sGNJ7gAXg5zu/imObwucpusjT44mjSheNHBhS8oHsupbJTj+jrPemzXJguhFi9C87/n0uuGUY+PFauHrMHwfju4iNKHzEv1OaQFPU7sqHsVB5cv7Dw4zA7uyJzYKxutZ+N8gts6uP+mObh75uAeeFEc3KOjI3Nwz7yOX/zFX0x/4k/8ifT++++7E/DixQvn6xOWPnRcsqXCFurD+XDRDRN6+uB93YH5+uso+79En36g69kN2rI+WD/6sMg+jb8uLLa/H4vqF7rGh83OKl8h9kcHl5NZrtmvf+830i//8i+nb37zm+lP/+k/nZ4/f+5r62h/Pz19+jS99dZb/rz5Fx9/9CVwcPNciGW1r/FlQkB/zaFZf27v4JaYH89af+M+Pm9nM7/u2MEFN/u238FFRte/y8G9vsx1MuZy/U1Gg3b/aa/PXPkFDi4heYxv8nMdqsR0+w3MvG4RmAYHF0Q50Ofger7/LWy2uBxc+kcnuBDlFIdUPzbTR20/iVoHF3nJWeCQTvQQZ5yoLGk5uLwhBR3w5UNJV8R8qgGCrwNd9S5rT5Qry5Rp77wA8hfVsygfSE8fCTFew6L8TWGlenzGI29D5xWG2fG3uNP9Rtmfd3Ed8/ilb3J/UIcc/xo02g+OHvip75hnGm05u7QMxfcODtPk8moBNQvMGqHT1HQ4KT4fXtriZtV0h3bn00d8BH+nZHb2kRbvLpraxpJ11UOuxXg66Qjzx/J9NOvnDoob2uskrlUtpA9yP9VDZHBscUYheHy5ivFPHB5Aji2bDY+482wWzK/6byJusf7JuXwFuIs1767AWlr6A4uwqvxdQ/3d1e+LrkeZv+z1i3LLlFFfR4qo6RCPsGeLq2LuLQrygoFCEGVKxDzKLyJQNgrAY4HCG48eufJiWINkSzvE9wWvWfT8HXON3Cyf+i1/lrYAuoRvRN1aKPsg+7sIUIfqKUE9sb1lnBPwUmdsK0RcfJUFyivla5j1V0NevzU/n7Chl5Ni7jbRj47Myyfe1M0JdSaVQW6H9MCoI7Q/JmrUhOJzcjvYHc1sj/ZHqrUr5ilfYQRtlGzMU9+X+V1UQmVjfzLWtWGTB7Appms62cD39/fNmcqvQ+IThDPj4bTqMQOe02Q8T+2CXRZ36mc8w2TXbHcwss1+153KqXm59O/5Ba9gaq5FlazPeF/jmqT+9/cVdxCfMPQRTkof4ex0kfqS+d9Fmu81Wub661r3Edeni/wZy06an781qtUXaRFqZVahRbAm3op4xzPXkkctIHd8rd7BiHc8D20e7KXj01OTsfFkcjyq8NbbT9LpOZ92jGafUGAr14s5pGsX11LiItKCZLuo7I8aRcSysZ4uUJ5xPn/Dz6dbefxqzY3j3kUb5zauBTV7FiHamymv90rTBkK3ySpetZ5Wb0uR36WrbFMpo/KtfbkvJaf8KCeK8nGMiLcKVGdZn/i0AaC/HHuA/V82QdEWEMds1C9ZxQFpyYsXEcuJpnYTj40lH7CfRX6pk/YhA6Kd4qs8fL44ylwlrn6ZlR3mTxqVD/BNGOhWeybT47aQqUSJLr6g/EVyERgrlOVqOlbRXcqpbE1HmQbL8vqguvpoFdTkS96qOpdBv05NqNXC2UKox0EqocMW4zLNuPGFugJkI8r0fUacDzFehXUAk5r2MdlxaCnDx7R8NMsztfmLYBnz/ZD70LaChoBu6HLIYzYZbf582EKiq4b5o0l90Wq1MD/9uxn0j9Tu8NZwR8M2AG/XauHuKzyBuyssO066wnKOdI0Iv9n5kqH51Pwrj771nfHRR+sgr42ZXjdKW8o0iPEu9JVfF316an3fJdtnixznWl21OvwEN6JWOPIilajxlkFNb02XeGpILFOTB+KXcnmbvcl3zU1cIE/ym0Csr0RXnvhd5UBf3rJYrN82WTbaDvJnlwqeO7ANefke0olALQ9adaFSn22ibzaB29qTyzaOfwOc3sO33nInt9XdXIcG3m85Yjk8kNCS/yJhweskU3JbwlFF16phTdfq1OhbI4RuC64Mzuo6oRPxW9DrR9OXa4ZZQ0vAx3tzWoljK+eWMa9P4kSbQlyDVlmPNgVu9udv+PP6qH5p19DcPzfl14TW9RvI9d+E+F35qyGvbW24acRreVd1LINYdxlfRF3oylumbIlyzEcdfbq68haVEziE4cB4dkrMmLKBjT1zZJMAmhtxZSVd6RgvaVWoTCxfhougslE+phUvvX9I+QpLnhDzboOyjqizNmhiGFGWrclsAqpnHf2x7LLlS/mucuqrKFeWU1wo0/cJmpiLwMktcnw0ozeS8Eyi/fGPj4TY1qtGbdavj/Hyxz15O8xhLtOma2F0lNYJs6NCavUw0+2R9a0ebgq6MquGXwbQlkXt7ApB1zzRNVK+ZLg5AJua+7HurvidoepYziO2syv+JoN2qC1lm+7iGqi+WO9dItZRi8uOLhIU7woB8Ug1/6hGgvpb/Fhe/Ih4fbpkBOkRiSfHNpLya9f/xi+ZgciLJNTyROugr3yZVzYi5ksmAl7siJJ4boltU2nBayl4y0B6lqGI8uIrP8p18Wr820A6S32ksVKnAasQpyv+LGbQvQyVoJ9qY6AWRtR4rwPYUdqi9pTtqoG+zKdUxG3sXl2li4uJv1GBd4He1J83xViHO5kFLXuKi7Z1ScC6tcmacSuq6VyBbgs/jbwVoWN9ug/A6VyH/BoQ9zA/jKNxxZi31cUmhwk0xFiHoo5NQHoVF2L8ThEWVkUj6It2X2s/DSs/+bkVVj7J3Qy0volK6Np00TpQXfgQrwKxbbGNMQ7KvEjixVCIciUtg5ocvNLHEj8ipqNMjR9RysqnE9381DfjxhUrFdXSfbxFiIOsLC+KeRFlOkLysVzJoyNq/BpFKF3y10Gso6Yv8mrxMhTK9Lqo6VlVd981XoQoV8qjly8a1VCWiWHJe52o2QWWXXx1apsfyufh+7xwo2s46HsFUPsxDl9AA7MaZUtjj/hlCOI56qqhQ5viOmET14a+anhbxH54nVi2vV3h64YeFVg1BBrDEbzbnJHBGI75pVMf59smoHpKe+4L1N5Nt/t1graIlN404vWM9d1FXX1QfcvUW47BWpkuHtQ6ivPtrVEJeF3la4j8Mq604pEHymujekXkR2p2j4wupSVfVKLGWwfL6iltieViXkkRffyIMr0uanXVEGW65JfVtS6i/lk9zZeEuih/9D3Py+8IZmBavpXvI45ZYjiX5/ryIIdKlH1xl31zG3TZVWtTiXYS52ujb6ISbyl/aU9QfzkZ+3pn15xcTnlMly0BS4cep3y+EuuETn119IUqfxvCjjVJqOpdmubH9OpU07kc3QeoL3Fa1wnltJZkM8CIOKMlh2080yageVSii/+qkef+zZNarQ0bR7jxfBW4s3Y0iNcw1nOXdUZ0tU/8aF855srxpzKiEmV+TaYLqjvWuYqOKLdKGfwL6lRd0bmFSjinqwIp6YLy+mSWgeqp6emuY74xXeVLUIo7fhHpqEkaCPlVj1UhO7TQ3KSss5Vbr45VwOYQw0Wo2hV3SNtoq1QBbRakt48k14U4oWI8orP83EKs+Krh7RA3ZaU91IOyC3B1mRcV2qhXpTCxp9Pp7B2gEeqj2dWxPoCnyxlDdNb4ChUHfXJ9Ye7HRX3cHS5bTy1U/DbYhI7boNauZUPF7wM02lcOGftKFBC/XBfy6OEvbvBmUdZ1l9AsuLF49KBvLX3zMOsBb1dsm66Dr209lJHHQtQ32xt6HPa8l6FDehb3/20R25gfsbGb3Lm2mBVFehmsOi4W+Q5RX3ltboXmWuQvqNPWm/Vk0iEaaH2R2VsUYqi4Oi6S+LUQqLx0CCrPZhxluuTgR89csrvDUeK9qLzH09+T6oOOTmDj5kSLDX/ozqvu4nUnD3kfNM9oEYf87h/dEOkmNO1paHVHAvkugneY8k64THovIa+xg8q3CZC+0vd6OqB+jH1SxpGJ7/ub8XnfId8iNvGSkCIEsU85/dOXlYbWb9AuTjg91eyI17THPwq30P7QVwPLshZlMlHIv91olyK/pzdfG2h2UtgQtvaR3nentglqt+qKA1p9Qb7AhBDN+t/L69282ML4MYW01yQXh4p3gzridYEAPMzllwAh+pG0N4GxiHzj5HpbrG8h6dJ7Ynm3rV8bK3F5eZXGF9M0mVyazoG/Loz6ow30iOtr+PQtde6P9tL56Vk62NtPl5Op8xT20e2BRetTzaZVKF+/9ammcxWq6VyFajpXodePeruWpdH+nv/wBfOK90EznhnXo70D3xMmY5sLuyMn1tsxPx7SrM28Vk9zUvMSMD9K0nyBSMdyce56nzb7CUReH0U9NSrtiXbwK2XsNTSMl0awDg8tAg0sAc3WYougj1mj53EVF4kX3/Vck3OlotrBBtQAmwFrq+/DzX6c19z8TlMnW49Zm/0XPY3gcS0HvPOc/d3qipTXarOHOqwn/de0vB7aPZjd7PNT9pApm9GO9d2uyQ+sX2w4+HhgJ4vvmGZ8+F5NGIhfXrMV20OudbaHeiHtQbQ/k9L5euV3u7Z9YtfK2mq77uwfr/7LZLoRszWdfYCda8heQWu9PflHZNDrPWDXHMIO0hDxge0R8EnTD/zyqcj7hl/2MRWYBOVH3LANf8D8ANsXdmzfZkdiSBOShvAN3GewDoDkM2UTkLQ2FOnIhwT6Il9X8ezaWn3TKX3GNaSv8U3yXPa8ibUHf4JrQzkj4/g/Z9n4v7w2f8z+XfvF8v/dUOWtERklP+YvEwdlOqJXlkEIKb4i5LhCGlQMKMgHWCNTB4Orbp94GswtsDGTy5jNtfJCmSd08RdB1hBGy5bXJ/sBYe6DdnUvNWfQw+tep033wTzQIT2rhusj2k5vkLaRkBkBGnvetRX4JsGCY+VL4qZOdzJxHDrLFBLmbW2LLb68mF+DWW9xYAxr7BcluublplCb15FadM/jebl5lPpKugusq7deLl/DLp2ddZkTnscF5WsEFGZoHM2PJ/X7+uvoqv2xjHyUIR5pVXSV8fvEDsQysV6F8324KqTLbkqCHtUDwc958/XMXdFYABJPqPFj2BUXajwQ+WVeRF/eq0KX7V1QPqGoC2Ven+xtEPV21bGMTBduU7bEbcvfB9CGSHFpZNFQGxUKcTOd3YwFPSKgEMzdoNnCHuW22OKriq/aHHjd8z7WrXjk1ZwVIX+ydrM86IoLpa5VcTtnbHnU7GwdtXnMyxK2lD+NzFTjzef1Q/VEKrEobxVEXV1lu/JJx1PgfLo9D3dwy4JACiMJtTwo5sV4SUJMRz6oyW4CfXpWGdir2KO2xDK1dERf3m3QpZe40n0yi9BXdpnyQpee+45yDM212z86mscsL7Sx+xMEy7MJzUdXUW8M4wKpkI/nwKyuLbb4kqJrDb8vYx87+ui2kI5S1yZ0L4OyHWW8zBdiXpmvdJlXxrsoopYfqVw7I7rG1iqgjhgKZboLpQ2yO8ah/ChFSzGvj0rZqFfxiJpcpGVRytPO2NZoV0RsX+367KpADCPVeH38kko5oSsOyjylS7l1IH1Rlzqz1kElYtmoK/KFrnyFoOTX0mV8E5jpuja94SC/rYNBkz/aW6fuKL9K2VhXV/xNQbS31paYvyx4tKbUVSKO5dkjD2vWt8UWbxJqa3nfXLlv0DztomUQ5WI5xftoU4i6ynisa3adeHSPx9oCslz95LHUKdQcNBDHw7KIY2md8l0obVeasKxT+VFOiOmYr3h0/pS3CCqnMrVyfby+cmqTEGUjlRBf7QFRV1/Z1rMxlIIx3UWSiyGIMiJB8chXPKYjyvRtUNMVO37TULtE4kX0pcu82wBdXbpr8chbBsgv0rkM1i1334DtkcpT3Bm/iS+H9qMYjVtNeN4UXD4fJr19J8NbbPFlQVzL49xafn69+Sjb+6ra3lWn7BGVKPNKmZx301kr42X+qtA6etco7VzXZukpSc6gSPxFiLJlmZgu4wpLvuJ9iPIldC3Iwza+5EYcPo8kEJIWlZg9ohAzY7rkC2U+YUniC5G/DFaVXwZ9+lYZ2DXbSKMj6umrr6ajxKL8tdFxcpu/rTp/Jw0yfzVbovw67biztt8xynFEO0SA525FQldb4UaKziuPHvivz/s3ZItxZ1HypDfWv8UWX1aUc+++QetrF+UtuY/60TfHX9X8j/WUdcY21l751HWSa39zIqC/npvyjA34fSSU46hdX8vrsRrFt1fMkVXNW5BsJXciHUlvSfIV3/qNUJTo04bKdORDtTZ3kRDjJcq8Wvk+RPlIIF4D8eXg4tzKwVU+DnCJ2SMKQkzX4oRlmS7EMqtgVfn7DvXZsv3Rlb+o3LpYrb6bg2gRVrH7Vbf9dUBtuU2b9Fxtu/DmOG8D8XTxdW9/1cwWW3xFoDnxpoE1oY+WQSkX01FXjTaFLl19ddTylrEpyhBXOsbXxV2Mo9Kmmo2bqFftF62CVcutqr9EX3nlEeqEmf6Rk6u8mg7bJ9uOVEFCf9+ZkRQqP6YB8uXFEK/mYcvLJk/vdZOsjFUZ6VEcRBtKO8pQMpFUD/lQjC9DoKYXoCu/B3a+3wBxtV989MX6QVlGoeKUl37pKuV6ibu45k5OyPVz7WPddufnziyyxDNULupUGpT9G9sGYrkaRVkQ82hviVJe/XIbivUpVLxsD5B8KRuhfJWf5fPIAnfmDX88HvuPNvA+RL01AT488ujb09NTf+cj4ePHj9Pnn3+e/v1/799LP/rRj3z8TScTL8M4mUzGHoc/mV64bbwP9OjoyMuTdjOacIst7js0V7TOAOYJY5g5ovWRfIAMYz6/Z3WQLi4u/J3RzImTk5O0t7fnaenqg+bxbP42iDaV619EX17UG2UkRx7t0lytycS49Ikn2/pskH6VhVZBTW/UBZ+Q6wC1J9dZbgZe6WZU2hf1qy1636z8CQioztimRe3TD+eA2E9AYR8YU/IBNA5jHdIXbYn2qCxx5GQDyHqwjX4hP6fpv+Fwz2zfd+LdwyL4UH4f8c36gOoRwceGsi1qT0xLRyyv9tXkQNkuQJrrF0EZlVOceYwsOrlW2AdfOkljIyCdY0tAFS2Dmuyi8svmL2tHn1zMWybeh2XkkFlW322hurroy4bX3aZV64/ytfjBwYG/wF4TFSKuTfjI6NHDh+6gMqnZoJnIlP/4ww9Mw82T2u27b7f4KiFunIC5Eeda3EyZX6T9pnJFRJ33GW+KnV8mLNvnkltFXrQ6snO8SaxixzKyzF3NX4WxzSJAPnNXcszlUm7WWhWKmSUib9n4orxSJqIvTyh19MlHORDLxHgXJLdINuZ3ydwflIN+85Ng0yj79FX2cdc17eKXyDfd9odTWwtiGeJMVjZfNlw/zb0Yp8vxxE90yXv+/Fk6Pz9zeZzhtx49Tj/70z+d/uyf/bPp9/ye3+N8nFw//YUazhZbfBWgza4GzVFkmF+E3DyySXIypJOfPkhHiS7+Oih1bUr3puy7Hbr2lw5+c5I7ow2h7N+7QNd1u019/mul1k/LUvy1tk20s6s9i3R35ZfzlbQoQnVwcitHlnkrUl6JuWdwY1yAV/K7yki2jyRXQ1d+yScULUIpG9M1fomaXAy7UMtfVOb+Y3MLzLro6n/Sr7p/u2zpQ7RT8UhsuF002h346S5ybNCE5+fnvjnzcc3Tp09d7xZbbDG/eTJXFLJB6uNs5g1gPjHHlkXUt0lEfcTL9CLUnAOwaTvfVHT156b7B30lcV0IY35Ema7B3LhZ2VK+dt0FZHGON4WareLJtkhCjMteheQRj1SCuRtvRKODK8c3kksSqSHyYyFB8Rq/Kx35Qi0/8kCZX0NZtpSNfOUt4kVEfpkfL1JETfYuEeurUQaXXbQAd3D3vCnMt+nVIdYb61/GFpUVlTycVTZbJq1AHB55OLiMtbPzE7s7vU7Ty0l6+fK55798+bIpAax88UWzIrnFFl86lJtjOc/YBHFkNaeUj3ztBKiEdIGoN/IXIq6pHYQjU4svgtqtEMi+lWy8c9CWWnu6+JtD7IvYJ8v1DzLdlLs9x2u/InZtQSR9mmdCiaI3KMhCsr20P15vIcqKNgHpiTrLsIRkRQCbZXctH0gGkiMLycmNOjodXFBmQEKMC+KVeSrbRTWZEpHXJSMoXzI12ZIXy4iEGBfK/Fgm5qmjS5n7hbtdPO4atX5V+lX0d6yjK74MkC8JMIk1aePkVZzHFgin4+zs8iWzhw8fpvfffz994xvfcNkats/hbvFVgeZMRJxjnNoyz87OzvwkFz5l4slQH6QHdMU7sYSTWtOzlO4Gan+tH7ZooT5dpW+XBTpF88hOGFi5Xm52gs5a+b6xX5NfFTUdfbwyT+naGCUvEiAfYr5qbySPuVpzckHU4Y8oQDXU8rrkxY95tXQfSvkSypNcnyyIMmUIIk8UEXkxLOUi1s17/WCwvDnOb9mXr7pvY32r1M17EEW4nKUenFY2YD1rNLC7/+HuIO0NR/5FM+jJkyeeP53m53Q5uX354pm/TeEmomO7dXK3+HIjbnQ1sEkyd3BseYsIn4oIi8pGrDv/F6HUu2o9ZRtWLf/q8Wr3nbJPhS7+upC+qJdro7jCiBqvhvbNE+q7bopy/knABhDbFFG2rQxL1OabTmEj5NzWHFzJwo/9K9DypUDB8iPOmTJlhDCfylu6K+5oN9zSsJvpfKHEJZyXyGX4co1d/pvlc/UzKL+UA/BaPjaKWszL9GNObudunQzZVaelL/di6DOT6pUw0E61daNtVhs0eQt0fpQHb4PtXxVmEw/9RzsGXBPGq/Uj4xZ68fRZevHZF+nZJ5+nzz/8xOjj9PTjT9MLc16Pv3iaTp+9SINLE5xepsuLsZW9SvvDYXpwuJ+O9kb5avg4tzpMr7/423Dpl4svHTg7X7ottviK4dI2SdZCNsvx+UW65MtlzCc2W99wbZ7aPNGXdOJawvy8zbxh/t1qLbSysqa1ajnQ5q80ZuvvPFbvF8YIBBTWsYzuvC8jV7+yO834c/+F0GXz6PQQ/oJ62jqixauOoJuo1bvIlkWQrTN7G8dVzm2eozflgOcbYt7gv/Wnfu4XdnctMsAjtpAM6wYvZgVI7drEhMhLvDDe+cqnq2wb9XLW4RbmdO7CrAvDKGeLCxmknUzevXCMyiS0RnK3ggz25VMtCCfW66Ie5KwM7u+Qky/nt3ZDQ6OBl+X1S63OlsxOU3JtNkLEsZEQom9yPLcKIs5JHOGNuwmPAS4QgzFz7FJ5yIhFlev0sZbLUo/qzWHWm+vPv3TiDooLUziT6pYdVbJ/2Os95ZVn2vH+aOWijt2BhY1o7nt9i1E60NeQTcacR7JpgxF9my2GrAyWULYpJ13ixXRJbjvttrrMusCXzlZvjZgoQBMngvZGKB35RH08e/xmftaZ+7kk+JfT6/To8SMfv5PxRXow2rcNduqO6+T4PJ08e2nhWZqcjtO1ObDX40manp2n82fm+H7+heW/SCNrw9mLF+nB3n46Oz5OB8P8CrF//Cu/mj77/Hna3TtMP/v7/0Aa7h+kncHIusrqurxyJ3dqdTFuvvjiC7f1x3/sx/3E+PjFy7Q32sNEh2/kgRr2Flu8VjBmeXsIc44vWPI8LWP/5cvj9PHHH/s7bn/mZ37GP+l4/vx5Ojx64Ke0nNju2zgfX57b2P/E5t91+uSjH6Xdq8t0aDeG7z55O43H07Q7HJmDa+tEM2d3bD+hLr5+Rt1+U21pyFJNaGh4Wix3bB3MoZVnzWw+kUFXnFvXtjbOCE3wmlBx5V3bvPc12NL213U1YjNiZyTPBO1/3ueUm+O0gXhLEeWaWII9fod+QE+VWltuUtMnqpfQPTSsyuRru+eZrllcCkye+kM9Ja6uXIv1WaZcPhPt5/Se0m2/WIr8ANI4kGqT+y1NfGA2YZa1orkO3ipXhRr8qKwv62UcQN6vs2qwMQMHNvso+C1oI6Sd6DH9VE9R9i2zI+eZbh+L2Q73XWSf6yEDPhXmkLHAXHE5S2N5PhU1jwT9s/5QGXhuRfhnN4i2f+gtP9pLGZPA21sh8ul36IrGeB/mPPpFBK5tnzLjZtRYY/1u5Y2ubC67jqaMO75GyEXM6m7SC9Et2DhsIUSx36nWyOUyudws3Q0ZC3AMuOglckfcBLKUUfmlUbMdKrCM3mj/prBpfcsit4WFsyHv3YaqNt3ss1ujuaudB7waH5tau7r67VX156UtUmenF75A8PjB+Ow0HT9/kV588TR9+uFHacc22Z1LG7OXtliZRzq6MrIdcd/698BuzsbHp+nZZ5+nT3/0Yfrohz9In3/wQfrs04/T8VNzbE2/b4C+ONiiamX9heCWw1XwhWEwdIfXN1tbcIAWIC1UW2xxX4GzCrGxadwyd7VBwpdDC8iLcuL7W0lsLlxeTNL58Uma2E1kdhby+sZp62XQy9pC/m1xm9WQsjs4W41JCpeDbL/dHF+tzhLzrb+LNTdfv27CfMJbQ75AxS9ox0yL5erM14bxx2HibrPPRX8nO/i5vnwtGA/z9feh3bvpD4WtbTNHM4SRaujil1hOqg4cenoDW83qmc2yX/YpLZqN9mWNXAWqZBGiQUorVLxEyY/pZcrfBn11g7usv0/fpuv6suMu+kvXvIv290f+i2LUvGebLKdQPEPLs7ScPrEBO9maxUkPy5nfmzdOKSdTbOCUe/78pZ/Efvjhh+n73/9+evHihT+vi5wm/PX1ZZ74TO9mjsfNn7ichbtYA7bYYtPQONVNGeOXcSw+c4k0eYAQWZBldv2TPl67NzXZ50+fpZOXx+lqamVsriGv+Yo8hAuxM5htl/casl0o068TXba8Dhvvok6NQeE2+qN9N/R0HLjdBqpDbdDYF4nXhb48IbapRK18WTdzU/MzzlPll9j4jFVlZSNKfplfopZf09Glp6v8IloEyZSyZfmarhrvtlC9d6H7y4zYX6+y7/ZGI5uILEx8PDRNL14+89d8MVl5G0L+yCVfTz+BNTKWE6dK/IIZjxQcHT1Mh/sHHufHID755BN3enGaeRSHFs0mvC2EWijQz+kx9bHp60SMPDm+W2xxX8ENnk5jGcOMW8Yv4NEF8n0OGT86tcjrUxP/TNbuIJkjl5NpOjs+SScvXqbz02O7Ebz0E7GBZXJTmGdqnkebWCfQ0Ue3RdRR6tyEfm66NwHZsqpNatNtSHoiyvRtwHgrEevuQ01mk7bJji6S7YRlO8q8Mn8ZlPWViLyoX/VFpxYiLV7Nnt2ocFOIOmWI4mWouFBLR7kyBJEX+UC8kr8JdNUXIZmSfxt06dxkHV2IddfoviPa2RW/S/AM045tsGyeE3NMXz5/MTvBzRM1P6vEs+LE3bk1v/Pq0hzdy+yEQnrTwuHhA9vYj0xgJz15/MSfM9zz58A4973yO1jc3bKd/rO/zc/9xtOuLba4z2DsarMDcmYZy7wqj5tEjXHmB/mSYY75b/Jf75pjazd648t0zZc1zfE9Pzv1uYjDy6SjvL73INgUeyMQbRZqvHWBk7suRTsUJ9yUfdLVRZIRuvjrQuNSIVhVv2wq5fvL51uxRSe7UXdJ64B2RlqEsr5F9Zb6ozxx5njeL/P+Jd2iuV1tGQOXhSoQYhyUeVG+THehLCOIH3mbQk2v0jGsyW0CNZ13Uc+XHbHPNtl/6Oolc27394ZpYA4ojyp4GZt3k/H5zMllEx6YgwvlL4pkhxd+4gSKLyaYHPLT5lTqypzUxw8ezk64cGqFXHeODwY7LsOrxiD9epMc5i22uM+InzgAOa84tt/61rc8jJsdN2/kw0OW5/f8hs/mIT+BjUPLF1u42Tx9eewhPG5AKaN5i3O2CUhfF20KUdcm9d4O7XURVrUTmduQUEtvAoy1mh+1rn7ZuSn7oj7p7ONFkI7tq7VzEaS3pj8i6ladJVGePYs9jLmqeR9xk3NL9Bm9TMOWyStlYnpR+UW0LEpZpft0rKJ/GaBvmXq36Mar7TebmInT0uSntk8/+9w3V959C9h0NVGZtNCAcG+URnsH5hgfuiwfxXICy+bNc4NMdh5P4NukPKLAc7hD06HNnFAE0Pvo0aOZM6DFYjuGtrjvwEkFOrkhjcPL2H3wgE8zDjxfYzrKM9anUx4/YH6MbO5c+av2eOUeNDm/MAf3Il35KS7fSM8fgQJtqvcdcQ6XczrG1wf9sS612Lxdy6Gvrk3bUY6XZfQvto/xHE5oFz6Liw3d4zbWp3gMI0WsOxdKPYugeVcjdGm/ZH7XdM+Pug2hrKirUfC78iKWkQF99dwFbmvXukDfXbVpEVR3F70J6LLzru3n27CcEJ2fnaVPPv4w/fCHP0wnpy/zaZGR6ifUie1wuJeGFu7t7ae9g/1ke3LaGQ7S/uGBO6qcvB7s7fmEB9rIo67YLjZ80pTjJJdynAJr0dhii/sMxjdjF2L8M575JAMnlzi8OJYJGe/wmReczhJ62kR87Jtzy80lzwJNx+bgXk5sY+TxHrsptLJ8wfPanAiexe1zJbZ4/dB610WSiSjTm0BcS9fRfxc2AfTW2i9eLYxUIs6zZbFIl9Cls+xb7XcKI7mDqwIwWCRE8KGSBwhLZRAgpDIWI3nWygPKr/EUF2IclLaIAGHJL3kRpQwEYp0xP4aiCMqVBCRHWOaBqC9SLS+WE8QjlJzSyov8PkRdtbj0dNEiRF1CLL8ofxOQHtVDWJscQqxf1MWPDiZEXOOa/P3Rnn8p7L/5R/84fefbP5Geff6FPz/I6ROO73Cw57LT6yt/5zFl2Yz9vZo2Xd9992vp8PAonRyfpYeP30qj/b10fHrqJ1fIvfPkbX/HICe7fFP80jbrsW3a3OXv8WiE8XAIgJwCnAU5uVtscZ/BfGCc8okFbx3RjRrjmE80oozmI3mMdeJ8anF2duFvHEH+gc0lm61pbLpOj098PvLIT54TYys79XLo0qMRIiGuGTEfom7Zpscl+ggdIKYjT3og6ZZsTR4C4tMWrUmQ+CqzCFH+tiRblN4EWMe4ToT0DZBu9YX6RRSvkXggliv7HIqygmQiJAep30u+oHgXT3bwdpx4kksexHiFyMvv9lffzuul79kvdOMntPItSCNDGcVjG7I9rX7FBemUXulQ/egVVFb1EaqcrhGI+oDkS7QtWxFReUSN3yVbg2QJ+8p15a1TV8Qi3ir6waryW7zZYIJqIkJaDAXiF2fn6ejg0E9z2WAvTs8SL/xmsjNe/KXfNmHzj5K0YRrspovJ2JeqB48f+eMKe3sHrvP4+NgXdsqL8iLXzqNy4dlii68WdtPZ+TgdHB36lzOZN/xc73hykR8VGpkzzA+h4CBczTujcR5tcb+x7nWK5Uody+pErlZ22fI11MpqXHahnj/veK+D2JYYRv466Cof+evoX9nB7ask5pVGEZb5MQ2ibA1aaLpQy4MniukSNZmSV0MpB0rZrrJbfPmghUWOLSQwDvhpUH6Ol2docUqfPHknnZ2duQM7GuYviOnOVU4txGMJfodqPD4y5cR3arrRSRU4t/DaO/L5xY1vgL8p3wLfYou7wtgc2eFo37b6a4tP/SSYG1FCPvWYjiceMql4dEiPD4HtOp5dpNvQXSNeo7qTl2VEJfqucV+ewNob9asMYV6X+yH5Gsi72R5OkvNprt55Pg/l5/4AtTr66o1ADortXBXRRumo6REvykS5sq2lHDR7TRjCNztnMaKymFZcYUlCyYtp8fpQk63xSiivlKmlI5W8ElEmokt+iy8Xuq4xCwJfbhmfT9LTz59ZfJiOX7xI77z1xMpkh5aPRQldtnFyo7PrP/lo6m2Ptk2aj2XzpsEpFM7yycnJ7COf2Ti0NZWfw+TjqnXm9xZbfJnAT+bi5J6cndsN5b7Nl/wc+unLFz6Prqb5p0i1H2rOMJ+Yg1vcb/g6WazBfesesiKhjMf0IpTy1C3esnpWkVfbutpY5rMPCNIf64l112i2F1XyoEXoshPE8opH3SJws131+teasWVlQuSXpPxFiJ3XBeWXMsuWExSPfMX7qAtl3iL5Lb584Hozhucc0zAG2ER5gwLPiJ2enPs7bHlcwb+1HRxTQByH1m5DPeQElp/6nV5depy3K6D/5cmxy6MXJ1l6pEvhVcp38lts8VUEc4afp56aA8vc+ca3vulf3OSZdOYlYF5yB2mz1m5CzTlh/+QLaIY4N7+6wGW4Dd0t4rqH8yMS+q5hLBvjoK9cRJSrOWGLUMqQFgn8UFDZrgjlzefPn59LXwxjHV3QfqZw2XI1xPJRTwxF2kvFB/V2zmPlESflEZEng2oUEXlRpkYRZRrUeEJNT1+8pIgyDUrZGBdi3hZffnCdmYxycknzqAInQzihvGQeX5PXevFoAY8rnJ+PbTKaI2ubaztxdZJEmPl8IW13NEwnZ6dpbJsxz+Si+w//4T/sFB1c2ZK/Bd4utFts8VUFj/XwyM877309fed3/y7n8YgQzu/h/p75ATYxcWydbq7lW9xvlNdMa15c+yTTdW1LvtJd8jXkdbulVVGri0/iSl1Rf62uMh+9fe1QfhfJ0VS8zF8HXTpKvkgo20qe2iu61S1VrDBWDEq+ZEVCjC9CrUEqX+qMeTWU8hFKS4dIqPFKlHl9slt8eaAxyvXWAgAP5xZn9uT58exRhL3RgX+bG4cUxxdZPbeLfKTMn87uw/29t6aXzZlvk/+RP/JH0s8byanWqa8pzQUM5fzZYouvJGxuPHrrcXrr7SfptJlHzEnmmGdzemtzyH/Wd4s3CnGf5bqKuoC8qEQXvw+xTq3lkbcMVGd//ehq9d3QXbwft8yX7v46bqIsp7IKV0UsH3WU/EgRsV3kqZ9Fa83gWkURyivDZdClu2zIsjq5M4fAqnaUsGWvibXQFxBALENslfpeFfwjNw3+MAGWBcXV5ND0FUCdq9e7PqLFdwtquTKv8iqMVR8fnMpOzUkdT9KYNyjsHaSDwb6F++nk5aldk910yu/gMxs5rb2aGI+f9L00hX7U66e9tlqmF599kS7Px34deeXRtTm9z559kQamazLJP7k7CO1lBA7sL3VA2KMxu92+t/iqYXeoV4jlT0cuxmfu3PIKvePTE7sptHnGBGHtNkcY+N4T5vRtoDm37ty7tkXCb1w9nsPlsBn7XztsDesDe27fvsv3HXLvi5CN1KCoZ5W9PI+v3N8KHbMLFutfjNwms9tsQkXePW2f8dDYhZ5q3TOUdTdx9oe5Nip/HurfKDtfrhtIYZP7IAEq36VH9Skffw49sX3KE1+0y10qRKV8PKq72FjAQ9K2eeYJtpsr4ZRo17bTObKOJ88uCE8ytSEnSnjYLdGJCgUZ1gJ79E63xpZGJhJOhedShwXmEjhl9fan+Ta63hMH5UUukzDTmRvohGPrZLoxYUakjXw9vLIyemG4wflGnAQQYoZTUyaCNCdvUAR2CIrP7GvS0iW9ODh+gmcoZfPI4tvBgUgHasugl0HfLAh2baGdwTDTbhMWxNhALr/aKhM6sh7ZqY8Ab1J7vds+inFaVidGWQ9Zm6BFUD92Ea3wHjFV7jg2Y8Ma7+Of2mwUpPOLSTo/y48dPOAZW3NuP/3RB2l4eZ2OBntpd2rj88LG3tic1qfP0tfeeTednxynqykvmr+wscSri8yRnY5TujBnd2zOq9Hj4ShdHZ8k69U0PT9LOyZzaTK/+hu/mU4tf3p+YvWN0pk50oxh3qo7Pj5N+zv7aXC9Z9fc5rvZTp95dzfgcvslb0BepC22eBOgeRoR18HhaDcdHz9LL14+tflp8832gUu7mbze5dn2Sdo7PEhHbz1KE5vJJzaXBnu2elg+n5Qc7je/ksZcb8g85hntDEYzflx9Lm1iQdQ/5f2sNl/zTwTb/DcyI2a0Y3PWdoLZuslM1VoML++j1MtqnVfLS9MrmpqtUNzfshSU+wJdIq3NEPo70RyItK2qkzXOacfqFcX8S/t3ZXog4vIreDZ6YDca8hPoT/Uv/eo0zO1mre0ic2E8HPADOSNb8ywkjRMI8XjY1dTq8G4xXdespCNTO7S9ekRhWpv9GMqgt+l37NQ4wi+IPgLI4449mL2cvY9+zddd15AvGu8Q90sS37Yz74+QrX6g7bu8YWd0aPF9T3OQwpjyAxX8N9sXOOTIPhl1NbB+5tEGM8XsyWOxbZftB42+XSvPnm4JGtIU5oplP4rvfjiZrdwE7g530nCPa4YuPnHkJ7T56Xn27nY/957Hz+B7I9bGoflgA7MPEwkVN6v9FX3Ull0I4zcEb2Jlx1YH74dnBPOFa//SNTVa/8r/0yN69DmffPpbFCIti2Vk+2SUt0qdXUBHqadM60JtEl0bv07IlkHN9hqWkVkGDIk8LASfaTnahzCRAXN0GXTbvbjeTbXZYZPQ6Q6Q+6LpH2arhdiuGw1+854fcTg/PUsjW0BsKTVpm9wWJ/TTVTR4GZv4luALLrtp6mMpbw6Ybxu0Ocg4qDv8pJktNgObyCweE26wqJq0LQKC33xZepc6jHI60xZbfLVgO4DNDzZ7X1uahZqN150MWx/40hmOhaXyXLY4GymHQGyYzMZ1wayMc2/ZOZjXQQjk+ldZydwhc7gFDb0+tPbMo+TfWP9ZX28Fyhv5gt3Em/6chV5H7qNV9p+lZX2tz47vatch2+eHKRbnMIUQ57bEYltUt+SKPrCwrqN+3ZZtu/yirusvkC+ZUra/ZEYsf7N3FqCvMeSJImK6lh+h/C6SjELFhRqv7KQ+RN0xXBbc1EFd6NNb8kivWv/rRl+7lmlLV5u7+PcN2VW1kE2xOZHnGdmz45N0dnLi/LIdcxPS7qIlE+UkM51Onc+GTDzypUOhUOraYouvKpgbs+fUDcyLCTeINn92h4N09OCBTcJ86qY5gyyUHdxXhzhn15m/cR0o14T7gmXXqi7+Wpi7s5i/VZivJ/Z/PuWOWMemPvllrlGss6Yr8hSv64WX+dIZaVnMZLkZhBagHJN9FCG7anI1AoQrO7glVPGsoR2IcpHWRa1sqTPG1XDJdBFQKMS8TaCrHqFWfwzvO7BTJKxqu+RXLfe6EccZH5cQuoN7duZfMmOjJF+PAgHiKqPN1NvdnFhIJx9paZMljM4uumdyBoURrnOLLb7C4ONfv/HczR9rsikzj3By/ZV9jx7mOXVpm6PNQ5A/WXk1Di51x3naFe9CXANAV/x1Y5FdausybV4efHze7k3z1N7Q+ClrE5/xAkpen2wJZEoCy16bslxE1FHmk1fWEfUoXqMWN+sEddluyJZok+LaC2Oe9C6rP2KtRxS65JWO+TWZGj82qA/L6IvpZXRGdOkBxK8tGWkRqD1SCdWhemKoOIjxNwmrtqEmT7hM2dcLc1h3rmzTnDqxIY5sI72yTZGf5sUB9WeDrBk888fzTHpsxuNk+CML+jfIywnPdPOs1nQyc2rRLaeWfmGMwxdqY/7N6MMttrhb8D0T5iFzwW8yCdl7bGocPXzor+HTXsSJnT+raQ6Pz93KvLorxLm6zryNtr5KuxdBfdsVr7WbcJ0+WAeL6q/xQIz3QeWWlS8Ry9d0dPHVv7m/43jQM7Pzelsd3OSFgxZj54ccjceptu9TLbXymXiEIlK0I9sybxtzMjq5wrxN3Yj2Q9nyFVCrJPL68glFMR0RZWpUypSo8WIHxrI1AjEulOl1sUwdkV+Tu8+QvdHuVe2P8l3x+4T4iZePMXNI9agCL5HnV8b4CVBOdIEmMe1Rmwj5FbLIA+iT/OXVxEMcXPg4vJLFwSUOX1A86ttii68yNH8IeW6dx8ls5vgXbR4/eTuN9g/8i0rwdWqLrJziu0aso4wvU39t/gPiMf260WUn6OuD26LLmRNlmf76S15ML0KUX6WcUJYtdZAuebP+rXwHRfIlKa9E1xiK5fpAeVFMC2W+EG3qI+YpxNx18lJrQkoV70Mpt0i+C33lbqu7RKmvT2/57C2Xpz4U+vWsm3ffsartUT7GmaK3odsDW0JbwpfX/AtcZqsTiavLdHF65u+4vbgYpwHfiC3axbdtRaPRnvF0F5wnO5trSZRTHpMYRGe3a4GIdW+xxVcRmj+Xtjrzi2Z+ImU0GA3To8ePzdEduAyQgwsR54zqVSDO03XmbJz75Tpwn9Bn2237oB/aDfJ1rqGtk3WTNTan+2xZxk5kROugVramS7zusXCz/VH3TZ0drmJ49pYy1NA34kp7lFacuae48qJNi0iO7czRLQWWwTKyyq/JLVvPsoj6+nSrw+4TuvppUXqL+wmukzZDJisnuDi5E3Nw9SwfMpKLE5ITXCFOcghdmvzIi69xoTjhFltsUYfmByHz6dKmzxXfSB+O0p5/wWxgzi/I8xQZHhFiPjPv+pyiTULzel3c13Wgy643Zt1qvhdRXp/bXi+wbB+orlXqbHXnPQREPVFXLZ7LtI5+iVhmEdAV2xrjoExHyNYu0n46izflZpXmSdxWooIRki0JaBNWGqhSSHnSW9O/DFQOnYQ6lla9yoeA6pWjULMTSB9QfpTRnUHinbomBvHeOcpQllMBf1dcoZcTA0i6o20xVDlCyXSR5BRGiohlFsnQBvVlLCcZheRHKmVq9ZDXxRcJMT/GFyHqr1G87lBErL8LvJ0L0vUEWQ8b31Ua+ZdWxs47Oz1Nn3z0sZ8APXnyjgnm8Ynkrjmzw729NBzspcODB/6rZrw393J6ncYX03RyfJZevjhJp8fH6eLsLF1OJulqkl9nxLO30OPHj/1a7e/v+xfZ9KW2sj8pgw08xkD9lNHjEKS5frrmW2zxJoM5wDiPY5mxzXwBhzZXyCP98K3H6dKmLu9X/cmf/imfj7xNYc9CMBlfpj3eL9qUZx5prYvzS9DcQkZUysa8GqEDArGs+LUykWIZQWWltw+xfI2irhoJkUe/iWKe4oL4fbQIUS6W6yZuZ7JdYNaHdkvDu3HVbvG5vhBxUNeZ66cM62xcaznw0DocrxlprdOE0kFepJgvGZUtSflA5TNynmSyXPssLpi1vwmdzFagfQ9ZePSHCeRPQ2QLOsmnr5py5Gl+AORoTyT1bdkG9ROh4sKsTiP1Lfku38jMFSgh4S4syl8Gty1/16DT1NkKa7jv7ShR2ttl/5vWrnXQd12XBZOMk1pCnE7fWJlwV3n8kGYiA/pUC6aICVrLny0kBnSTpzFJ3iZs32KLLzuYO3J28xc9Uzp48CDtP3joL7u/Yl6xLTYndY7Ks4t9WGYN7ZLZ4m5RWyeXXztXv2Zao1dBn7zGTW38rFpPF9Bd6ieN9jJP6ciP+SDmrYKy79jnIvp0qk5/REFQPIYxX+jLj+kyvyZb8u4T1Lmxk8tnbWegHZW2SP5VtVN92kWSiSjTQhf/VSDWvWk7NHHidV0ZbIBzm6DpMrq+4nm9Hd9EefZ2co6D2zigzR2mO8E2Wf3Ofmh3rEb5/bdDy+dO1CazlRntjlxGDi79AOEAE8p+8uUU19ql/tt0P26xxZsGTuym47HPJ+bJzmA3PXn3nfTw0aN0za9dzqFMr47anIu87Zx81eBU8NKJ+EJonY9rfQ/i9YzrMPySxI8o1+4IH689ZZeCvjNSUoOoM9YFlOZcVL9oa1zjcarKHsVJLnzKFIQsZSp7UyTyI5UyQowDpUt+5zO4pSBYNn/Vsn3lXgfiRYhxUHZ+RNkOQtF9QWmjUNrZFb9rvGob+q7nOkDP0Cby+PzC357gH7s0m6kg51bOq1DKRMeWPBxjFmWcZ/g5nT+WlYPbhVd5DbfY4r5Cv0jG3DJXJ40O9tM7776bRoeHNklsntrmbbefzea9PpZZx8p4TG9xN2AdjbRp6DrW6ui7vuX1V7kylFyfrtug1D+ftr0otfsVUB77kWi+TIZkIpQf5cWL/QZqMoLSJR94jbFgKVTyF+ULMV2Ll2Vi/HWiHFACaVGEp0JbFPpvWYcmle29D6jZFHld8btGWa+guD/rsy4V1y+iL28e3ZsfNqLn9PTUf72MtJ/UXueJ747tPs/fjvyb21meU1le+8UdOnJhkcAkHm+4nKaraT65jQ4udem5Q0BaBJAXYnyLLb6K8Llo84BnA5kjDx4+Tm+/9+7sk7a4Zq8Dn7PNPOuKg674FneLuDa+bmhMxOsf7StDEMuUZTeBm/p5JlbU8gWOWDixhSfnllD7LaiVE8SLMuKpL2L7I6JsRNQzd4Ir1HgRffmRV8oo3idzn1AbYCB2+n1rn+pbRBFKR35X/FWitKv9IOV20PUrr+ty6D/ZwVYc0BcvXvivl+mkNp62QvB8IbBVQI4qoLzaG+0USb8cXKATXPKQKSGd0rvFFl9F6DV+2oiZPU/eeTu9/e57PqcGg5FNupvz28s106p/9reIc62M9+Vtcbco19O4Xm6i/6OOWAf8kiLKdLRLkJ4u1Mqsg9LGmFZ7SpKc5hYknkLygOSFUoZQvLKeKBuhMiX/xjO4pUDEMvkKo1xMR36JvrxXhdiZSkeUaaFme8m7D+0TlrXtVdtMfbU6u/i3RXm910V+BJct8yqdn5+7g8uXzPgW9mh34G9A4CSWCSyK7SHOe3JxWnFWRXJikdfjDJzWkpZjjLOMrKC23LZNW2zxZYPmEzeWTI933nnH3387nl6m0f5ec/JkG7GOn26BRetVOf+3uHvkd99kis+edgOnrKElnsPlOsZrGdfgrmssfplP2UiC6ojyMf82aHWyP+VTW0Fx2aP9B8ieKC/EvNLOmAfFx/JAV10RZTrCr1ifALhtfgR3w5B13SwOSAOla4h5uqNWzXOhDdxZfggV3yRiy2M/qD03oEkSwyUmztLIK3Q3BXRdt1X5y2P1dlLnMsvQcph/FnY9ZCe2RB7LNjGvdtJ0Mknj07M0HbevPXFn1frfN8+doYfXV4P8iIuVkwOL3HXzJoXrq+Z1MjaWhpY3GhIzcctzNXwL3Bg8DsOXJq5s3PvSje6mnfw8orfbJ8/menKLLe4Tulamcj/xeRU2zAcPHqTDw0Pnj4b7JlFbo1reohm0aO3My3DWp+X49uvqKqBDbE3xfllhPdj0PvVKoPa1YVz/Y3x5cAFjP9SvHbrn9d/s6/nrvlzfUmYT40XzIu9bOS5k/dibKb8+zAg522NsN7E4+5LC+b5c1r4opzhhzcG92Z8ZtbqirsGf/xf+6C9IKaSMKKQQGo5sw7YNtZWhE6gYA9qfNMzfUmz5AO1W1ImiTo2M7eYWWmd62uKWJg65PHx62BrpPBprfBxJ7NmlvKWHjWJ3ME1+YAEgzHVn+9SJJXXxRbIfogpszzZnMhHLdBNcRm1wshUt66GObEcO6RkpzPkKY92Ak4ec50kD/Wba6Q/Xzykfmegl7r3e6Nht3k+HgbLV+NlQC5HL8gzbOTuYBT7CLQj21KC8KNfGqbfVLTTTxurB6TM+tiMDNXbN7DFZv47Y2KT56+33eM7fpYz/M910k5nPF8BcAnu8Zukx3VY+/9qYpVUXpjR2k768uvQ5MDKiP+gWnM+hleMLLNeT6/Rrv/Kr5uCepycPn6T9wShdTi7TxWTq79nc2z9Mw+FBGu0dpv29g7S3t2/hnn8RDd0eTsdpfH7uX1S7trI4upwATybjdHL20ureTcfHz9Jwf2R6x+kHn3ya9o6O0j/7kz+Zfu2f/lZ6bs7113/s2+nRo0fejgtzmAfDob+DUWNX1yO3zVpn46K2gGyxxX0CSxAjNpL+EPDFzofmtDIneSc53+weDXiPp81wG/jT6Zm/n5o58PaTxzb39tPZyWl6dPTI+aw/eV6YRkJX3aZ9bfK1oJvyfleLW+g68lqTX0k2T83knJuLxFU/rzbLOhp5zFEQyvFVOV/0jHizi+JZ3Eq6XH6lobRRtSlwmbb2vA5msjbw15ycay5Ek+X7B3GahUQjThw5iBey5dJk2l8atADe/wX5i90shLIttIL2GD9zZsQS7maZjF9/ynm6WeMtF50g9vd8nbPq3Dfw3nGl9sczbL+iLwog66eRiKPHeFAulxOUIkf7jb+FoMnkcJk89rCB8U1Vth+yRuf9rfEd6ATXlkFb2vbgoBKSNuvRa1FvvWUMzTFiXpB3ZeOE8Tobswhy/ehzL3+ZrmxOuU6v0+JuZ6a8d01NNF9pbLgyXfgc/KO+6+YTFMBNZjyZ9f6lTMMXcR1m/Tmkv5DOdlG0bWsbz31q5TxliEJ96JLTgFgGumvQnYPGRwy7dMVyMfTGRL7faWTMGlnBsjYLUV71lVA7boDRlWeHJ/stWwUsXFGnke64Z3feEFB4d1h2LC0Dn0dNqPgq0PVafJ1jH9Vgk9MurG6AaKMm5/WlTcSppSdX6cXTl+na4nu7e6bNNtRxfu8t5fy5252RVRNvPngfZ6vrcnLhcR5nIBxPztO5OazntgmzEXMj52fa3EDagnRpnZIXEM5ur9KlqeS39WdgETQnPsfz5rXFFl9V+HxlY27AJy5x3nt+D90eua7bfpltXeAI6lGqvE/l+HLoWx9vYtW9dV1U65ltwjE0mjt9XRNz+2qT7kE7bnLY3S/d/SUdtTGIvlJnVx10C4QehaJ5aFzgYJJHPDup7GvsQc52jzmPH9fZ1Fur33Y450eZUo609lhB9vm+GFCWrWHuytxs5GJEI2OFXfFlsG5ZZJelEl38RejTedfoqzfyX4dtQAPzVaO/vdhjk8VmJ6QJmk8lIMuNZFMkl+CP9bfNmEuT43SICTdzTC09tbvXTz/72MLx7NeQeK8t02yfZ3FH+VeRhtyRm0Z/rKDRQXmIfH6Z7OjBgRMfn+4d7PvrjA4ODlwn9fHDESorG2Jfx3TfONliizcJc3OzIUHzVIQTGakGzZE4d7ZYgOjgFZQ/O7Ub6i7+BtG7x5WD4zWgXI9L1Nbl26zTKht1dOnDnrhviPpQ1atrHFCzQ4AnqkHObZSRrbV9rtQVy0LmkNcr6kOtI6JSoSveh77yojIt3qqIulbBbeu9Lcp6lS5D0BW/K2hslGOkNmbuArEPyvZ2tb+0TJthuym2E9g3y2aycXKKTiYlwEHlxx0uJ/lLYCqFY4vDy5fN+ClfHpNw+yyPfvETYPRNc3nevsBPhnpeQy4fXkQvPuUs4g6vkzVGfJXTT0l7mab8Flt8WeC+TBMHXQ4tPMlp/mxxN2C9ieGm4Otg0NkVf10ox1UZl42lrX3tkI6oS0C2JKGMl/no0z5RUgmVizpKfUC8ki+I3yUjfiTs8f2xIdmnfKFm97zrvSKiEbGyMi7E+CL0lavpWVW35GO5ZXT0ySxT/raIdsf6Il/okr1rxIFGXOnaALxrqO2z9jcntrbdeTJapI2RDTOGmXYzr2nPFY8ImDfpzwWZM3t1zTOy+fECz7cQ8FjC4d6+v00B55PnlPBTTZUpNV1ybptystUdZNPtv3I2GvqzRwO+ZEZeLj1zatGhvvXyDX+WNtpiiy8DdDAXSdBcFTyfsCGg+RuhtPL6aIt+xLVG8btYg27WgytTc2fI22zdyyCOlXLclLYrXcYjauOvLBfL9MVjGtRsjTyVgdoTVj1mNw+eI9bzr6KIGq+GUg57tEfWbOvCrRxcQZWUFSndZ0CJUk9fPFKN10VCV3wV1PTeNUq7a3WL9yrtiigHYozfNbrbnp3OudAfVcgbY9wwY6g4QKecRxxNJjxtm16M0+nxiZ/Sgvzt0h1Pt4tCe6100gr5M3E4qhbnW908iuAnvjr5bR5tcKe30TUD9Zgu9EHEpRcClEn+RYIttvhyIjq2IM7ZPmiOKNzi9ojrU1d8XfTpXqz/9vUvQhxHZTymS3sVL/kqE8tGSL4koYzHvQiUNoHuOut1RKySX8pRnw6GQJeMIH6UUVw05+DebNBNlDJRsULFI7r4fYjyiq+qows13csCedGrRl+dfXZ18VcHA7Cb2t/47sq7W6iNXX0wg5/iNsAznNlpYzxQCR4v8DdyWO7AvdSrNOXtBicn6fnz5/4mBX8Q3xYSnFLmy8ScXx5bIC86on7S6l/4EK78TQc8osC3waGzsxPjnaez8UU6Mb6uI85zBPqoF/hfnHD0N/Jzbd9iizcUmj8lfPwHvuQY9aII5uUy+92mITvXoTcJcb3Z6NrTPM+rZz9v6salqZ3bbdCGBYjjqstfqqErTzr6xixly/IxrXh5QKI4IdRnbytbe5aask0s6NR1gqQbftQbUbZRspKv5fehNhJWhiqpVbbIgGVQ6tiEzrvAq7RrmT55Xf0UByAo068S9EFXP8RTntmJbQ4cypZDCuGkDkzf0HKdf2l3nea8Xpydp9OXx9m5beRwhnmultd9Taf5uVwh9kmO823VXKO+fEaa01u+dMaXzaDYHv5qE1e9svl19vkWW9w1GPcxFPocwTg/IjRXCBfR60bZ3q8qutb0+4K+sVLaftdtifqJR4oo0xHKi6EookyXKM5UZ1B/dc011dXXrzUM/sU/9/P+HlwobsB6LhCQx2mUn0jZP8nmuwEXcVA5eYB3qylO6HkkFDYoP0pC1qkpLx3CrhWYycxRLgu8rqYpym+R4+LFMiC2uSSgO6AZNf0Q+YB+AiU/v4MvlK9Qibl8f8aFuHQ3Ms3A0d1VHEhZJ/bk65PLZn1tfiZ/r94sHvJnK+vNAZZ1tvIl1AeEXQNUo0I6eJbHyxV2Dge5/6RHehWXLPkQ11Nx1YIIDxCQoL2eY38Yi4SuE11kTCfpcjKxjKs0sMzp+DwNrejk/Dx98MMfpN/8td9IP/yd76dnnz9NF6fn6WCwlw739kxu6qe2o8HIHWL08W7OK96qYHp2Bzivw/xLZ7w+DCuMf31pjjDOsc+33B5/w8JkbKZcWH5+HRjP445N9vj0NH3x/HnaHe2nn/zp35/+1t/+u+nRW2+nt95+Lz155500MAeZZ3kn1g7eSeinz9an9Jko9tsWW9xnMCcZqRqtWpZsBDvPfz3QxrzLGfF+an2aMRjsphcvvkiT8UV6+fxF+t73fj198/1vpIcPH/iPs3AzeVl86uHrgId5HdM61YW4LimMcT4k0nok0l4LISMdQOWdmnXOEjOeacss/5v3Ly8/98lQAFlNvTmpunK9WkvFlWbqyusF63Km/KzlcqQyaJ61Z9aGFrHti+DlbeV0/aZG+mSn+DPZmXwTL6iE+HGNjPapTM7z6Cxf8vMyVr7pZ/VwlIPUP1aj5wvar/2VkIEEipIvHmEeC+048Gt7OV9OdgjZBsrncaRxyR6U4/mHUmY6rI+BeJTPZNcbavrO89m3kG9sFaks+vExxReUB/nvMISyeXxl2Xl+Jpu/rSKgtAQEKlkHUd86KO1Quk+f8rpk+vK7yvS1f92+eRXoas+rxP3pn3YylBCfSUTMN05zIM34tG+T7sAcVZ6n5eVfn//oo/Trv/JP0off/4E5tWd+Uvtg/yA9efjQHNCJf+nLn9O1skx/FisRUH8QRorQKS4LC6e/7uTi3DZynh5P0sFoLz08PEqff/pZ+uv/+f/X67Zd2uuXrC1VHpZ1bLHFm4yZc1sM674Vj09BmAc4wvykNiHzC9yH+YEN0Y6u+BavDmW/L9pDboOoYx19tTKyf9nxg45120IdqueGDh5VqEByXXXKnlp+7dpEcgdXJMR4BMrKvLIs6Cq/LGoXQvVE3avUs0hW+aqjTz5eRKFm810i2lfGa7Z38TeNvn541X0E1Ob59jduZ/EskW+U5ljyXOzAaNcczJGV2Rvs+unt1dlZ+p3v/Wb6rV//tfTxD3+QrmyDPNobpSNzfnc5mZ2aAzoxx9RCnMyBsXBq7Z7TnOB8okAlvH9XYyg7su0rwQAhzu216eHkFuI5Xh51OH7xwn/4AeeWxyKoa9+c3JfPnqe/90t/Z+YMo4MvuunOV7q32OJNR22bZO5GR5eZ7lTw+dImc4GTJR798VMtA3NEju59ADZqzm7nbkReu2+igx+eAe1ysLoQ+73rGmx6T9U+VepdZQxsyqZox0ynf8wZ6Abo47afpYO9dqajQUyXeUIpQz+IakAm0szBFWJm5C8LlamVF6+PSsNrMiLlC5SNaVDKLpMf0xG1ju3q6LtEtKsrDrra8SqgfinD1wHaL9JC5+nGJMWhfNJqG6DZOzTxfXNuR7b5nT7/In3wg99J//TXfjW9/Pxp2rcJ+2C0n/bQZxvjDpsjP6s7sXDanOKaDj0TSB04ugL9IedTDijOroekzXGdTCb+pTOcWz9p4k0Np6fOA2zI/t7ck9N0cnycPvroI/+olZ9T1E8iZr35d868/Vts8Yaj/dB1HtX91hD5zBnmw1tvvZW+8Y1vND9nnfcd5tvrhuYrVKb19pYt7g6x70FXPK6lm1xX0SVaBypXli/b1YVavevaIlBeVNoQ88p80gpjvmSWac/cCW5JNXTJxXhEKbcKVCbqKKmG2+SXeTUZoezoZTr8toj2RBtLfswTYvx2YIupU3bS8psUyjDT3YJrAKkP6sQdZg5xZ9kBlTcyh9adXZMY8RysOYpnxy/TJx/8KP3ge99LA3MeH+3vp4ejg3R1dpHOn79MO+NpOhiOnHBM/REBbGj0+HN8zdCgDjZcfp7Xf6LXHM9sc+Pcwrua5pNYc5b5qV8cW05scWz9OcHmhNZ/+9s2Zd66gOP74vlzl1N+JFC+SmmLLd5kMI8iCYz2GRVjfto4uI8fP07vvvuuzyccW24ydZp718CkLjLjnGpxzeMtANeqdr26+Ksh9nWMa5/oi98Gm9BZlll13KjeUk+/LfV+z5+SNgdKHeWVV8uPeRBtEQnElV+i8wS3jPehlInlS0hnF5WoyYiWgeS65Mt8wkglyg4uw1eFaG9ETHfF18f6Dmrss1cN2j4j2/FwNuNpquJ6+wHh7tWln8qenxynzz75KH320Yfp5bOn6dHeQXq4f5iOhnuJr4b5c7mDoTu156cn7bO3oau83XomtnnoXtfD+6UxBd61Obd+qmuOMpsxb2ggxNnlZBb+yYuX6eTlscuxQT84PPRncXGAkc0OdqMzB677VW3gW2xxV2CuiEow5JthPwdu7ER8UUvOLD/CotfyAebSXaNi9hy0TopK3hZ3i9jHZTymtX6DGL8t0CUqscz17yu7TPkSffbUUOujPh0xr5YPYr70qz2L2nTjGdwyjCiVlTI1PRE13rKo6V62jii/Tv59Ql8bIr8r/qqw7AC8a6jt8/3T3G36owr5DnP2KEHjoOIg8nH/088/Tx//6IN0+uI4PTw48EcXdszR3BvuprffepQePzzyMnzZ7Oz0NJc3IvQT3IbcaTVyG3Y5xTUPOL6Lt4HkIP8iGaex5rDyyAG8+OWY8dm5b9A8S8hHrbyRAQcYORDbPN/+LbZ4cxGd3BkZPzqykciDAE7slBtGm1fMB821+3bzp3XzPqyh87AOXZvuAs1avkHE/u7r+7taT7VW30Z/rfwy46ivztXsaa+LbCnLL0oD8RRqPnS1JeZD7uBGkK5V5GiOhWoyXWVqsiw6MYzoMlzgd/VjeXT7Imbl5vhpYAsfGXbHDrN59lKo2SX05QHVY65HjjSYs111qd6i/k0g24hO6SVsnKaK8/SqMH8N9WqwaCeINkd+N5rhtyboq/x4AA6mw/rIHVDrM7FxJP301mg6vkgvnj01J/eLdHk1TU+ePLE+5wSIj0QGaTjcSybmP/KAo3mwf9SMDWtzUwf1+WMIFvp4MX4eX7xyL8NtMB4PTHhf4dBa6A8weGglm+vJqRO/dDbaO0qn59P07NmzdH42Nr17piT3Ne3xdvp4o43WJlM7uNHX6IzjZLnrsMUWrws+rmvw+bF4zcORZc4CnF39UiDzD6f3JjQnyrmzHjTnu5DXyowyntN5PpdrIf0S+0Z71OZBxap81XATiNe5DDeH2PcRXX5BF78Ea3OfvVU9y+zljX8RfwTD2c2gUHs650+BfPADNOZXHfu5nbk9FfsLQ5BT22Vr2ReetnZ5fmhjBHmRBv/Sv/Dzv8AWynvWBsOBbd5sw/kf7yDdHezOiHeUWS3WVvIsGFgZWzBYNCAMUMhmqn+myjoe42wDp7GN3d7GgnhnJ3Wgo0Y4Fw6LR/L3wxqRyxbvm70FCUeiCd1obCE0GfpJoSi/q88LuFxJ+UWi5FsaWXiNPPXO3r+3OzQxyuT3/2UeujNoi/oqwi+eIbY5yvrznFki/6MOD3PcHSgLMmEjTc466Xsv7wqMa3XlnFwfOmeE3iyYdaPPkiyc19kj837NfUuc/s7T14y17s7Xg37fsbFjI8zIhJGzMKexouE31PZVrr/9RzX21xxN80Kd0OIV0g5UI9/YjU7vj1kI5fZe2T9iqGPcj6wuf1ctOePztL83SOOzs/TD7/9W+uzjj22MD4y3ly7OLtLRwYO0b47sYDhKU3NEJzijO8M02t9PQ9sod20O7R8epiEb5/5eOnjw0NIHaTBCxpxQHmfAVrNjaDr2eAeu2Xd1OU0Tf8Rgki4hS/NcLu+vPTk7Ti9PXlp4ks7PT9M77309PTs5S2+/9zVb+3bS0xfH6YefH6dnx2fpvXfeSu99/Rtp/9Hb6e2vfz0d7o38ZHm4d2C6Lr0XGAO7Nod3B9YHjBe3xq4VCwbRppdyIvfhPG+LLV4PGH3zZGPSvb28qvCpy4A5bfOQPcs/zbC1gvdn8x7cs9MTfysJvz744Mjmpa81eQZw88h7cH0N9sXN1XotPNoEO28/be1aYxRn/wTaYEXZSbGQdM+/rIowU/xH+V3jmbnNHGZ9p128GzyvuV4HC5vJ8c5U1FD/jjsEFES/iD8EYrAeItDoN6Ldpjnn0ngqn60DN0O3wyrNa3ElxJZGukaq1+sOfPqtTTf7GPVZmj6xpBPtz2EDi+eeyz2Y/yDb9N+ccEa29SbfQfvJa8jXT4ik6WO8UZZwdu0Ntqs1+e3+hS2SQSzGs167FrZOo+HS9E2vJhZHP2bkd8ziZ+hTSCvlZYnn62AyPj7RbVfHrh/vV0cBvh6+lu+37pfksupl10NFrhfkvsrNp73keRNMFptpL+Mgx33gGXn9NvaRubqemhbzx6wtPi2Nh53ZRtNnRS75Dgtx+5/bl8nLN33qI9LbF4nr2bYDWUjW34AacAML7iYwoIR0RZ3MtXUQO3ZhiLcfQuXV0NnegLm74k55urQdFC2QX1wHdixjy01ULmVzrdCn9fqVwRfUPPA8PgNxpSs2N2AcVceSsZyW7qNcn05W20Ut6+aRA6/LFh4eBTjY2/eP/r/47PP04sULP9UZ2sThGVfeoTkc7dvisGeLw8gWBpzVvNBYAqPSjjmtOywetlnyIws4tjj4rAx8qYybxNkLsM0EJqE/ijCZ2uTOrwSb8uwtC6GBH3vwk6bDUTo43EsPHjxIB0eHVv9eOrswp5gN3RetoXXzyPVNLs5cp/cfi5o1lxNcFhddlzw2wlyeu0ZbbPHmgHnUoh3XtREt2dXWWGRLeh0w58bsb44RfH6T9vWrMcnXeZmHN2JYra2LoDVj3fC2uCu9i6F+7TsdV1/X+tx2oRyZ+VDL2Y6uHQ4Vq9ex4WldF83GaE67DiPtqQr7gZ42zCXEWwy3V22d8xvn9UbENpY25jbQlsYexv2CdszVUBOOvGUUgpqMDM9GdtOquG3ZMlyGutCXd1ss2/egS+5u7GMItcOoq4+6+CVqtounsEtPX//g4IFYNsoTd+eQ526fPk2fffaZOYpTd3h5JGDIL5KZA6nyyNfq4wtn+5zMNh998lYGDv2RdafTPyHJd5c4svn9tuf+XC3kXxQbT/zLZTzHiyOMrqODw3R0dOTl0IVuAT2fffFFOj4+dmf3+Ow0TainaSonU2CZ/t9ii68aavM48mr5rxOL7NnO89cH+l79v/J1mDmnLaKOVfXV7GDsaPzcdlyX+glFEaVcH2rlgfi1vL527KqQGr6MEsVVJsaVrqGmdx3IxnX1RRujrnX03aZsDTVdfX1aQrLltdikjctC9d2m3tgeR3MqEVG2tRvZOQSE2IUD6R93wTbn8dOPPk6ff/qFOZ4X7lDyvsxDc3L9YxW+nIJTak4whGOJwxmBPpxMEWnqQpZXerkTe37hji0/+0s9F+aQXpyf5teBmWPLq8bQC7HcYSe69KwgXzCTowsIccJ/9ud+v5/w4iT7CbHJkkdZfzcubfYSW2zx1QRzAirB3BAJXfHXCdlRswee2lZrY423xWah8VXr6+4xZLLRsW1OYKWjT2cNUa4sgw2iEqvoL2W70svqFKS7Vi7mQX1tEdzBjVA68qUgKuqKA9KRJ4M2gT49y9RR2iqsYqNkS/llyy+DUlfZp12oyW3SrhZMwvm7TQcfh/DEUVNnrHtZO9SGWnvR7c/1+lNNPHOT4W8t4BmxBtSUiee0cEKzI4pOPSfnzm3jCOKA4jh++umn6fT4xB9LeHT0wJ+55TmnaBPO5aX/pnd2kDkhxfnUSSng46id6+yoZud2bI6nObcXZ2li4ZU/jgA/v/5Lb13wk2aL41Bnp9pstZAvnkE43LIVR9ZMSAfmiP/kT/5k+st/+S+nt99+223EFhxbxaNDvMUWX1XU1iWguV2LCzF+HyA7RSVoY6Qt7h637fPyOq6qTzKlrMovGjOLEPVKp1BLCzE+j3k/YibHxgY1kG6RsKgNcw6uhCNPqHVKTJdhDdHALloVtykLYvllqUSNty7KOmp9vAxK2S7bV0PFoS0Q6+iK96G0e5X2L8oHPACvvvAH/43HIwHnp6fp5fMX/kUvwBsS+AKln6YaDXeG/jqu4cD4zclsdG5F2JAd4PyKL5xREc4sTmp+HnbHnGgmYH5GFod6f2ROafPAPECPk9VPWXRQN6fH1E19bpPZwMnt7/u5n0tvmYNLGTnuihNuscUWN9eirnVj2XXnVQJb+uzR2rbF64H6vgy7sSg/77nrXNeaDeWYXmdsl3aUttXyY9iHqCuOdfG1rwHlR7kSNzwWFQYxHlEqU7oMI7p0rQN0iW4DlV9XXyyzatkudOnpuoAlkFtWdn1UHN3i+aG2HQxITlrJq5RbEmpT7HMhttedx0ACJaChOZA6/yWNE8pjAy+ePU9ffPqZOZoj/0IZz9Jy0DudZscQxxLieVh3fhsndwb6vXEisQeHEt2c1NofP4WFrxPlgTm28cQWTaRpm38rmHiTRzlOi/kmNI834PDi3FI/hMP7yWefprNnz9zRnZgjbLXNbJCd2LzFFl9ldK2vIM+z+vrZxX9dKG0p7SvbWVs3t9g8av18m36XvmV1lPJludo4LtN9KPWW+oV+uZofAK91XmewfU8nueTdyF8Ar4lCtYYLNf4i2Vr+qsatirvWL6zT0ati0/pfhc2bQt8Y6gKyNXk5uTOn15w9f7Ud/WFpnMWJOY1nxyd+gosDPBqYE7trLrDl02cD3phgLvHllOdZs2NJXTiQciL1XC6QLeTF0B9bwJnFJguNafVPjPLzuTzf668Bws6GAHbY1J9dQwidvH+XX2G6vL7yxxXOxxf+1gZOeqmPV8sgpzJydLfYYot5MF9q6OLfFyyyj3m/xauF+vxG34cDoIye9ZhH/Zq3BTg8vZlrqTFz12O7bu/iPWhRO2M+behrxy6ZbNCEFIxxiE2REJ4286hQm3csI8Q8gVOkKBPLxM1YPJWNegiRhQTxYlmgcqJSf5QFMb9GIOorEeUi6MdIUYa4+NJZ6q7VrT6IPCHykOG64fgIsc7SlpgWpEv5M/1XFjcSXzr9PcBOSmfSSahOQEUqL4ogrTKWsjRlKJ+J90AqzvtjzVqLYyPt5rGAyzQc7KaD/T0/ZUUPv/rF68A++uGP0g9+67fduT06PHRH8trkJxP6i9PWQRrtHaS9w6N0dPTQHwewZptKxhqPKPBowp4/KsBrxEZDu4ZXU3/sgdPWs5NTd6I5Dj4/PfMvl52dHqfjl8/9p39fvnyZHdXT03RustjEdeKauaNqttB+6sXpxnaupR6H4BfMnj9/np69fJFGB/tpyLt2re04vMhQjjj61Ofq39k1bGiLLd508GVLxrnWRuLMAcY884bxrz2MODKaX4prfgjlPJFuCF0i3Vj2kfQvqgMSamXIp/4oS35ZTmGUAzEPiuuw4hD9J1kQ295FqivWB1QXRF6tTESUj/ZBESoLKU9lFMa1ryyvfLW1zI/6NXZqeqMsPJH4Kpsd3cz3+vg80V8dmfdM6VK/AK9rd+T1gdhvZV0AvgjIXoj4nN7QBskoXUJ7E1CfMXcUj2WpQzaSRg5kfv50FIrfZaEfMrV94PUhY/yoT3UB+rb84rfLKCKFNXTlqZMURtR4i9Bnw7pY1LYtvlzgWuPQQUw4nNa9xhlk8OMk8jzr6cvjdHJ87Ke3Nh1dhkcThkwaSzs1E7VRnHinwYU5rvD91WHNhNWkI4QH8ShDJOR5j+300pxNc3h5tpf37lohJ8pDPAMMYf9swhppE9W8wi5ivJPRSmciz5zbzMuwdcFakqET4S222OJ+43XtWVpfImTLsjbVdIAu/utAV1tiW2vx26CqpznVnee3B12WY9Q6ruuiy/5VrwnyKlOWXVWXsEo59WEXlZi9JqyWGXm1/Ag1XNSHUtci3auiVj91bLqerySYkJFuAF6NT9/fff97DVx/I9XGeOBj/tFg6I7l+fFJevrFF+nF02d+osoXuw6H5oAO9pu75EzcTfsvj1HOHGOdjA7MgZWD67qbcYUDenGWXwPGa7/OzziZPU6nJy/9xPbEnOr8erCLNJ5kmkyyI5vJyl3Ay48r8HYFOc+RQBzPkS+UsqCU2WKLLe4f4j4V468KtXViXTvu45rT17+ku0inhYuAbESZFrr4sc9u03+yW/XEeA19eSVKG5e1s8uG/JPC+UApU/7ezio21eAObjypUgVCGY9poMb1UQ3SJX2l3nVR1hfr2VQdW9xf4GTyuABE3J9RtZAxzgnm8cuX6eWz5+n46XN/fIBT1BEfr5g7jBw/ZRg/atHcgK55By8/3GD5pJFnvEmeNO/O5YtekD+yMMofK+lkl0cVkOMUlx9z4FEG/4nei/wjDzi08SMWr7cJPd6M75g2K2ah8yyfE90oB8q5scUWW9wvaK6CMh7Td4W+NWKV+qOe+7TuLOrfPloVsVxZPqdv5s31Gx/FNYC/bj/KDtWjUDqhaMMqWMmm6oFYC9kRKWKZusryNxxcIabLvBLqpJJKoKdP16J6VoX0qd5N698i4tWc3OaP31VXW59/Icxo9pjA7sCdyJ1rHNhdcx7P0yeffpSefvZpevHsqZ+07l5dpz2TG5keyvE79pTTs67MC05tRYwfHjeg3vHk0glIljHP87AQz9ZCPAoB8SU2nrHF4c1OL/PObPbnBvIprU5rQQyVx5fJxI/jmTyVFY84Di+QrMpuscUW9xuaxyDGXwVYJ+JaofVjGcSyXfH7gL7+je3tk6uhrxyhKKbLOIh9dZt+k95IQNcj6lbeKli1jNvgx0mZQLQl2piBb5pPc3N8vi0llaie4AplvJSJhpWk/Bqinqj3LhDruMt6tnhFWHAXqJNUnl3leusxAn5+9/u/9dv+mMD0/MIc32umi08zwF/kKS+SU8sohnjxAY8toJ/HCIDLGagDWX3ZjBNcvgAG8eMM/ADDe++9NzvJ5TVkhDw2IR6Or8YoIc/UXhrhvE4u8y+oEVe+ZKkbWZ9vxiMURbktttjifqOcr13xu4KvIR1Ypf6op0/nq8ay/Xsbm6WnrKsF/la7j5X13uw78uNzud0oywuypW5PRl+eEPXUaBEWyayqr0RZfu4ZXEhCQowvQuzcRRej1LtKPesA/XddxxYR9PWr728cRX8EwBxBrjfvuP3www/Tpx9/7HEbmNmxNdN4Fy2yvFkBR/Po4NAdVsr5l7MYL/5sEE5j1q/nZYGfxO6O0nSSv03NSa6eoeVnd/31Y2dn6fT0dEY43tNpfhRBc4Q6KQvNTnhHxhtmhxsgG8toLJOOFPlCjbfFFlvcb2jeghi/a9TWiXXqv+/rTa1/sVl2d8WXQdlfbXr+gKavX2N9q9QtoLukCLVp1Xb10TKoycmO8tnbZXV2wXu7pqRTcccJWuyo2GGKb8pgSveRVcjfHA8hiPEvNfQFsBvXyu4CrROcrDcgeoVnPIGuWvbprjIBhRtBrms9lGWb08zGcFrE4wXWSgvN2bXwxRdP0w9/+7fSi88/T4+PDtOIRxA4LTXHlGec/Mtc5jjC4/lZ12P9URunjGUcWJxUnFFOa3FA3aFteOjgBJc8dKJHJ758qSx/Cc3iYxzdqzS9bB4/MOt5/IJXko329szB3TfKX3bbGTDh83O/s+u3G5xZKxjnXAvK2bxsUld2Ha9FPvXD+NjoNd5ii1cLrQER5Ygu3yLiaS/YSpZ6lGRuQhmF0B2jXYua+dqs62H2tmughR5vZPQ4l9aNRbixh7MuNGtDfpyqH/V1CJvyivO6UeuDrrVe4GEvoD7u64Z5XR19UamPK8VarXhEtoUy1oNz+3pHj9bWco0HU6NxXIb+HRNDV76j+VRT+1EZzmySjSEk11uoMTWzcz5UP9zsJ0YzdeW8GpXwkX9NXY2ATonaC0yl8JpTMUtZtCXKN2TZroNNn86K5JurjQzyoGiMyuAgyA4gOyCXoXFX12lg9Zikk/+GvxGDbsazsqQJyfPf9DcnA0cjd15uT24T7y5sBrDVQRtFuW7X1tBiyN4SM507dHkmehMyH2dGMT8ScoQz0I5IJgF2d9p3ycluvV8Ph2vAr3AZ7fKWgIYS797TGwP8elkbAunaQYKuk65V7LMMrlmWE3Qd88czCtVn+Xq0JD1B3q4uH9XzLKpFfbz4WLJs3nO7Z17tyfNn6YA6x+P0o9/6p+mD3/7NNDS7njw4SDvmZOIA79iMvbJxwTtsHxw9TEeHD7A2nZyepUvjj/b2XeZyfOknu4w7Xi22zy+cmfPJj5sdn52mk/Mz67pBevj4UdrfO0zji6mf2PJeW06LaYOe6cU+dE0vJn6hqX/Kq8LM1v2Do3RweOTX5cLG6MXllT/fe8GX0EyWa0Oeebp2DaxtOLxGLDz8mAPvymV870zNQcZxt+E8NdsZ71Prq+m19Zldw90h19b6m2tqrbqyxBVz1zqQeaHngTPytclpxm0em1ts8TrBr/lpbPrS7PFM5PFLhKx118wVG6+Mb/J2Ldz1tad9Hyfrla+JJsccskkP1/RYGNbW64asxoayXJ06kCee6WG+mU2sW+x3RsTFlxbFo3wm0ii0PNZI27/yj8VMbI3iVxMtv2mz74a+ptv67jfKI1+78pqQaXJlN99G48uxk9Z7Wz183fC1Q/+svrzm5v0E0h4wMNKVyM6srzBOfFLGJ2atA0c87/mE4Ob+kSH9ks/XtZ9oL6R45Pv62RDdBFmtRraGGuVvLswTJvrPqpuKfIBCIRsTtk5fXU7Mv7CF1+w2rq25HJjgV2R/SXsb/+hXtZeAd7Wz5vq6a3lX1tf5uxnZR/K+tv3c3+zj49rSA/buTL7xGaiH8tjn+ky3Rd0HciLukg2MiS20d3I1sTFhxHVurnW++jdDegP7Na/wV6yZKMx2MsZyzZZhcviHkbi2Vi/1+yeURlwWGUqcwxfF2a+U7zb4HDVZU3ZNxTZ+rRYPr6zfpzb+p8wDfASThebarYEkxHgGCq2IZthrAO3rI0B/1cIulO3ux1yXbQTL170KsDMSsIFpVV0xQANlfpYhfw4MuE2iWehXRlNGTi2ThQWawc1iw0LPgvP4wZE5mhfp808/SU8//zyNT09sRZ+kXVsEuPmxecJaNAN9r8UE0sSApv44gdGYzSPH/WdwWVAa5AUsT3yd2IofF2z/hTR3dO0Go1mw8qJlfW/5OO1Tk2exzRuakc1uHGh+GpjHFvgRB6/PsqRXYOzDY6yrd2cy6DJwbfMJrietLiTjtdjwtd5ii1eEuP4DxviNtUyormk2G0J5wedaoyeHr2aOlPO7TEdoBqv9bT/kHG8DrkClP7r2nhv8WZ/F9WIx4nWJ16cLi+wh7KNl0DkuqshG86NBuz3XoER7vebHS991dPvp56491/dAbgrw+to+mUdFf2W/nR/TWNm0s+Br75jxuf7St2rYQIeMUHvTozbnMF7TWTtNje9vXiSXXwT/JbMSUWmsJPJeF+joWecvgezQNYkGsR2vsy2x7ldtx+us+zYY2q00k4JxGx1IQpxSXrX12WefpQ8++CC9ePHC8/jxhh0bNJzgSJ42R8LRxEGN+iDqEKEfHusL78LdxSG2Ke93tgMrv2dOqBE/l2veq4877nv5p5MSOeiEfnpkIVAdVrOTbJIchJMLoo0KFaccKNOE4m2xxRb3E31zdBPzl3XAT9lwOgL5aW/Dj/lzsq8YWrteJWp1rtrvUX7Zssu2VXKb7BvZSFjTC++29ZXlazpjXymfPTCGNUi2lu8OrhRHoVgoktCX9yagZu+raEPZV13xu8LrrHsTYKADnEHuqLHbHV4+LppM049++MP0wQ9/lF48e+YfJz168MCfh0WOcU55OY7SFecA/BrNypjzir74jG12THNZOaMQafJxjC8mY39+l7tz1UdetIE0UAgkC8kJVjyGiqssaSHq22KLLe434tzV3N4cWke1tt70xWP6rtFlx6tAV1v9WnCc0VyTLhLKeEkllmlnl23LYJcblqZ8qaO0p1ZHLLssqZxQ5ouAbBBPezUkXpedyi8xG+0SKCmiiy908V8Flj3ZXbVNd4VY3+uoW3W+TjvWAc9T8/zNTuPM8fwcz3zx1gJ+MeyzTz5NJy9emgd8nQ73siNqEu78Ad5MMBzitDJxrL3mHF9eTWfkT2oYj/AGWX2couLk7pgOnueamvPKYws8v8bzTBdjCy3tzwmjHwfWiNrNcn8MgZ/rhbRYzmxrHGkBPm9cyL9wduYEr490DdELkY68LbbY4v5Cc1TzV9jk3I1rgkKwTPyuQV2qrxZfRLdFqaN6PfQYQdejBIb2evE4HTpZ19u1HUhmFdslG8sobOvshpfD0TXa5dS+iUN85Bj5hDFe2r8MZBuI9kYC6l8RqMlFiNcn0/mIgsK+wlHuTUJfm+4asc4y/qrtUX2vut614aef0KUnd80RxXXkGVl+CvfzTz/zU9yBOYm8Z5ZHEvTsrMs3d4LxrjA6h8wFZEWcvIrv8wTH1xxjHFfSKqfndXlTAqe0s1eFGQ856sIx5gtqqoN8keoCXo8h6uWxCwi94qvuMq1riR7pirwtttjifqOcp0pvYv7Gtb4WJ1wk8yrwOust66Pf4zVYhoQyXuav2k7ZF2lVlOWiXTV9kWdb4EJI/1y5Qi9p7cEC9bOHdfWPUOZLpiY755LXhMWLeSDmx/BV49qqhUrUnr0FfXa+qjbEel51v1Ffrc4u/n3Djjm3TubYQteX03RxepK++Ozz9PEHHxovcc85c24vJ3yVapC/Xb3TviNXE1qg7Uw4OZtyGCWnvuGU1R1cS/q4s+QO76sdWq2cCjfP306vzDGdmlM6GfubH9Ahx5o49UByisdjXj+Wf8iB+i8v+TYolL/wJpJdrVzmKQSyGcTrKt4WW2xx/xHn8aYR1/oYj1hG5q5xn+pd9VpE+bJsmaa+Zdq6rFwXblOH+IuohHg1OcXpj5IiSp7KA+mIPGHuGVxBgrUCfVhV/r7gddh9X/rqTbxm2KxvX+LU8dYEHkt4+sUX/qgCP9Hrz+RaHrKcnkI8zkAezmA57uV8RuR62hPf/IxtDpVGL49BcDpLnF8wI04+Dmx5oqs65JTKySWUkyqqzc1avgjeFlts8eVDuQ6shev11vpXvUd01af1uI/uI+K101odsY7dd9HWTdhVok9HLa/WP8ugq57ZL5kBFBNXJUqzKUc5xdngRZIBlCs3YiHqpBxxyZflBNUnYp6atJN0z05sB7v+bCRwfUYuYeViO+b0NToUlujiA/JEAH1lPRGlPIiyODlywEp0lQNlXhdqcrF+bAfI6BqoDhBluyiCtK41X7xahDgOZGvkceX3RuZYmqN5Ob5I//Q3fi392j/5b8zgy/TWwwfpYDRMu1fmKE6u0pB389m/6YU5kef5NBTnE4cUe2IbCXkM4ODgYNYG8uFRLo5VG2HWJi/lefkRgvYUlvdo2gjwL7lhJ49S8I5DObP0B88B865E3tlnNaHM8/PjF1a+uQ7I827dyfTC+48079l99uyZ83lTBGnsVvtUj9ok+6Vziy2+rGCcc0NJqDnOuGcOANIKmSMQcc15wj5Cto8WATsg5iakMtKPrZDSQLolLxIkCy3K5yac1w7md9jqucp+is+QYpvWEvQpBAqBbMBm2suaBMV2y0bpgVRG+VEGxL6rydUQ7ZK9ogh01K4NoXiW6iXeVct72yHF/f21M357ndCn8aB6Yzti/YpHGfUZkK6udkUin3KaI5DKoSfWIV2k4QtRn8pAGhuSkS7VKZ7aDJSnEEgf8kItrjLUqy93SxfI2hqIGQFPtAhRRvGuciW/Kx35Ps/WADqgtns2C+m/C9yV3leNODhvC+bA9fQynRwfp+MXL93B42dx/Qc9Jrz4vDnBbcJchsVg3sGu9S0/0CDnkDKaNJq4tEPEF9kI+ZKb0pdWlomLLM4mjie/bAYdHOzNvqwmRH0iNgI5puihbvjjyflso8BGNnKcXGThIRNRprfYYovXD83/u1zb3/R94z6sZev2YVe5VfRtqr2r6sFGUYlFvyewCKUtZR1d/SN+LR+dkUrMHFwK1ygi8so8oVYuYlHequV1chvLEXpTA29VxHKljljPuvr70FXfm4Zy4NUG4GrgTpC75J10enacPv/k4/T0i8/S2clLf0wBhxbC4fRfsMPBneKAmpO4w8/zcmJh2LkyR9NsIfRHHbhT5NScu+h8iprryc60v4bM88xZRi9Os4VeD29LwLF2Z/rSHU5+jncyPk+X07HbkJBvHO68SLT9ojtVPXMr5xWnFb5+6YZ4fNyBEMf+2Jx86qSc24f2Ri9hHKO37/8ttnjz0bWeLjM/NJ+6aF3cpmyJqGuTel8F+q7BKutXlF1n3Sv7bd1+XKfcbWxHvlZGfF4Vtizx6adC/ukHJm6LaB/9E6m0Xf2nMOYrThgpwh1cCucTruzvqrKShDIe82NavBKRX8opXfIjYl6fTIku2RJRbpm4sKz+PkhHqYv0JvS/DnQNvlWBczgcDMxxnKYvPvssffTxh+7k6bTWf8bZ+sg/rjAC1Ek5m56ejoj9KfvyR3j5Yw7SnKK2p6YXnjbvsSErY3Xj2PrP5bqTS/rKnVBOlTkRxuF1p5dTZtMp55MQQqeIcoS63pKDR+h6g4MLEVd+bAsE3tRxs8UWm0ZtLsS5ctco69c8V/y2iDrK+Cb0vwrEa7HOtSnLC8voqfWT0qv0X5RdpVyf7cvYHyH5Vcphq0hphYr3QXJRVrZ32VErE1HmR30llflzJ7hs6lERULqLHxHlyjxVKH4pU/JjHlD5iGoZoyg1l7cEopzisXypR3klfxO4K72vErputeu3DjhNPT8/TR9/8qH/HC/vw93nuVuee7U8vki2NxwZb8+dXA5o6UOvv3EAgfpW/Us+DqJu8nAY5djKcfQ8i8uJ5VTWH0+wEOeWtzYM+S1xToQtzevLIOLuZOOcm955yie3SuO8guHIbjjNR4c3O801WwnF89PixrmN/au2KK12Kr3FFl9VaC5AJV7V/OizYVOIuu+ynk0jrmHxeix7bWplSl3Lon6N2AsizSOW8XiyRfza/Co/AV3+OtTasSxie1fVI/u7aBEWyZQ29Okv87Q3R6itohJeolRU40WqQfwo0yVf8kr5Mh1RytTQJ1N7dVgNKlvT0af/tqjpVfou6ts0avaDrgG4KnDmzk9O0xdffOGnlyOekTVPEIduaM4tdZD2Z2f9wX4czmyPHFXZWNpJWRxMnEfC6NzinPJuXRxZd2w5vaVNFscm+MiPz87T+elZOjMbsZM0+jh1vjI5Oc0Q5bys1SGKfUScfMl7fQ0PnXJu1ZYoI121dm6xxRbz6ylzZRloPnXRqlCZdcrWUNrRFb/PKK+F0steI7BOGfD/Z+8/m+RKsjRNUOHcHZwFIhA0I2kkL5ZFuruqq6qrq7q6Z1b2y37YXZFdWZH5H/W7dmTmSw/r6Z6aLpI8g2cQRIDDOZ33OXpfs2Pq18zNAQciEMDrOFC9So4e5UfV9Op1GbVlxfNxyi+HHY03mQfyZpnH2cfhUeIC57Ol4yCHd7qYrQw53KR07Jf9zc+U589Mgw89EDnv4LYMM7J7G872cXEz2rhg2vgoqtyWMC5+C5/TPQqE6Qtn90k8JvkdFy2vk+T9pNA2Nre1R8HOznbZ3FovW1IiUS69K8oZXNpvq/QNabYc9KxuXK6WDyWRjpKBOzyDrxRbOcTX1PRf3cnFjc4l/9i1RdGUwotCuyNFFNk21+txAivOJni6c0J+oYxwkP0xvZOL3f48e2ULP+C8QCDn8Tme41mGx4MM94sn0T/atIHd+vweBZnf0I75KPTkkMewaTEuznF4tfXwsPXyqPWZ5Z1WduNR4hqWH9N0FHIc46j0W945fB+/DMJmanF4z7dBTiDs/ObbYVyi/e6Tk8px+uLHT81jymkkbo+JPz8RV1iObPbL1sox5DHkD/rkPQlM5Hsgv0yHgJJmRW1UYfvCMfjE4ZgKHUGswlRDUi6Vj12Uvh0pkFIs56TYsWuLG8of5bW9XW8a4GUxqZy10kQHUPNpxbZ888tls7Oc5RXR6MRrV3w3N9bEkVVi5UP4MCUbiibPXEG2srhUlpeWws6ZXrC7u192trZL4aMPvMgmUiZgUk0g+dh5lipdNpUfaI+OKzn5xO/WtuQgNdnJYxxt0DN546iGCkLSzaB3hyJe2+uwfcczP5eJ4jnaxWiZPMdzPI1oh0G6bW3/CV27H5j0lW5SrFdhHUaed+KF0hMCY8/jmjeAZQaH07Hnw5pPHn3Ky1E4FKcb/w+1iwngaq/O1pl+7se4Og33Qbs7Hg7nvW2H9u/P78CcErltjsvPJPTFIQ/DfFAOlYYvrtXN1XH9EFAX7FHVfSrZJ4Q1Zv/DX/7h38XObbcbmguTZ2TNO7v77FapIP2Mn3eQAPe9Kab8iIM7PMmgBNMkPMenToW20mIg0R9foIp6imcJKH4z4oMiI47BP9LtwkYWxSs6tGTjM63kJRqx/OPloghUjdq4w9bJUOU0kb8qWpU7bMgUqGc8eZxR4Z4i78ggsiynKPQu7QzzmJUCA4Y8Eb8mhAnh10eUM5WqEHqu8sqxpgUpLxUoReJZC1VPNHDSEFm+8NIf+RDV0hVv5X/gnv5m1RAJg3KVyy24yHQbcZlVDPNYOzcqKiqZbCGvykNuM6oUlx8bonNz84UXurgndnlxQfqfFNitjbK4MFsunz1bfv2LX5aP3v+grK+ulZ2N7XJaCuWSlMmN9fUoBuSbkXK6sCQFU/FnFO/UvNJZ6OSUBHGl2B5nV2vZEG92jvxLvURRhKSM7u1KDqV/irt1Q46tsru3rXqQAi3FFB4omijcsZuLSSG4IFSeu1LIecFsa3NT7UbpKm/wozTUChWl7s5uKo98CY0vn21LAaak9lVse6rHHaW1gwxiuba5UTZ3tpW/+XL/wQM9b5XLVy6Xe/fulX/655+VpdPny5mz58q3vvktlcOs8jUfX1pbU/kszqr90YcPlCelUMudkmfnmHoJoUVRS6Kujikj2Z7jOb5Q1AYqHG6PDG2M/fyKc/7s+bJOe9fYwC8eCwuLta+rWT+4fz/66pnTK2VpQeOL4sJ2Rn2DsMErjZn0ALGNF1jp73SUSLsz6UOm/V3FqdGC6DmMnaeYx0S1j9U+VYcIOFSq7oxF2COFQIwnoaTU9GKui7xorOnkZI7EbxZB+RcG4WWJdCJSx3to1rkbHoBz/n6u/sEs3DHFoQodqG71OWyUR/CFwjncwSBe8B8Px88grokx03knfzYVi4CDeoixVU7VzyQw9sX4V5+hGp65nI/zaNSN4pBLV2e0KYb2XcbsYIKMtQ5NYjdA5EHj6QxzZpRvRS2DGrDNI4j8ERdSNIK4fplr9tgUieTEQyb+8djVEyb3qtPOyTtJz/B1zRCB8tPcozD81UatWF17gdAZdpnzlFaEImxH4a8/8oTeQ3s2Mccw35LWDvMm+Yw8EA478ne/UJ7i/mXaaiWCwjc2XpClWwTU8qyCuazJb/dfjYe1CxPU+VWqqFmv3AYm6KuASZgUflBphDliFZP5YKd8VIydy3SoSuyoadL/HYFq5nyDLEMfWv7HQZvWcXHocm7K09SLOjgdlacWbfhHlfswOn5jVpceGPgUL2FYF52SUnnzs8/jjGv0OQ1UKLWcx71763YoeOyAzi/Mldn4ZK7CiPZn6aSaDETOV1sm0RGF4UtfHCWQIsuOsZTPXSmU0NDPRwx2qlauwY+y9tlYTPwB9+GePn22nD93LpR1aF+8uUaMMJQt2Y3d2/0dKbLy12Cwp0Ehdms1qW6jBKssNqQsb+9wRIGPSmxHPheXFkL5vnPrZtlmgEEcBupQthnqlX/SoB+pndTFC+XeX/b9GNe+nuM5vnioSR9COz4PTijFWMnvF9WsGLZv+oqJcQaTX3H8iw0It4T2OWPUDyF6hJ0SyHMUJvdU9/mHMW3/otDKdBxU+fvKb1LdgdGjbZPrro9XnnOyOQ1G5ijshzIwrky6jZZD7pPTt/yT8vFoqH1uqMcIzEnwtg6TdBnkGMoihZhgCuv+Xp+rHTi8acDJTEjIGemzZzczMewO2vAmY5x9Wjxq/D6Qlz6+OY8ngVxu48pvEo4KZ3/MaXkaOfxx454UKBMruLudksgzRxPee++98uDBg1Aaz5w5Ex9QiGMBKyvlnBRIHwtAWeQ8a18eQtHrkMsoh3Ud7UlJhJADwi2UTxTe7S0pv8OX0ewXu7qSFSUTJZxfHxakdC8uL5QZyXWKr5gpKZTX4KXwjr+9xUce6l24TjMTu1Iozz6DS7lQBvD47LPP4lqyqoTXl9OcF57zbsJzPMdzjEcsoINQcquiy84ffWkcsp9/SjWBSXGfJnjMzGPn04hcH7bnPOGWw0yb10n1nHnkdAynOY7HOD/z6uNptPK3z8a4tKcBPDPfadMEEVerUm82Oa+ZzL+PT1/4kRkPhz5kZn2MQU64DTPObxq78bDxWhCmL1yb9zaMC+xRYR6Pys/5yJTRPoM+tz70hTup/E8D0kEZ4yfBUMykkM6ppXIt1qefflw246fHxXLhwoVy+fLlcvXq1QGFcitCiVRGBvwglMi8AO7LpxXjIMmAHISLsAf8bCW3TkGGH0qklUleMsPHfJ0m/lZIF5eXyoJkh+YWFwZy8vMXxw42tjZjB9i7wFnRhQ9lYGUYP0xkBnz8YnOz+jsOsrADQVzy9BzP8cwjfjU6vLMF3Nfdh7MdMH7Q5wzs+bkNb+QwTzP68tbn9mVFW1/j7C2mzaN5tLzadtHyI/xR6R8lwySe9uszs71PBodxuGmQw4/GH/6KCobuFdlu+bNMDt/GM3IcKG5RMGW0DGwfx7jP3W4m7yD52Xajdc+U3Yxx7pPA9jZDm02IF3lMdft76DcSxj+rPwJQPqCHxaS89vnZbVycFg6Xw7tttG3kJMHPhRBthPJBuUUG7G43D+7di+u3rLhxRRg7uSh4yIZSyBlnK6XA5W0yBjsyqlUmvLpbQ77Z9T2sCNZzWVKAZ2bLPMqv+IdU4lGPA1Ql10cY3KdIE3duU2B3FZyakxK+uFQWl1bK0vJynBMmD8iN0upjDvGRiC0U472yv4OifBB+wOVkJZcX4nAjHlDKcdzhVHfmPRYKXTk+x3M8Bxgdh+kd8eIqdGouyOMCX3QiBEd+4iVNb81iF8XP2DLrmUMmcZnBn8Woxocg3L4aaOcJTNufBuS6yHbnATeTMW3+chyQ440rp5zeuPiYh8Mw19VfKjO5reaw1X1UHiO7HU7j5FDTqf2j9pGKLBs0lMF9px4BtH8O2yK7jcx4MGwj5Wfbs39Gds9hoax0GH5u3fvwKHFbTIqLW+t+khVtXq7AR8G4fDgPrfs0GBfvJMtgEkgbxY301EWV8J4USjV4KWh37twJBY+zpT6XbbnUBUKRDCVOSp3zEPOOwohjPMcyRc/jCB77HC9QeiiFplCQZfJzJXA5DdKRP+HyrusgXpcfzE2OH8gPLpyfRbldWJayu7JclkRWQtnRhRdKLoQdinS6vJg3MrA7O784H2laqSVN3CkD3OsO7kiXf47neGaQz+TSa90TQoENZbSB+3p3NME3k2A34ONnmx4TbA7Rk8ZTiDZ/h/P55UWuu9YO5bzYzeGmyWcOn0HcTBk5vO0tH8dpebe82ueMnHa2Gzz38c90FNpwfXGzHfi5dXcZZDKvvrDAeiZmULgKDnAUMmMnCvoSBXZvqUV2HxcGjPObFCejDZPzne0ON87/UQAf8+pLcxo47DizD8fhbzyO/I+g2wExeGvVCiFAZhQzFNx7d26XXRRc+eFGA8ZOGI4mLJ1eGSi3Oa9+hgjPDQh1P16rQk1aPlsXxP21KJG7Cod3J4sJJZO7buN8raJyjRikVLtn2RB9nzO49SUy8yB9FFcTtyKEsjqjDjk7X+ZmF8rS0lLkhTLZ3dmPHVmOJUDeAYZn7Nwqi6fmlC4UJx3q4oDdXFbHKPXu8KSP/Tme49lGq2QOn+m3vg0lblkRMUSweWQCKLlWdKNfE9ekvpaBv5HtTyva/GVM8vsy4ag6OYl8wLflnfna3idLn0wg4mjQ96+JGe0vj06/XrtV54A+4G4yJqY/JVqeoO954MaxofQSOP3Sv3pkeRxnGG4UA8XW1LkHxmWsxTjmxjj/PvdpeDlMG/aouMfBUXmftmyOwknx6cO48jhuObXhH6fMLUg70uuUXiYSjgOgbXI8AWV0nmMCc/XnQ17yQglkhxIQPxQ5+MRdKcMOgRLqvGC2dj8Dx8kEX+/QZqU1k19yw04YlFEIO8dcZuellEumXY1ScR3Y7nC3F2V3fmmxzC3MR1rcouAjCyZAWOKRfn6ZLgYEDRKR/8h37fAAZZcwz/EczzIYM+Kz3vRd2ekRjDHYw58FrxRck5VdXys4CCfTii7w2GH/kYlVGI4tNr9aeNrGljzWZ+R8EGZcuHFow5vfUeVzVDqT4me/acJNCnPc/J4UxuXB8vTJ1eaDMLhlmv33f/GTuAd3bn5u8LJKDqBoDfPhT8hmSPxh+Ao/j/odaN7FPvQfQEnAz7xBhElJ1ziVX+YLWR67D8NX8nPp4hv2dzwrC72kUSvu2Y3o1Y0H+1d+deXQuoN47tIhTM4DcHk6LxBw+Bp29Hyo49vfcWLk7oD7EKPyGKNhKnA75N4917vphsjyAsd1/IFYA3ade1gd1isv5UfP/Gy4OMfLZqXc+OS35b233y5S58qCFMjIr/7i/keF5f5e3GjDPHM3Hz/Vx13FkOyE5Z5brv7ivj5S585d/Gl3KJO3Pr8ZSurC/EIolJsbm2qDvORG3zhVtjbX0R1jguSeXO5NDOU1FFnOy25rXpTCKnniPkBNpnH/oJRPbk1YV3zutD11CsV0Trxmy47ct5X2luJy3hZFmOIhHyizW+K7uSne27vKx1xZ3xCP3e1y9tzZuJnh9t07Zfn06fLHf/Kvyt37D8rqxka5eu16ef1rb5az5y9IkVZ6KLyig10p2VTdqXrtEWWOHLQr6k9JRrlU8BAOHez+HNMg9wfD/eE5HhYuv6ZsO2fKnP44q/5KWW/v7MY5ffppHVMO1MdvxJ3U586ulDPLy7Ufa5Ecn9tWP6Qv7+2q37LoVH88wC4/lN3NrfqrDLekcLuKEgy+cxpvOP9P9XrMqUqxxhkUao1jjDXDJlEtHjdNY5tHNxFyNGukDZFePFe3Aa94Ah5bK9V7Upuy6+C4k+ztuC/f4Btlqzw7Hca86l7dBjgU/ziw3JhDnlW+aiJD5zqQGXCnOvXGeNvC+YMsf4twH4jusiBsN/+k+BXVpC1mMA8YhM8mID558C+UNY0hf4ep1mFaDlftzHXVB+DuO3130vshmQyXH3Jn2S3Lwd4wDv6YNe0axrxshkiCw1J02Hk/JO6ljrIc8qzJ53KsvKg/wtc+lvNb/Zn/LW+k02FYZV0CD4OHjfc0wIWYC/xRMKms+tL6KpfteNQOTTlAcSWXJhYmixkN9DRkjgl4J5XBgGvCzp49WzuiNLjYvU2AH4TC6M4GuVMA0nr11VeDL3fr0jmWF5cGu6dnlAbPpBeK5+BFsOGNB5lvTgfeyDa7MB/xATw4pgCQmc6rGPEM6nsrKgseyI+IWxeIPz+/GPw5usAE/sorr5Svvfm6GHnQcL6qSfrI8RyPF95RN1HuxvPy/+LBC2RxvKDbnUWpZaeWWordWHZwWSyL4swtz/Tf7jkUTDk5bCix4hEKr8YkK8L4uc+HGWyI9MUjt8knhS8izRbHkYGwR4XP9Tku7MPm+yTbCrxMj4q+/JjvJP6Ol+XIdtDGb9Nq/cFR5Vv15S6hPgZ9GMf0OPEzZYzj3Rf2YXEgNschFAvMk0q/D+Y9Lo1py/ZphaaSAcVzl1/ukEWBXF29H0pkKI1MTl17DaURRYJtSRRAdmq7ScVl6bAjCicTFxMROxq7fKlMvOTEGdpzZ87GF47u379f7t17IH4oLfNlbW0t+BHPinJ8ElhEurwwpkQ1tymtwk7sbuETu+zIhpop+WZOzUmgmarcSiGGdnd5qS0ChGyaIqtyixM7Dnx9jPyJCEt+UejJJ89cj/ad73yrvP766+EGzCfa70DZfY7HDbcxm+Covv0cTw50j6gH6oh+F1SV0lBa1Q9PqfPFTpUoFNtdxon6zE4lSi7x8TvYYbFdb0nZ3tyKHWCUXDGVIqzFN7tpSjTagtrElwmPqz263RtfVPsnvYehFnbLfs5jm1fQ8ujjOS1y3Ml88Ev+3bstyAfl8eg4yPm0fZIcrV+bpt99yfyqnQlw2D/gU4mnulgMW4rXJ4f9TXU2FHigEI6CmbbMiT8N+oRq3Xgel86jAKXhOMhph/0EZMmF3yLnOaftsNOW8dMM8kjebUJ8uYzPa6JYxmQkPyYNdi4h7CiKfAQB5Q9FEDfI5UiczNPuKJooiRB2PiLBGVrvBrNDyy4pvO/evSslu/7ERxiOMrBjxzPIu3cD/prkgsQ7p2XlFqWdowlhSpHnbC4KMhxjF1p54bYFzuVC3JPL83L3Qh2fI37zzTfKN7/5zbJ0eknp0s416cJHk2xAfGrbH3T353hM8E6+25Pbhtvjc3xxiJ3X2IGVRQtb77zGMQIWuyisMlFordjGbmyEl5toBiUXP8JqvozjDPya1H2Km1+WUHLhTTr1OkHSRL/94hVcj0vZbN1OCi3vk+Y/Du5zGQ+bfpbfpu1Ox2b2s2lkv0mA1zj5p0FfOubZx3ca5PjmPS4NYD8/G7jjZmU7xzHyM+FNRtuHWv8WMeI6UQbko5AZ2hwn7CS0PDJfo/Vr/Z8Ectonnb7LK/Mel8Zxy/fLCnZJYqfE6FaatSnWFWcopjwRTora+ur9siYFF30PP3ZQ2NnlZTOUSpRNK5cohRFf5XjQU5SznOkVEYa0hkpn/QwvvFByd7b3yrUXXiovvPBC7MxwZAHFZXV1tWxsb0U6fKgBJbOekeULY5sSECErkb66cr3yS2HqGdud7vxeVXi525a0fNyhyiJS3g+Ux9iRRmlW/viABXlEsQ5FXrh48WL5xre+Wa5dfyniWYnK7SXal0rti59ev/qgXqgDk/vzV6HvfhVQxxT1DSZZ9XfO38bNKSyc1R9RXMO/U2xntDI8xToRd5RaTZEmdntj0U0/7o4oeOEK1clYSnFHfHZ8ZOz7gtA3x4ybd46LvnYe409Hjxtt+jntadOfFD675TEWtOHH8ZgE8+vjW83hXFlpFO244/mVe5rbsulDltf5ywTaPNkd2G9cPNtt0j8g/DJfrJVG3Vt+rX+LwYce6IytdjwObYLHheO3JsBu+iLQ5ifLcxIyubyNzLNN5yTSe9pAG3QHhXhGqWQHdWFuvix2L4W5zRKGXdzTp0/Hp3oHZSYF0zwgd3xgN2A+wG4oyw7PcYVr167Fji67c3fu3Cq3bt2KO3k5soBSSXwIhZWJDTfsducZBZf4obyKPAniZuJLZpsouuzoKvwuPGgv5GVOitP8XDl95kz30sy2zLny2muvxLnhlZWl2rZQrgVfsSLbIF/P8fhB3XjBRfvpa2fP8cWBOojd2U5hxazKLQvPbSqquitsKKOyYzpOPtIQSnDn7h1g7tCO9wN4GU0mYb9McHvEbMeFxzFOOJ2+9J4UWhmOoozslu11bB2afWGM7DcNzDOjj28fPG/lsccIvrGZdDwQzzROjuyfgRto3c2nJaPPzWmYJ7C/zRwGitxmh6PQMsw4Tvw+tH48Twr/uNCXj5OWpU2j5Z/trptpyvdpR0xAyjsd1M8cEdja3iiLi/X6LXXd8HM4TH6C52f5XEZRht1uKnbIiqemIgWoYXFn5w2lBKWTu2jZJSVdlNFLly6V69deDCUaBWZza6PcvHkzFF0Ub8KglK5tbpQH62thWpn1l82s1GKyWwtvFGSUd0x/zAF3v7gWSvC+5JW0B8oGtMxb35KffLC7/N3vfjfO4PKcB7W2vdj9OR4vqLdh3ddFBmXvSec5vmA0/cL9BEXU14Ch0I4ot0HqWyJ2aqnbGEMSL/cv3PGH6L/RBlCGU5pfJiC36XHiSaTR4iTT7OPT1mkO04afVo7M82HajG9L8HhDuqZpkcNaBswsTx/PVt72uU8G88n8spndQZajDd+HwYibIz4MHiUumCTkJL8++KxtNm0HdcAakt2ymTEoSFHmlXlOi75yPl7+2AXK9PjhVB45tXjDfzIoG8rDZcL51bqjuV/mFhal8B2UXfy42oprd6S8ogSucUb23r04uxrXc3WIOlZ4lGJMfo4cKLldOAYCFFx23lBgUVpRNFFyOSJw/8Ga6nqmvPHmN8rLr74Su6jcYetwEC+kofRaQUXmnX0ptJJfU5xMTXil7uRu7G6X1Y31cm99tTzodqc5W+td3HqUYavs7m13b2XvkqnIy5567IYU5h3JfPWl6+WNb3y7rJw+G/EPFGC2lkDsKsUkXfeisHSgDuQRK/nnCtdJg3bwYK3WKee1OYJCOfOSIu3rOZ4suPM2TNq8xh+u6ovr8dQPZtX/Z+U/q/GD87VcoRcKrcLT1+JlsjTqscBk3NB/dZyiahlZiCNPwtejC5VX3eXtxrQIa4w8TAf6qwgZHg3DRfBxMH6k6HxiPMl4OOVqMpzGeGn6UGXgvQiNjhKlluH4srS8h+QeySN+k3/2P6l8H4dPq9TmuLTQQNeWBmS3bI5B/gQ15JfDajnUvhKf4Y1i0TzEc6Ykkz/Vm2UdlmeNUa+lG3Joy9u8xmH2b//8D/4OC3dkhsPc8KWZ+H+Uf+EeUe4Ajb/YMSNTGiikCMzNcc5PmVKcIUlImTN8XUl2eGptEYKjdsCU5PY1IWNyV2C9W85hUuI8dRlCuYRXyIgbJP6SKNxquopPvuwv8BM3d9lmIh1eBoC3zbjXr0s/YkaZVOULRYI4+i8oZAjfWn64BY/gbbOzpzN6PBt9dsyIk8LHeS6lzx/BCIkEnZTKL/fEKSylPJC/hiAL5k0dZyUvmmsNEPmozDuiLGVCwwaGCVV+BsGrOYwD0T4iHwrPPbf6r/qpPE5pxYkd/0UpAfxcSE3Oqz8+uH+33Pj0k7ImRXB7d7ecOX+pzKgO9xV+t8uDIsf51EW+AiYFtd69SBIoFrWOI0k5skuDDHFvHoquJqE6aSmAssM9tGSRrhkfZlB5Li2viPdyd1OC5NPf+uZGyLTLuTq587IJSs29e3cL9+HSL/bU+belrG5sSoHdkdK7vVXWleaO+G/L3NjcCsUUBXhG7YZjCJz/3VK4OFOsJsb530W5n11cjjsMV3e3ypY8vvujH5Y//Jf/qlx64Vo50DP34/IJ4H/8p39S/L1y9tzF8tprXy+XrrwQbWL/1K7apso4+mulWjZ1V7xOAFQeBFy/ANN+dnt64TbsNlfzXd15tj3780w74YtzjFUQ9wcvq21g3ntwr3z8ySflxo2b5bYWWnfv3NNiZ0tK7UI5owUI929yfzFtn49xdFpRIsnAP/nHGCGKZ8Wr9xSjon01yv/RQP4PlwElA+HF3dVnz5zWQnOjLC8tRj+fVx9iobgwP1f++Z/+oVw+f7ack59WIWVfffC86mhNC1kUVW5L4Ox/zCRiWk3e/dYYIj6n1AbYJfM4i3fVlmbKkvpp+OmPdLmDGqWasDHuRZvSPEE986jIYfIsql+eoj/S7ioN0oLkKwsRwsSN8LRPt+sA7VcG/CHyE3mrDA6RWpzkII0az/Exw058ZGf0jOLATi67v5BNeVa/UIQIG1E1zuxHWdLmq6z4QcDmtIAnPA5Tiy79jnhGRuyM7fTHg5BDclO+9HMqBnmCotbJQPR7938KEG9uw2FuqHVd8wXBN3g2+RrUDxUQlVBNyxblI7gOnWbVsXCrZRqihWTwGspVw9Z3SkLOEFJyiQhNG+TIW7RM0lUbD0LvIj6Nm3RiHqRNUtPKR8hLUviRDvMjJQjXru2KIhB5CDlYQOJOuyHykPZYTA7CV0LuYXlJ5gONfVK0QyHvlPCaL4WnXuAl1PKoBCuXQQY1MxVGo43Cwpl5mwjIu2p9GGbw0eBUWjPvttJBvSMGXAitmTHIY/w/NB8FfeU0ERY4BgvZB8+Tcex0EqIvdqbtGcett9oxVMa9IpGv2tHhCzEIAXZud3b3pbztSHHUBCHFYeXM2XL2/Ply/uLFcu7ChbCHPOp1lov/g7pnzvGyW+uXgexOGTEw2C/SltuOEtvk6MAWtCNF5r6Ux3Nxa8HLr70a4bhdYVfKpc8As4v30ScfSdm5Udak3J5amC1zC1JSpFBuq4PvMMRqopzhTlwpsgw87OgS79pLL5bzygef260DFy+w7JSNdXYFVyPuq1//Wvn2D75fLl17qcxIsads2Omem6v5ickoVuLYh625tgPKF5J78jsM+zn8VwOud9e3J4dsr+VUYTvl6vaSCX/qPnbfNzdrvSocQ3z88sBb9eLLZMGnmI8CvCwLg7onLAi/5zg+WCx7bKEcqR+u70LhPSU6oMy1KPWxhNwGwtQ4G/M+Y5P6TNsGvDsorhGfa8YYpEJp6HZx4whEnMft7085zX7UcWpynz0CMbbCp+M1BfI0w7iSMZTX/Ko52Ck8hMP5ftKgJzK2VX1AbUD1d2ypHqUOBNrM44LbZLaPErIPzUCXH15EA+Prr0O0oz6SV8w92GxWuMQGbUlJIU/wErktDdMmxpAG7qns2/4S/BoMQ3fIkdoI+NmtFlYl4HjjzAzc+tzb9CaBwahfSeqHf3oal7YxrKqK48h0HLQyTJLpYZF5nhT/XOcZQ3fTGISW3PqPlrplhR8Xszs9JnuUCM62AXY5OVLgF3qA5ciUMVRuTVI9urhWKjCRAbKSwReA9g9249gC990uLS/HDQYvvvhinIXlfC7gLlrOxC4sLErWrXLnzt1y8/Nb5fPPPy+f3boZZ2790lyrzGB+9NFH5bObn5c79+6XtY1NKcT7ZVMT444GjqXTK+X1r32t/P7v/36cvUWhRnbknKT8OC/PUdtHRig7gzYx2oYMl112cxiX/eaGFkDrWwM+1KWVXuqWsPgdBfgRH3Iafn5eh48O6mphto4X7LDu8TJnvBC2HeUbfV+LUPdL3EzAdZLtub4cb0AciWJRznl6pSNHUd1cYdo2L/A01O+wLEwVds/5yXbwZcgfMrVygXHujxOPK03zNbl9uo1CDjcJOexJ4Tg8c3tp49nP5ji+hxTcjBypL7HsD9oG3PfcuoGWz5NGzovlaO3ZfBT0lYGf+8rmuGj5j7OfBB6mXEK/FfKOegbKQMjJJCC+dMr52YWYlFBmUTD9pjp+hGXS8otboE8ewmVi8gGEdXjcUUr8cghhcAMoJyjSvOSFG+lxHILrud58881Qcnk5jV1YdlOxc+vBlvitbazHVIASDH+UW8JBfsEs0lQ87rhdUFyOHWxq8mX3eIufVs+ulFfeeL382Z/9WfnBD34QvJDBsnlCzflp4bw8y3D7oowoN6gtL549IQDCu+zaduO4uNMOzRuQFm6YYJryp40Rn7DEzTzxe45Hw97OVv2srqqoKp51931Li8m4GzdeClUb6Y4uUfYj9Ra7V6P1b/J45F3g2MXd1SJZaexscrvCdtg9tgCU3Go+Jf2zy79lPUrm0XAT1Y0nDuosm08C49I8KRky/5Zon/m5D3Zv/ceFPy6c9rh0+uDwlt9o214fr0MtjkiQA5s5MEO7jUvQPIz83PplZF4PCzhM4kLaGraCDhQwp2n7SJ5khfjZu1/qh8eksnhUZL4nmwZ1Xn+Sq/bD5TcCflLIZLTPHWJS4bQbA2lXPvBFYTx7+lzcaHDhwoVy5syZUHbn5vjQQ92RGVVWMKuiADChuJlAhOIwmGRSO8bkWf+CQg5+QuFH51P1uAI/Q6+cOR3KbuweSyk9e/5cHC9YWlmOIwZXrlyJHV6UcSbQBw9Wy917D4I/aeMGodxy7vbevXuVZOd8773VB2Vta7OcuXShfPN7b5U/+ld/Wv72v/lvy3e//73g77f1M6wAkYbJcP6fdbjO3VYoQxYZLDY4amIF2O0JE+BG3GifXTnmcoYIu8tXr9QvhvF4rnGt6I6CcDUsYOFG3d78/Hb59JPPyqeffhovL8aCSn7P8fDgVzyu7uIObT7isL21Edd6xc0IW9txFpE6GiigoajSHkQjv+sN0bYBuymF+nMsbYV2w0Jnez92cdnNjaMLqR2BYStQNDnFvPMlQ8g8ouRSRv19wqh+X55fILJ8Wc5sf5xo0+yT5WHRlrH5T6IW2S2H6Qt7XJhf5pthN/KR84J7HoszgXH8cp8KtEwz8LObGZraBI322WjDmu/jBKmNk8fpt3I4f7Y/Kpx+K0dbHg+LzKO1nwT/XAbj7A8PDZyaXHxOh7tedzbrjsrC3GIotd69tfIBYUe5wz3n03YrJbaPTGId7AcPE7xxRyE1kY6VI9RezpZjJzwK73e+853yxtffLNdffaVcf/nl8uL1l0Ih5zYFPhZhxRZexIMXu9ko3dyegLLLUYRXXn+t/OB3f1z+zb/76/I3/82/L3/0Z/+yfPd3fhQ7vCg7yEpZAPICHxYBbT04389R4TLHpMwpbxRIjpBw7RvHR1h0UD8OP65MXa74uy1SLzmNjNzexoF0kePDDz8cIdws03M8PFBmeUmXnVq+PoYSO7O/V3bV9/hkd721RD07dnDr7SWg73xuhuuaeh+MS5gounuQ4qmfsouLks1Lqb7pxOPd04Kc/z77aLsfVUq+aGTZxtmfBEjvcaTvcm7L2vwnpZPjPC75Mt+W57j2QTj3qYxW3tYfHHZJyMJk2L31bwX0czZNRuaReU0LBogYfBrAaRy3nD4gXaYev9AUcvB6IPQY0KbfPj8qMr+T5m3kuqp2U4cxO7S1yfW518mfRgo/6hQFxNdukQ92bNkh29utyugoUEaH6RM+SMEgwkPDN5JrWJv4oSiyW2NZiM8kB9WdnINQcAmHTN5B5UUxdnVRYtc3t+M8JjKePn22vPrq61J6v1ve+s73yre//e3IX+U7zC+TIgoyCuv3fvDD8u/+9j+U//f/5/9b/h//z/9X+Yt/+9fla4q3J7lv3rlbjyx0u3mUhxV1nrGPg8vjWYdUClU6l6nNlK3t3bgCDtpQve1KCbl1+265d19K7tZOPDt83E7CLwWzqrM4SsuiqZZ9Jcq4tiW3Ycq7tiktgmAzMlD194N7dx+UWzfvxG6+f23AfutWdXuORwP1gUIZH2PY3pKd1wFVmyi2qkQUWz1Il1Wfr5Wq50pUX+1HdZzwmABszqlxBNGnMVXxaj1KR21A7Wl3Y6vsbW0P0gPtWPQ0YPArG/Yu72CQh5Gx/3A7/6KRy/pJlvuktE5Cjto+R8nuBumYDPs/bvnMY1perdxGmy/8+ngeanmZ4cOij8dJ8H1UTCrSowp82go5Lh5XuXwZyvu44BAI5eyVGLspKHO7W7vxkx4TBm8/44+iaUJBjPDK8ziyP2G9y+I6xd0KLkorSoUVE2CZuKVgde1++JEuboRHRrCyshJxCM+NCeaPiQK6tLRSLl26EjvRxCdNduX4mdSywYujDa+9/nq58sLVOP6wvrtdtlGmuI2hS9d5tpKNG4uBSLtL9zkOg3I2UY+ua8qV+mNHlzPS1IPbgMvU5e7ydZuBbCcMZH/IPOw+CT6XDfh6HgR8jOLLqCw8VVB9xDqD+lK/Q9lluYOiixI7ML27yrVGWszEFogC+yaBuP6oA/VruP7jGAR1bhIHao404zaFUKQVT3FJB/+vEqKP9G5wPIfHD6N9Pmnk9klaR6X3uOWbxC/7HSV39h8H9cXaIVvGJtwdpk8xcCIOl80+wg+Mi+s0c3hMQ09BDExhduFYJUMxWIgG/OFHvMQLYrfWJI9wC38pJt659QTFxMXHBNihA+ZhIp4p5ysjhwXmbTf7O76fW3dge55c7WcQpw92x3S6gPgtn8zD/kYNhr+pgvsBg1KesNdzstUvaqrzyyANFMEY+AWUjU8/+STS5dwp94paoYUHAyi7ZohlubnXFXfiuGwC7K6JiGsexEFBDCXx1H5ZWJyLs7PIsLm5HsS52/n5WfHaCQWDePBEMSU+eeN5Z1vK+GY92wvm53kZbqnMzy2WpcWVcu7chXL58uVy+eqV8vLLL5eXXnopbkHgWAN5u3DhUjm9XM8V/6f/9J/KJ598KnmWyoYUsJmFhTK3tFS2ZScb7PRahnoOue4q484xBcuI8ub8u7wztXAZfpVBOVFeLjPqnny7PKgPytW3XODusrQyTJvAjXiUObxqW4gRSG1ht+zt7sc9mfgB2g+AH+fGCc+vAPCJoyVqz3fv3C/vv/9+pMGHIeqdzNRVrU8fSXmOyaCM6ZeAcqY8o47VvDkmEIqtwvDi6gG7td2xBM7h1k/sql62tbDmYyvUOW4i7qRm0Y0SrJGnaL1b5me56YU06TucsVUctSl2iOHp+QiFlnQXNLbMK/bq3Xtl/cFqWVYfRzbaG+0AO308TJGR82TgZqpj7DDPJtqNiXLI6ItvYgzBxA/Ai/jDX7Ta+QKTfkT8GneUB7IN58dMINsfBZlvHxnZLZdRfia/bjsQ+bAduOxAdp+EWoajYzLxcGe8acvdcFjHJUwmYL8sS+vPGEY6+OPO+MS4wjwCZTjNDPOGV58d3i433DM5DJSR0yAeyGnn+AbPpOX8AMrO8yEgzEiPaTPzuPCk0nlc6Kukh8VJ8poG49LK7k9Sngp1zJggSlnfWI2fgDl/e+fOnRj459Vgl9RwfcZ0HIH87M6dKQ8wdAg6AybAj3OypOkwlIU7HR9KYGfPZOXYyg8djTQifWUHOx2OXTiUW64U4woxiFsXXrz6Qrkm86qU6ssXLsZZXX7eJD2U6TiawcuNytp+HJmpk8QkuByeox+Uj9u3j3lQT9Q35U5bwJ/dcM7jUr/4487P1tFWW8RO1XTlTjoQacAz+OqZ9FjQAWRENkzaGSZtiB3m5zgalK3r2KYR/Z96zFeBxScchIO6U1t1VSk0WqRAKKex67qrBeOe4qIgdEoxd+lyVIEd3QEftxExou5QfjUqxAZM7NwStlN4uckhPjikduBx5kmhLZvjoI37KLye49kdt9t85+fadw5T9jNof1AOB80ct2GaEciMjGxvMS6tSXGOAoNRDEgNBivnBgw9PVOUN/gOgReAxl1plctiXN760JaZcRweJ4G+9LJb6z+UuadAmOR7f5Iap5SNurkOURRROjc14d/87POyvbEZgz/Tw1zsAo/uDAzLsqaDHT92i9kFc1hTVjB4RpGAsOO2sbmmOWgnlGwUWiZDPpkbn82VP8rv+vpaZ9ZP9W5JEWXnBtrbZlewXluGcsSnWtmBW1xcLivLZ8qVK5fKtWtXYweXndzr16+H4ntNyu6VS5fL6SUpMWqgvPiEwhO3VahcT7HbpLyNa4sG+aAMct3V8nkOYEWC8mHBxHVr1D9twgsUwOKCM68+LkCbnK4cx7X3CtK1IhOLq5n52P1nQcOLZLRb4uNHWNoRSji/LPi4wnOMR273GbhDO7tbUc/RBtiJ3KsvlqF4DuYMKayxs8uVYVpo721vxY7ufrwcxu6s7Ci2XCtGWCnGKLnxhU8/p1km5iiZ8QVKlOJOOWa84HoylF++sMnY97jhcmgxzr3FMEw3k3a3zIDe+GPnhacXjAN5LGifjwvH7ePhejFNShd7bx18yWAZ+/ILnC8TY7LnNT8buWz68j5QcB35KLThM/W558QhhwMOY2T7lxXOf0af2ziMy+NxeJwEcnqT0ra8Q7kfXx1J/SwLvKylCYgrm9hBQyHh7G38VKhJyTuuptzwIfICZTdTH9ow/ETd/syBPCirKBsbG0PFdnNdhILbKbNVodXkxQQmih0aEfE5Z4uJUsVOHMcTLl28WK5cvFR3b/V8ni+znT5TluYXyp1bt8vaA+Vf5Y0M7tStvC25PECuV9wm1fOzAsrHCxx+mkPBpb4pHyueLuu8i4s/inDFUHmZbvJO4QXSJg3v0pIOCq6PwCCHCaDYcj0eR4HES3wAAP/0SURBVF6eY3q4ved2X39p4fhAHU+g6J8oulJq2cWNXVaOh2ihur+lcFJsUW5RbA92tiNshGc3FxJ/9a7gv9/tDJOmX0QD7OJGv5Rf7AbL5DgEYwlhaQvI8aTQVzbTIsep+Tw+j6cVUYcdsLfPLo9xlJHjt7xa5Ph94bLbUWl9keiTC1hmP1veTIyZnt8gg3j0OSiHh2J0dqI50jhkAVtmjm8zoy9eRl+c4yBWyaNlNxUOlCzUYpqd25wn0D73oS/v4/g9DuR0+uyZDMvbW0djV+i4HXbfPyUFQzQOTPD3bt8ptz77HKHKOSl9fBUMedjpqLuylXz/rcsU8uRi5Dt7IYcHhGWCc8cgbRRQwjDZMBl6EtzRxMa37WOyk7LK5IR/hGFnR25MXLRB4nPOkl3bOIc7z8/gnD+uShTykRYKFmfwoJWl5TDPrJwuZ6R0ba5tavLbDJklXpk9xY7emAaZAF/ykuvQ+X2OWha7KhY+b1z4eMjySlnSomKWNqaFlN15pp2ubW6V+2vrZVtKz6zqcSKOVHZpZ/XXCHZuIdoZO/XsFNM2WFhhsmiiXZ6WbJcvX9Gi6HS4P8fRyG3fJsBeFVyfExweLeKZ8ka5rUcP9Iy7+v0eddHt4nJMgc/7othWhVh1gh1lll3fg47YHbYc3Q6n5yh4cwSC8WJTCi7jCWNGlvVxoS0Pm9OmXRV2K/CHeQ3BmJPGnbHzxNOHvvF02jG2LTfitWQ4bCYjh+uLYzvo4/1FYZJMWfaMHJZ+YuLZcSDP4yPh+xhOgpmBYNAlZGR7C+L1hW3NpwkuD5fJtCCvbX6Py+NRkNNq0+2To0/eE0NamTDZfP75jXL37u3Y1WC3M5TAZSmAIhQ4KDfytg0aljkTecN0HCY20nTnwM6kx66dJz/8iOcwA8CreyHOQDGJF0zkhyozL2UJ4mwtL9gxh+KX5YgvK6HwSrmZl0meSd/Xo5GuFde+YzcZDgeIC9rnZxUHKgYWCS5T6h6Fkl1cypyyo74BbQ8/ntnFZZd1tPyq0mLlpXfyHllxd0qO6sKEDPDm1wrqmjSdBumSPkcTOJtNeMv2HOOR66jPbkWWF4bd9+vLZFuDRSqKbbjHrm1dvNrPRwzqDm63sGVHlzDiZyKNUHKL7HFgofZ5xoHYwe3AeAEB99PHjaPK6Ci04fw8bfyvAnJdZTtlMIn6QHxTHxwPs023fR6XxpcRlt1mzmebD4fxvO1nQNja33oU3C5MIEcah76ETRn5uY2T4XBt/EkYmTeOwLizuA+LSXmZ5Gf0ldUXiVbmafLwOMHEkn+2c6NdWean5OVo4Jly+6mE8js8qwvl8CitAOUBP5AnJb/ZPjfHC2j4c2ZyqAATj5fe5mbhN1SUzR8+MTmKMl+KNZctxzG4ggi3cGdHR+FQbDmiwCTIW9tMoEyq3MbArvUwn5OprUfcnqPWAWVBvdAWsLNwQsG1gokfoK4BbYIdVisij4JcL9Q1xxJ4mZIbE1ZWzkTabrPIhYKLAk57on08x/GRy7z2xdrnsOddXPdZ+h5fG+Oc7T7PIvrgqdjZxU20i3JLPBbCW3G2FxN+pmFa9PNK1C28WPzOqY7zQtbjUR8e5zyW7cdBzdtRcRl3vjpjTx5HsbfPD4uWl+EyzmXdl24bt69e+vg/aeR8gHFyt+FsJzxjY4bD5vDGyBncSWh9Cd8XZ5y7Uh8Rsg1zWLTxHfpgsqiPEV3BHpz8z0lT8Rtk3HLw3E56PE+eCHsbgog3gd10BnUlY0ijDWsyshxZnlH5Tsk+q8dQ+JTGrIif8pcW6mdwmQB2pQjOLUj5SArloA2ZOhAm/Hx8oTPjejK57+xqpae8zc4tiKTASCGOiY5vxjOR7dezlvwkvLSEQs2ZSCZCXkJhUvIZYPgOlWclEFfMLS7Nl/lFro5CTgpN+SJvMmf1PMsZP37m6xRaXmiLyVATJV9S4sUTsao/d1qpUVh2drlbc9AGBnWBOcx/lEkH95+Bm2Tg2A0sBk0pAI9hnRzGUf5PA1Qfqd9iRn3L9DU51CtlhTvkut1VPaDcoojUsjAlsJMrqmVer6cZlL/oII7lqJUrPdKE4Mtibm1tI9JDDtyQg7bPcZmzZ7kzWW1QyhQvKdV6yGRkuTI9m8j1XFHLwmU/sKtfc242+uABn+tVnzuo53HZgeX4Ab/SxP23oth9DdJzmAoTCjEfb9gOJZj+Cu+4WSEUW5ldn6M9hZ8ax+wsu/i7oRyz01v7aa7TFiOd9qHAi3CSZNA2j4Llpvyq2Q+XaT+mTOwJwPkemB09VjA2jAF1PvoBmIyh++TyHUUbNtLwHDANJsg7hEttOrOOiD1gHotxuaZJP4A8vnlhaJlcVm1+oo+lfDvPs3/z57//d7LVSZpICkTUbs4mxaADdVr84i1fDdbwgvajM1cTmueOR8myv6dnEXHFvd4Jydm2yOgp5YkOw9SvTCidSLMTijzEgMIKmF0umft6phBOSalAzlMoFAgouyQIMT15AGcQCuAXpsLjZGrggspBYl7BTaa/hGUTIpTNXMgtQpTEG7ufq2dFlIHKh4luRpPbDKaUp/j0o9MM0/mrMjNQn9KgGYKGGPyHn8ouGoua2Rxn/+rEzUcTuPaXEjSFPIpPOnF3MDWGvfuLuhqkK9TCGRCi4RbelkONs5brvuYFzq3x5S21BflzfpWdjEXlkYliXwrtPT5pu7lVlpdWpGguRUNEcZ2TAlB3ZyWT4oAoC8Wdldus8hZ+Ug7qudtIKiYxn18lDIrorhRaFGe5hDIxNy8FR+bG+lbZkUzbWxwzKGV5YamcXpayu8hZ2gX5SxmRsoFCTJnGBx0ky5464bYmuHl2faveLLkVQpNlkBTZICky+5oMeWlOEkhu5SvKiTN7+5rs6otqs1KS+WTviy9fL5evXC0P7q8qH1K6omDJO7uLtQyiiMN2qvz0pz8vDx6sl5Wl8+WV194oF69cVplQs4orpTu+1qR0iBNlRbnDExHk7mqt4KE61D5DG/li4V0uFH/vkNVn5K95cr80kQcWLtH39UQZkA9+Lo6iV/vgeWV5OX6SRonBhKE4RBjqbXtru5w7ezZ20+G5q3BeEHGTxq2bN6N+UEiDr9JZlpJ67ux5jX3zWqxtRVtZPrMcX6R774P3y43PbqrtLUTaLOYO+HqaxlFeQHz1lVei/fNi4+7OpviSj226Q7QbZI4y2JO7JonIO+05dvqlTDP+CizGaCp7au+1/XwVUesZ2lbdsUDd1BhC3lmcUi4HUkbvf3aj3P7kk7KoCjrY2owF5+7WRllQP9ZyMxRd1ZzKkrZEmdIM6thFH6+3J6CMRqvSOMCilMXpbsxbxMGdYRhxGHd2VZ97Ihy2lNbS8mI5UIDVzfWY/+YWNW7Nz2phvBjPlQPjOf2N+3o1ZmuBvqexM/pyZBUBDhPtC5PUovY797ArH9z6EE/KDyGw057CTlCVU7SdiIMD/KIXyJBb9DcoIgldPNqjgu7HWBupyV1uBGP8V76Cgm/l0EeWH9PEM37BrOP98Kh5rh/qwAwjUeRaRJ5rn8pjSm1mZHgYpUaQLcTr8imTsiYEwZnj6LMHCscz7g4HgZq9yjWS6MKaSKDKEQ8D06jlXXUHTHh5nBz4h35QU4+5vJu/ZqrSFTJF2BCjthVSoY2gN+ix8lE7wSPaC55qlLgzr8YfSisRVWCYPOs/hYEXZVH1CkzcQsejX5Gs7HVTSG1zljiUkcZk9c3YlGoQ/VPjMP2FuooiDE4qCzfGPjPbo/PWxxGQqT5EISQai6j0aoW906CAnb5x1POjYhK/iXl4QnA5TQVWPN2qJ4M84hoNGFMUC4vODLeeYjjVJd7XBibCMnTyxK6mmAy+GKRaZ5KZYTLWZPHxh78t9+7cjx2zXU0a8XENJh+1kx11AOQ3AfQWmybDq0Z2z6rc3bM7Xfc8XF3OxEcX+KmY4wD8bLy+tlnWVjdC8eVDDlzldf7cxdhtQz/2GToGERTlLeUBueugVTv0gPQc92ZqEmDnJgYfPXMEgslrb5dPhzIwEsY7R5JP4ZC/tkFktbwg22uY3OcO15cGi+oV7eBpQ6578liVEA2ULAJltv6xOxCDH7vww11ZKMen7lBU2cmlbuFnf0ziRl2rDXCtF3z9QRPSi7oURZ13ZY478XCH35KU2Ggj4sPRBM7f+siM5YY4msDNCXHmnElA2ajyHIjHguqvHqXZ0kIJGZZW6vn0OS3euJaOHeG1tfXguzBfX5pEDuiZQ0yswz5CXQZ1dTTsVxqb1KH3tIDY26uLzPrrSmeKtPLRPxa323GrAjcscNMCNyt4R/eUws+ovmNR3fVz4tU2Qvy6eNrTYkYth+lP7hrXQgmv/TzGyuj73TNOXVvM49txQeuEZ2wehT2MqYDCOxwnR0He+hDuHv+/JCDPzvdx8g8G4+ax6sDjkanFOCH6yg1Fbzi+nQTML/OtfYS5a5jRbB/0pzFmXSQpfONO+Q02nlIeuuYYiGv3lE+bsXsbZaF2q86Q62xEpg6ZL/6RsjPHQGx73fGqg3eLPjeYQdnPbqbs1mKc+1CeyrfvOZuZRxvWGOcO+tz65HpYZF5tnk8ynUl43HkEOY1st8KAW1UIatrYmfg///zzsr29WRalbPDSFRM7igdfAALEy2Q347BC14880GVYGVlZXCrnuLJrqX5cAtl42/2zzz4L5YJzkdeuXYsPNqCMkK84ToFSLkJxMRGXOJAVDagNy5fK1AMH7nRxywSRxnHQ1mkup6cVLgtA/qgrlwvuvAwGUeaUKW6EI0xVEkf7nMvE/tQldY7dwI9w1C9tgHrkGWXVftSn3eBvvpjUpf1oy8jHB0V8x+6MNFjiOG+0LV4sQ9mmPUCAMVl6UOwIshPGMZuFpeWYUDY2NoPnb37zm/KLX/wizBs3bkRa8FSvi5cdn6PWiSk/U07ui+6D0Q9Tn41+qnbAVw63tjekrKpPc9MC52+l+LJIrwoviq/aH8SiVm7s8rJw3dna1CJpO8Yf6mVP7jvc0CD+TOTAbaiSWoAURbfzLyOGslbKaPvcVxnj8tpXLg+LR+HTJ59lg1o/h++L14e2jZrvOGQ/+NMH6WceC9v4La9WtjZ87OC21Md4EszcJsgJZ8rwc+vewnJYtizfOBmP8jf6wo2Ld5Scx0HmdZJ8j0JfvoyTkKMtR8N20vBOMVM3AzpuvKxRX+TZCEWg7khx60Ad8InP5ILZkpHtIHe1aVfdTF6kiYKDMoKyg6IB8XNzlgslCkJ+FCOUXcJ7BxB5PDG6zWLajclzWxMiu75bStdpxyTLDq74QrhBDB52m4aAza8a2nqnzKgLdkVNfjGMsqPOqBfg8sn1gclz3NrBzqnqz26UO8/EgS8KrusDwo4f7YVn6hV5cLOiHHWt+lWLCB7s4BKPdkU80kEO7Ci4EED+XXYHhf2DU2V9Q8rTjBZgp9nhPV129w7Kzdu3yrvvv1d+/etfl3fffbd8/PHH5aOPPip89veTTz8Sj9qn4P2sw3XO8SR2u13HmNEOpGPa3kdxw8K2+mf36V7MeCFNfTiuD1Qd13tzu6vFtmSnDeK+uV1mtDiJYzByx85P5XwGeKu7UzuOuKjL1s//DttolbO2gy8LkK0lI9sN8vO0gzxMoscNl2tb3sdN2+HNB6KN5bxkAjYngTCMgX1o+bXyQ27rUPS3aPc1HP6W1eFNrb+fBwru8CxtZTgkIg0jQhk5ESdgd08AkP3tl+1Gthvm18qVM24zI4e1P/z7who5rJHl7JPvYdDH56R4T4M2nyeZN5D553Swx3GISKuGcbpM5Hw5ikYNcEcp4Cdh/yzMM/We2wI/48fPjDY7mrTX0bdza6Cg0l5RRlCQINI5e+ZMfGKXIwwju3wHUnAksidAlKOqtPCiWb1qKpRjuaO0WG7nw/Eir/z8KTtpY8Kf+ICw09RR7mvThH/a0OaLsqTsUDqpK+wol+xcuv6wu0wB8T0uAdcJQAmkvlCGCUe5A9fj5tZ62d6RgnugBUhteEHzC7Pl9JnlUGDx58Uhu/HiIWGQjZfK2AXGhD83Zkh1HrTtC5culjPnuPt5IZ5xB3zJjvPn3MW7uHRG5nJZ29gpH378Ufn12++U9z/8qHx+83acqV5ROyMfXD/mXxw46hD3tj7j2DuodRrtRB2XI1A8uw8Ct4XcTzlewPnceOlFZuzcbqkdoMSyO9vRHr/SQPLbxd/UuXEMgnt0g0hPfZ5wW2talN2/F7u4tG7aJuc2+RXHV5q5/X6R8J3iuYxGKCSWnF2/iJ+nRfGzteirDo9PprZ8HhUtr+PytFyGedHGj8urD3n+AS3PvrT7YHlsOlwO73RyejkfuI3s4GZmmcbBTNtEjEggZbgN02fPYZx2NvuoD/brqzj7te6gzz3L9KjIfFq+J5XGJPTl2Tjp9J1WTrM///Wn5Tt3bsXEjGJHu8E0VcVDCoQmKNdRH/9HBZMI/EjfbZc25AkQwg1lB0UXhRfllTjkAX9PRpaL8OZnnjXfVfY9TWCeaIm/JQUNd/IMoZDjBxx3GvoqIufLdsqKckORQxGljLMbSi5KJbumKL+UJXHdtnLd4EeZs5PrHV94ObzbASZhzYsFD18bIy4y8Ez74It1XgxxzIaFHMotCrd5Y4cP4Tj24t1b/OAFT+LTmuak2O5sH4Qy++5775e3f/NO+eSTT6oSu1DTXl5hgTUXP6H7iALKODI/66CuKAUUXcoX4uXk+vGPqpgRpr69XecP1zmk0SAWCiizcX8uu7E78lO74pO+odhuahzY3CoHKLWQ6gBCyWU3dwYlV1TP8qod7OzFTvDGg9Wyo3gca5AWLTkYh6rcAHkYK7+McFlWGUdBeX5VQF4m0eNGLue2rKdJP8vp+OZFW7e9JYc7Cp7f+pDdM0/bLZvJfn3k8E6vjTPwz5GCWHRB3TOoJj3t8L4YTGw6gfycKSM/t34ZlmMcOYyReWX3cWh5GX1xJ8l5HMCnzf9J8Z4GjzNvfWUJ7A45vxANFDfv4DLJL8xV5RYFY2l+qczFFV91NzPzMV+Qd24hPx+FNrwVDxRYFA3ebudDDN4VPH36bMhixQl35Lx44XJ58dr1iEuekBXirU5+HbFig1/bKQH50PDS/XRaJ1crN4Th+XDv64d52gTEd1k9zWAQhgD5o53kMjRcxrhRR945hag37+jmOITHnTJHMT1zhpcNh5/OdbrEseIDEQ+F+OLFi7HLj5L64osvhh13p2FFNd6olqrEBjB3p3LmfEHK6eXLl8qFC+dV77NxdIX2wI0Nc7PcTINsfATlZnn3gw/KL3/zm/LeB78t91fXlNm6AIT37l69V5X2RhnwkZSlBb6kN23r+WrD7cLAnt0wpfsO6pidW45PhYIrZZY6U6VLOa0vinH2FkWXndzBji72jg4g1QUm7ii/7Nqyg8szirJGtVB6d+S3ub5athXe7QrZouriTcMvZx3W9o1yxNKhmrlfAfLiMv4qY1w+KY+2TB4Gj8rHstk0P9p6H2+79fn1wfmHHD7Hc7qgjx9jWDtWZT59vDJPj9FGcMoRbc/Pj4o+QR4GrWwgy5ndjXHhn1U4/33l8Kj104dx5U1K8ZawTMIwSWxtbMbZMysPuGNH6UBB4dO1Wf5xvB8F7Mbmn6eRA+CGHwqSlVpeBGLXDkUIIKN37XyUAQUHRdX5gG+dtEYnWmOXNNnNlRdXxM3O15eWwDT5fRx1+GUC5ehycFl6UISsuALcIcIRDyWFXVwUXJRA6pGw5gnhRhzqGnLd4Q7lusiy0B5YEFm5hVB4iZ/jun3hzrPTZ2HHRx3w45l8YDpvyL61tV3eee+D8vY775UP3pdyq7yg2NLO4Eeeavzad5Dn4sX6CwM8LOuzChRXri2Iq6e4nmhGdTBb68GUr5p0HVNHQdykIGWUa4yi3oJ24+UxVVBnVjeUWNxGTbU3KcHSjkVqO1JulYBEkoIrgt/muhZfKMGys1s8K5ncjqEvG3JZ9YEyfRbxuPKdy3tcmT8sWt6Z/7RpuR9Ni8zXcTMP+7fp299mhsPiN/sXf/Ljv5NVnad7kaLziDvf9ER8njUd10mEMOF/eKKGsf2A7SPUhWMSx+R+WwYRf/LUu27S/weCOhxmvWC/pglhB9gNxwM5DANc3CPHINfFbwlZAPajQDom4jluRubtZyO7W+Kct4AM28Psyon/B2GEwf14ndPQr+MlwpzpBnQGTkzKGTgfAxBWsnB/ccSXF3UQZdnFNXK87G57dmNnlJ1QPlxw+9atmCzYsfjFz36mSVpyiT+TNR9UQDrurZ2fXywL8wtlUUQZW9ZIl/LQP/ITL6/pmdQGMumZNHgmrr8+Fh9OELltwIMw7NDwcyMvixAPWVAaeAMdeVBEcIM996Du8KUx2flJGGV2cJb9oJ6hJb8oIYD7OMk74D4//Hc12W0q/1vbfA1pt8woj/c1yc1JKfmTf/Wn5YwU5dt37pbLl6+U1dUHESegxhx5FMWOSafUvCPl59bteyrzxXL9ldfK5asvlFNSlDU9x3K23v8oE1J5Ud6YrqFcVyPonMf4PjEgH3UGkV8UDcBHOVhYUL7OQy2f2lYpN+ptXnWJOzuchEXxhBd1DBEWZRK+0U66unPffuFq/bKY2wHh3ffhS1xge21ztYx5XlQa3AeuCiubG+vRfFkkXb/+ksyLWkDdl6xcV3ch2tPG5la5qX7y/gcflJ//8pexY0sLX1Z+l5e1eFI/4b5b+jHy3Lt7J9ritReula9/483y8vXrcRaY/JLXuBP3K4lhnVOv1A+LhHp1Wnc9nBTG+7dulvd+/Uu2zsvVC+fL/jYKpz/NrT6v+mAspY5oRnE9In0aZVM8dlWOXOnFeEGv4S/ql6YW/ZBF0la8gBY7u7u0i3o9WLyMpnqPLyMylmo1z/3miE4KzK20B9ood+KKseJ2SncIQ8A6xzqvJrc/k9G6iWOYdX6v6YbZhWFMi/Y8CFfTwgwR5F7nGrtZFsYf2nrVDwhZPWoY3GnXcQ96B8fPZDmzOeIv2Wyn3A1k9lhgEAZkXswRmHaLdpH42L1F8Iq4KhmsCjbKv/Lsch1+pngWRbrdM4jnjlx/Dg+/PvDr4TDMEIfS68w2DQP/aLcyI+1u/oiFG+GUz8wP9zp+DPU/kE3IaQGXrdMhT9RfX97QyQhHOpkHYZ1GXXx2/SGlEWl3Je9n/KPfh6uQmdqe6YtGZKLLaAu7j/P/ovGo5fco8dsymcSrr/xOou4zj11N8iyjcKuNX3PNFooGl7IPdyqYrCFerEGuaNjqG9gztYCv08t2w27Z3byQB4UGRQcZ6CBMlhB25PHOH+F5Jhy8UCB4O56Jkjx6QLBiQVh2eqHYxeODE538mM6zn1GMkcfPpOHwk9CGmSbOVwnUX203w0kLUA4uR9c9JnVF/bIzzxEZTwLUB3WAkonizG49O7JesJg/4TMdBdJEQX7llVfKd77znfLWW2+V1157LdKAp3dx2WXmJoR33nmncBvCLSm5W7x5r/5A23EbRX5efKvtdC0U5evXXywvXLtSzp49PWifwMr6M4sDNnG0OJWyxS8lnLndpq+qeNjVpd3U/jKsz7jPNk7tVtCvM0U4lFcpyZh8wTDqZ16LZ8Y5jjhw64IUaV4+5OM28OdjEZzdjWMOEHYp2Pu8wNYdiaDe4t5wAbvr8YuDyqa709T3mRrTjDNV/NF+eZL4Mox1T7KOcpuYtn1MG+6LQluH4+q0zQPh+sIOWlt9eWcYwAUhRb6S+JlnH/NsnhQsdMvf6ef0ctjW/UnDZZfRPo/DpHDT8Gjzb4xzN/r82vQmxe9Djm87V+gwkTM5eEJBuUARjK+baZXPF6aYmEPpk52JAoQCwY6HCB7OU+zeKkyEYwskUwemKaN+QrM+Eycu0+/SC34yUQYwmeCYoJhwSN9pkn7IpzxUpZjrweoNDLhzAb/mz1BuyStuKLYoTChJPAOtV+sVZuJJvnhmxxUlCN6kCU+bR8HyQc8iKDfKOM5ySwmkzKhr6mCoNAzLB3cvTlBwvSChvKkj+LAosYJbjxigQBNbreoAJYe2UQm3SbS5yTGV2TjC8tJLL5WXpYxeuni+zM3PxM0LtA1k4MUxrvx6W/TRJzfK2saW2sNCWV6Qgq0+wZv8LAzZJeR45pkzK+XK1cvljTfeKK+++mpcWUdZMKRv71RFbJr281XHKfe7rj1gQoDPgdMu3F6C9usLn7SWGZkosQeJUGwheNFuhgvc6r4lpXZzWwv4PXaHSUdthrYiJZaz17wIiOLLV5pIz9ePMebEzTBKmRcE3c5OCh7/QLYfhf5xhbZtP/pEpzscg+/Dol+eLx5t3ic9H6ec+vJ7nPiEbcPDM5PRF+5xo0+OFparzUtfnBjxHJBBMNtNdnNYm7aDo4R6VIzjn91tz/SkkcsE9D1PojbMo8D5z+UwiXdfmR1XhpZ3a2fwD6VDiiMfcsC8d+9ODO4oFHGcoBswQ/0MmTQpaaauKuzwJxLIRy0Mp5/TBRGGoymNO8APmUgfOYiL3Tt4mIAJzEoTdnbNUEYITxh24Rwe5RQeEOFJg3A23a+A5ecZIg4KkBVcyzWNggIv87P5LIHyR7HLii7lRznS9lzulA3l6TIN5UJ1iqLLWWrqFTdAfOoCxRbTcTKvXO6TAE+nhTyWCRCfjzWwc/vBBx+UmzdvSo66IOQGEfLET6woROura2VrY12Lq9nywrWr5Rvf/Hr5wXffKleuXIozubgjG2nBH3J+nmVQxrzIuY1yys/NGldYVFJWBmVFvVBHw/LrFN6OcplCEX5vN65mY8EeY8MOxx4qD+B+XHnXIwxR/5KlKrMo0IrDL1oijjKg3MaLbfInvUdFzuc4+1FgDDb6231dzAH4wjpvnp0Ecpr9MnxxcFnWvB8u1+w2zn5cjEurhcPlsC6/XI72t5n9HgU5/T7K6eT08MtweMPx7G4azJg81A5Uz/342ZQjQS2yMI+ClrcFN/UBdyaBo8L2yf044fRacxLaMDybpkXOfy6HtkzMsw0P5XShHGYamDfoszPQM+CjSDAhZEXDk4DbHsC/r46zTPyax2QQE0KHvvCQ4ec5zt2J5lFg9IycVbEYKrk88wlf+giX77MbhzJkRZfdG8IQ13LzFjyfS+UteO7zdf4IE+l2inDsTEsBJx7P5y9eiGufeIYncTCPgvMDPYtwvbEQycquX+5ym3L9AMqKOJBvILACSrkT1nVKWNtdh8SjzqapH86R84sB8Wkv7OKxMzenul9Sfd+89Vns3n5++1b8hE4eIHgjyzpv2W9uiMdBuahF0Ksvv1zefP2N8spL18vVK1fijK9aUce73giCbLxQxYcinnVQBNQrZUMdUK7UIXbXN6aJZ5OfCTskxiwt3FVX+PNRDXZs/QEX6jAUaHZhRZtanFDn7NZzFIFdXu/sIgs8kY02yEtnHstwz79IPQpot5DtRraPg8cVTNuBmrT+E9/B5sRhTMP/KOR0c/qgff4iMKlcMadxPwo5n44LRRs5Ajk8ZMDT45f594V73CBt0zSwbOPiRI5yRjK5E/t5HMx4WqGOCwsPWY6+NHM405OGy8pytua06As/DY+c5z47PDKfceFBm17r34ccp7VD8OCgPu2K/rS6Vt9qX15ajAmCMG53nkwqm6GCm2G+DP5hCoQZR+YBtcANRRaFwOkDlFDcUZI4jmC7lSbSZULyGVwTPIDT8jOwrMhjJRc77jyzg0taPOOHLB6AJsF5ywTg4zS/yqDcUU5dbtQVCq7P0eYdWMp02MbcNms5tWWV3aFct7mMp0XLz3Hhi/KDXLzgSRsgqc2N7VhI8bP4abW7l669WN5882vlzTfeKFcuX9Ta6CDaX/0pu7ZdeCIb5eD29ayDMuCjMXGWflvjjaqOMoq7qDulFvLOK2VIeWY3txkTz+G/txs3n/iokeuVl2LwY0cXxbfSUIE2H44uIAs7uuzwVuWXdqGFVcfrJGF+x+Xr9m742aZyHDxPWt4+tLJ8mZDLoC2Lce7HgflnOgrRzlJYyq8lo+WX/R4XWllymlmenAdAuL7xbSZ+bjioE6sjYOaCyO6t2+OAeY/LqGG3NpzdQbZ/GdCWYUsOY9P24+KoMmj5utzasA+Tfo7TxmeiddsiLSZllEN2qdjZ8NlXQDhPAKB9scG8MU2WnxfZIOeJxj9C+Cm6eRg8448cKEN2g4eVBNxRbFFw+QncSjF+VRGvCitxkJ+JkTxYDvgxuVkZI4zlUMnECy+c+yQd4hGHMMSfBoSbNuxXDc435el2Q114UYKii8LroyY5HHA9mM9R5Wh/eFCnR4FwEG0PspvbCf2ANkX7Qz540j/AyuJSefWV6+Vrr79evi7l9pXrL8cX9pC5LqrqC5A8k2cIRJq0K34leMbhXXx+eUHJjbpo6tCKJ+Vocn/d26Wuan2ZHIeyZ4za263XzW2Ldvdlcjex4q5pgbLLVWFSdvekzO5152ojrPypZ+qM9HjpLM77dumfFMbxe5h0KLej+of5Vt4n1/5y2tPI8STRlmN+HpbFKMa5T4PjxO0L6/LrK8cc9iTK2OmPo2mR41guzOwODVocP6HiMMRQ6TUNp4HD6CucaZAHehAv3IzBoxZw/un6UWGZJ5mUWfus/zuaHi7/kwBvBJ/SwHoQRcm0J3Tl2qYwkmZkRG2gMw8TGJqO6zLH5CUNXiKLLwHFz3KlfrlHAzkTDz/7z81zjdLwLXWOyzDxxM9zcU6t8oI/oux16ZAfcnOgJRtEO8J0u0ShDRLfSW3VygRKRpzfnJNcnNnja0OSb4uJKJSJasZEKFYoo/OLCyO7u0xWTHyExRykK5ljUlPetzf4pCf+4q+JM65A4SU7KTMoutHnyBP1FjLjkntisndfYcrYj98Onx1Q/l6YhPIh5WLwopAaTr2fuB5Z4I33YZnSDWq7pW3W9jt0N2iWrkeXNWGt6BwFZINyO8QOWRGnLyzQT5R+fBJ2T4rv0ly5cvVC7Nq+8TovkV0pS4vzodRyFhdZUY5pV04HnvQdt7+aJ+MZaRf+ZGwHrhykHLa3UCqHiqzrgmMBcRXVgRaWGm84G3uK8Ye+KT/CmyjbalY+UB0XNgZHXeKWBrmzg8vOLTc2QAxnVIfj1Q9+cMSptkd4Q1Fn3dzs9vawoMYZqzJG28RR6MKm8jQYXUHwaxMZ4HC8aQF3yPXUh0ctn8eNWtZD4pfM8ejvn5PyOF1d9sdXax+pHfWAEX4nVbZjm0aHvCk1FvTJTjTMoDHhZ//qT//g78hz9VYzjfv/VLhBcpJEce8db7PT+XBDw5CpKqJUCTSgWml1UCB4vZ+0qy46bLRS/RvQcKctAL+wa7Dp2DoJWPsOW08KJsf3oGAC+JkiX3KuKQz5Ob4nx1C0I7wo8q0wES+qPgZA8k8+Q/WXEsTdhnMRh4oiPvkmlBQz5IkmhFyY8pS9JiHesyKlEzyrV7hHuh0B5TRMcmY34HsNc/ggdxQFpTyIwYQdcXHTMxRQ+nHfsKz1rkPFV3SCzki+uMdQA7Vjua6hmEeiHKpZywqSpUsXz8XFOdXjTnyt7JOPPyrvvv2b8PNO6JYmnaXF02Vx6bTC1R0stTxN+Ci9wbDjK5JgUfd4RDvQ89xsdCLaQaTbhQE0W14WifzzrPDzM9y5y67LbtlYX4+bD8hW3FeIksCZW3gSRvIz+aGEki12xOKeYHZd5LeriYryo4x4K1pB4p7LUFTDnTf2+WmUrxxxNZAmPOUXpWQLBVrp3l7fKH/8p/+6vPnWWwVVZUu8iLu4wHEFlX0sDFT2Cksp0K54OFXw2y/vvfdBuX3nQZldOF1eefX1cunqC5JfrVANcm4RhYdYtV1wN6X+Vx/FrGVa/xOrqFAyWYmfSKMuHeALRLTLhqJMlP/6kQMKh7onLDHoVfhXpYSf8+sOfFUmaQ/cfcz5yXNnz5bTK0sDBTheelQ80ojL+ClAYZhuBW3MY8ckMKbFIqZ2FPGoJU81cocy9z2vLK/EkMO1X1w39boU2m9842vlpZeuxmd4GSdiB1BE9FnJSd8kn3wFjXbtvMetJHKbkzmjemYRSXqMurO4z9Gv6tf22JnEHoKJ19MF5K1tYHNzQ8r+shRGbp7geM9u7Yf00Y3t8ot//mn54O23y9dfe63M0Ff5AhkvhEkhXVBfntHgf0paKB9uiKu82E1V3+WO2z0tRKk/RkmONajWok3sBdXd2XojQjVZGLN43VNc6nhtdS3KnDuvd+Uwp3FvTfJyfOHKC+qrSv/BmsIsLJWLl69oHFyOuOq9GmvY3VVb1BN38vKuAMQzzOOOURIR4Zb9wh93HPiv69fy6ChCRnvBm/ZX57khD4KrFOKvBqqxot915TPTzRs0TIx6fy/hSaX+slDvysW/Ep4zkQ75OSw3ds+3wSi8an7aOZ7FQs2neMWcUAk36om+UxlWE561P/InJ4UdDVNHvS5Z8dD4q3zCC4pr5DC7RbHd415/ZMNeRaz+lCB5EcX4q/QA/Y94JES4Svh0kWNRQR4lX2gXnb0rP5NyHQRv5ib6PBNi8O/GsaifQJc3YiCL6oa2SklQJhFOckZZig06AGOE8zmUc0jOP3ZA/pyefMOOuYe+JF6AHDgXlC2I3ES9iZceoo5EczOaB0mjkyNyG3KKr9zp57jTDnbVx2rp2mjR3XmX0RX3iQGlYxyGFfFocGH3ofXLz63dz5Z5nEnjJmzrDoY5qoPjk4fTHE2fRpTza9htkP9QfBIZtndmKLkd/1yLvDnMYMB32FEoGCAY9GbVcGlvXIUUO7CKWt9ylpR6oLFyhY7L1gi5RdFxEsXAIT5uQ7kOnBfvngB+EvbLPCiuBwwMkHig3B5IiZBGUGbm6w4cXxiLXbJQKBRHhIkSG4quZK47M8OfH1FYRjq/ZOOFI/gs8jKaJrW5eSkwC1KUNDhVUh4kD3XFwFCRMhOwO5BfN6Kqu4dpON38K0mum6cFrj/Ddup6PHUDdldWNA/qHCWXYwuXLl2IT+suLdUPPuTd3ZpencAeN0iDWxC47usH3/tu+d73vldee/UlyXhGcvmraPUluKEJ1bbGrQu0tXEmfY0JknRirqajCeQ1+sxXFq73+gIiij5n/xlj6FnssFIGta5Vz1Aaa2YULnioHe1rjKtjRy17xiZeGOOXqLjKKykBJo81HGGovwTxyw7x6q4/aef7b0fGVqbxaItCNydbriePKpdGzzArDo8zA/nIR+TFRD5qXgZ5moDQjc1qyixPw/dR8VBpuE4HdWtzyA+zKq7t+FXpkdCjz41AEylz6UGX/lC6WqfTwOFacwDxJQ2AaYmibq3cNlGAneDn8+htOJdPLqepRrRDQj5BZKH7MgCQzzLmcBkO05eXPve+cGAcj750c9hx/J4UcvqWa5xMffkYmHSSTEeCbjIkJgT4YHIOjsGfCceTK3bAZEA4y8LAj6JYJwxc6ITsBKBgogjKjgLKqjVRPbcL77qyIx2Iow9Mckz68OWIDt/8t8IKuU79jHIwx9ncxaoEoSBBdVciTUICa0sIWNH1ZIiJG3kBOQ2UbP/MHop/4u3wk2AZXGegz+2rAPLjNmJyOY6j2n6qwoFJHC9uOPfs8ies0zBOpvzcF/pB2yBtZLl69Vq5fPmqZDojOaUYSYl1mx9Hvo95HEUb7/Lmsshl+JWH8rhy+nQcL7p153bZlmLLntXmjsYALSZ3VMUovezI1iVl3amNfa2unJiIc5/22Wf6NmNK3KqAuUu4at/d0di3DZf6ImQsOnjpTHZAP6cuPMa19YEd+Vq0YR43KIO+ftCXdg7bxmnDn5Tsmc9RaU5CDjtNvJzX4wDe5h87s1PNqePlexgZMrI8hnlOy7svXOZre05nWt4erzJ47uOJvbc0iWAy2ucnCQudM5AzYhxHvr6wJ5G/x8V3WpBWJruNQxu2LdfMw/ZHATzmNMEykKPgkp5/2sWPgX5w7lbAjw8fxKSsAb5OERXExd3kZ3iwo2rlEDIIgzsEmJTqDldVdO3ncsg8IeTJlMObN+5WfjPhTnpMjtmEmGg568vuHUoW4S275Z+m/Alr2XN47NPE/7LDectwvvBzPscRdeDypI3lARN31yVuboMAt760TxqkgSLLFXTDM6JKmyMFs3whq1NWx5iLC8tS0EV9pshpuJ04nzmvX1WQQ+p3+czZuMLrphRczsqizKJscl6dPsjVXrtSavklJhRdUSi5IrcBdmrpt3GfbdeH6/NO8Mbu/s1xBCvDuMVZXJRn0tW4gxvtkvGNZ9xz/eAOsJtaWK4niVaOgbwNshthWln9fBJ56OMPxrm3yGH67JmPzb48Hwc+djBIL5TcYdoZgzDCODvymAB+pqPQF7blNwk5bF/4VoYcri98C49T5uP4kN0sPzSc+Tu0iUyT6Ekjp5mFzWQ/h8WE2nB2NznswNRqnK3u7AbVlwtG4/ZRm17mAWW0z08COc0+mTLGyet4k+JOC3QLzggysUCUGYN75c2gXn8+5VOaTEZDBZHdKc5Lqpw5JyZit5Uwngwy4ZbJ7vDlp3viVkWUGxCGXzBq+QHM4JN3d2UvyGFTciO//U3wJg1kj53Zjj8EYpcImURMhlxlhYKLHEaW5Sg4nOsqx/Xg8DQj54c8kidM21EWJhHlCpmH4TqBTw7Ps9Ns4zwcqIO+eqA91A86cFyHL+GZ2Anc2tqOq8Lu3btf7t3ls8L95o0bn5Ubn37eb964EXdOs5AjLy4Htz/y+lUHdcx5f/J6996Dsra+qX5Xd1gpf+wcIdjhpU+VSSiuagcovrU9VHKZ5bZCWMo2dnPFL+/i1rty61EIwlHuHKWKF1U1BvCrELIR/0DNbJaFmMaWts25jnJdOUwb9nGAdE0G6ZpAXxjQPuc4J4WWp9M8Tlo5bI4zzh305bcPDmdexyXQ2g3sk2TIYceBNmj+mZ/b+1HwOHJcOSaFz3A48+DZaYIsOzik4II2MZ5Njxs5DQvZCt3iOHL1hX2c+YK36UmhL83W3vqPQw47TfijQINjAuD8GzcIVIWS67Dq7gognahrdbbqL+VDgz1Kop8xbe9rG+HexXN40qmTTVVc+DTnwvLS4EMAKKCZJ2E4r8qEI4fwc1pDnlUxMlkODwgmgBI8UNg1gREfgjdpMOGdPX+uLEkW5Hbc45S7ZSCO41mm4/D5MiPqReWCogB5d2waot1B+QMd9qNduMzdRlzXLsPHjoPuTLbaImnevXuvvP32O+Uf/uEfyt///f9ZfvrTn5d//tnPxpo/+9kvyk9//vNe82c/+3l8JY2vbVFubr/HbWNPK2IJofwuxot1M1H3XFPIjvm+yhpFll9SUG6rKeraAopq7O7iLoo2clDLDfdoh3L3L0Hs0sZHHrqdX14U29fYw248xyFwA/ChHhgTSIc4yJZ/aTBcR311RVt5Em30uO2E8CZgGVtZT0r+zL+V9bj8M6+McXyOWzYVwzT6+faqaIE++XJZZ4yTuUWfHOY5Tf5y2L44fTKDvrB9sHwmj9cew8zX/mNLzwlOk+iTgAXOlGFZ+/yA/clw36XZ+ZBzBi8nxRuRHcynhdPt8zMm+Z0U+tKw2zg/0ziMholpItFRYCDv6FQ9g4ti8eDB/djBZRCn7GmgPn8LKMtQ/gTLZoXQRFyTkfMBj+DPS1omQUnFhKW5pPqjBIs09yhO3Yk1zG9Qv5z15WwvZ3y52QE5oPl6lKLuBtddaCYsJr6qOI3KlmHeEGcvrdwwCVIuBm5HoQ3jZ9LOvJ5WeDALhUJtKZQJkRULK6vjyAoubdC/IphwMyg3ty3srs+TA3VxuD6Qo7aXAylfa+X99z8M5fRXv/pN+e1vPy6//eiT8qFonHnjs5vlU1GfCb3zzrvls88+i/ICzhuU+9FXFX6xc2GW21y4D3cjzsaya06Z70rZHZyhZTGscQIlF8WT8YKXw9jhRanVlKo+ypldLdr3GNv26m0o7AATN/q8EtXAwvGHWCzPnIp2Sj3Dg+MHCyysNX5wTy5tm3pA4WWMy/3Z9WRk+5NEX7rI6bY0DvbLeQLt86PAcrQY597iqPh9fuTrYesi8+3j3WJcuNY9y2P3vngtzKeP17R5HBdunBzH4U9cj8uAOJ4ToCx7hA1bwrSZeFLIAh8H08Tpyytu2X2c/SgcJ+zjRCvHFykXiixKBve/bq6vazLZVgMc/hTProXre6BYyL1O+GrAqlI37kyO06LlBXFLA4CnlZ6sLBGm3sSgMErd5eX4meCblW1MJibng7i580GkFaT042ohjigEoe50P1Wye8tzFwc+8HuOWibUncl1Z8p+fUQdUT+uM+B6sj/uJpe7wzxuOA/ki11mdltRyDk/++JLL8fnm+NYzRiz3vKhNtRjQp9+diN4WsE13J6/6nB9Us908k3OObObqoXrbuEls5l40Wx3v5omdmB31Aa2VC+xuxthqh/HnlBod6g3wqHcsjilX9NulKSSCuJXJXZ311FwxYsy99ErlF7gumjrw2NRC+fpy4RxsrY4adkn8XuYtI6Kk/N5ZJ4PvUB2uL+RXlCcyR3OW/X5sCx9bn1y9IU7DuA5TZ0eFeZR5Yiy6MiwbDlt+8/+9Z/95O+iM3WRHBA77tyfOPy55CDuTlS5DxLhz+CZwZn48HMnrXEropM7LmHgIDP8SLcz4345mUqymna3KSJenqiAFQKQ0zFm455fpZso0qzeYQ/qDvY7vvMjI/xzOgA7bpYlp2kQGvccz404GAvkJ9Jjp1AmcoRpctzueZj/Gr+W0BDiVOMpTAzq8uc5/ILHsI6gYdkNOxfutlP5YUaYGj9SwUvPTNCAO0NDGvEzT8JwOf3nn39a3n373TI/N18unLsY/ouLS4QQe5QPEbukwV9tTunPI7viLyxwUbsmFf0XL4DAOuSqxD2i3BcpTsGXeyt346tAKItd25Q/ac93H5VgfuMOR/IyKwU1yoJztV2ZUAeRB9G2FINQTBUpdnGCL3ElvcLublthrrSnyWzYVmjfXAN1ptz8/PPoV/dXV+vusfK7IYX/T//iL8opKSLbmiQZD+l/gPtuSYO8wOtAnrCEHzvjmPjXnbpbclsqL738ejl38aIalcpxDgFJX2bwo7jYzar1GnxA9ZbZPXewc7Z9UaCNoaAx1lDm7jPTKKC1D4yilmftv/4VAX7AfoC0Hh2j5ZoKPP5fWqqffyZ/n6uNfP75zVh40T84urKxtXmIQwZ+LfkOya6hlzOnT8exnDiSE3fojir7FTafLlBvVt7JF32RfkZbWaC/3blXbnz8Ublz6/Ny+/MbZWdrI8LNq8xRPDc2tmRfLPOLy5qr1Mc6Ynf189t3oizjDk/xhxg3OJqwqX7JRx1iPFJZYqLwEpcxJXaI5bW7L3nUv/ngyIrGgZWzp8v5SxfjqBQvp925/6C88fWvlxdfeQVGoVhzO0w3cXbdstaN2+ywzqqb2y6Ivt0Rdcy9ov0YxgGDOKc8H9WxkGCYcqppDZKu6dI3Qx7lm2cG/TCRn1AyLS/uUDwrnzXe0C/MTq56d2zlOwkeA5yGMeDXpWkChIWI6/iD/Ar40Y6gek9wmhP1F3HTuWyeyQam/h+kgzm3gC5FmdZxiDDc4MMz7swlxKl+lRdm5Vv5RKmQdqKM7Jb9qvvQLXh37s6v24fnA7nU8MpQjV/LBDvxB/nteNCXPMa6PAD+lF1tH8xXXbrhK0Q+aznTV7n7nb4WZUG68BbxJUF+eWEOrjydXtU9+TUVdzDCfxJqIdcMT0IOk+NMG/9h8Th5t1DxdbbDcME+y3AZ5DqPhqbGiUkDv3/nbiigPNdBo35vnzDGSFlqkGQXBDdP1rnOWztPhAfEMS+au9Og49EhkMeDF8+Geao7dR1NblDH1zJA5gXxTHpMqigQ/oCFdw0B4QmDLCgzEH6LK8vRQdWThxOD4MESAjZbjHP/KiLXq8sGsvs48qCb43yZYJmiPajdQGBt/YGU3Rs1HyxUjjBpW5ovw5zV4sYTQUwCcnO7xI30XC5PO8gL+fNZd/e7KBfR9evXw52X7e4+uB/9e+XcuXLt5VfKa29+s/zb//Dflr/69/+h/OW/+9vyF3/978qf/9u/KX/+139T/vXf/G35y7/92/LC9VellF7QAnumbGgxu41CMqv+K6X4lNJaOr2i8q/HEWa1gGbxiuIb525V9iwsltTPOf+PnLQ+xiAfmaFekBlZGWs8jvFLzxfdVh8m/RyHPD0ptGlNkr1PrnHh7T7OH17mZ3umQzi0qwuqWw0P9YWZjKPkfBhMw6svj60suTwcvs8tg7g5/iRkOWcc+KhIIAuaE8xoBczh+sJPQl8aRz0/LGhCuRmhVHSLyYlwfqcpvy8zjleO5JfSOtx2GLR5HtQdu4tMvDHplrK9tRFnAAnDxMPgPph4T3FdGLzq4I6Sx3GBWr518oanB/tBGoJNYLvlivid0singGfn5sWX1SrKJjwUh/xII8h8zSfspNq5savCDi7E2Tx+suSLRZzPW9/ajMnMSiz3jkLzmHzMYm8/Ps1rJSsmM02C8GLy86TscnQeIm0O9TXA/VkDZWNy+YBsHweXl02XMbxoh08O9B9oFPQH2gZf4Dp37my5cuVSuXjxvNqFFKWdzbKxta42Np42tjeCbN9UHGhrd0uK1lZ54YWr5fLly3EdHW2NcmBx5/b6tINxhHxQl7kP2f7pjY/L7Xu3y8LSYvnOW2+VP/vLf1P++t/9Tfmzv/o35U//zV+WK1KAL7x4vZx/4cVy/tpL5eJLL5dL118pL7z2enn5za+X3/3jPynf+v6PysUXXyy7Wpjf29gqD7a2yr7GjmUpyrtKY111uM4xLI0H0Aaf4tY4gVIbL7ZqQVtvgqnHZdgBXl1fjx1cXjJdXF4KecEXVSdtP7Fp5Odsz/LmuE8qHzmd46RJ2DZ8my8IN4/dmQyHG0dHYVy4aeNn9MmXkf1bAjnN7G7Yfxq5Wp6Zcj81sj2na/fsn+G6AYSZ/et//ZO/w6KqG4lsu3SC9KwJeV5KyGC7mnhDOA7ANgiT3GGY3XJ8IwpTggJSIGy4IXiKgLsLx/7mOw78/A0IZ/JzZ+mM4fMgbCR/uAEMwgq2Z9OE0pYHrkpVfv03cA/TGR2E69xd152b+RED4O3wQZpEI273TAj7gfyTwyiGzw4fNFPLD9Q4VSDaCcAt6sL1J/a4RT3pefXBvfLLX/ysLC+tlHnOw6pQTp8+U7a3d8LN8rte4wiJ7PHTkBLhZQ0D/5Z4gcQIXqbOPyYX7PrDnyvLONLAROMJP5RrYS+tcPhRUj7KF/zgVd3j5xJNqnzFCHNjfa0qDN0zn7CMTifiiAQKPv6cr6xfbBND5e3B2kY5f+VK+fYPvh9HFPhZssqv+tIfCcdnIg2t/KPtRCiUE8yD8vEnNzSJ1yMK1195o1y6erXMxpfR8OUzn1VwrTeiHJ62IwrD9l7l53nQVjpzEjk8hBJkov5tf7xwubblWJ+3d7bU5utZbu/us6vHLR8rp1di92/lzEo5q8VQn3nO5pkz5fTZ02GeOXumnMc8c7p88+vfKFevXI2XGcHWdn2pjXyTVrTHwGj9Py3gOAf9i91p8oLddcoxJ4767EsBvXrxYvmdH/6g/N7v/ri8/PLLsfDdVvitHRav3KhwoAWBwhJRY15dAM+Vay9JAVbc01ogcLyJxe3G5qaUVI0D9DD4K0qQ7PFpc7W7RdUh9RL9TKxQblGyl04vx7i2JZmUbJyzvqgFyNIyYyFjnmRXe2BRHfMb8qhv0paNbG/nwNbun6APo4YjjCmem0WYRqFIYzA+YBfIF+6UeaQjlzDFpvKrfZPM1+fqDoJfx2f8uGP/UXn6YL5G+2yMcwfj/Ubl4xH5qXXMwVjU5R821aw0zBAWE2FqvCiLeNZ/KrwwI02ohg/u1aMXk/woX6cxTGsYnqMBAfIkik8kY48Wzfg7/DUkw252jziJf7iTdjyLwie6QsDPjoNDJ2VnCiEPJVv9RtOD5K++lNOd/Zt//YedglsdIlAXsVJm1J3BTW7xN/Cv7mF2Ug3Cde5HKbikHwJayDZE90j8PKEZ2d6HOc52yoRv8LYcjtc8O1yEFSR+IBcicthuDOLLNNHZc9hKXWOFOvcwu/Rwd9h47MrV7uZHDIC3wwe5M3TPNcQQw4GnxdBtwItw3Zksx+kMha7tBtT6qx2C8QgZcUPZu3v7Vvnw/ffL6RVNEFzXowBnV6Tg7uxqgl0MhoQfUPc8q4JnolIqh8oeskxDqas/z3GOuXvmqrCheCi3Iik3C1IoUCp2d3dwDtSfBxWw65iA9kN4FkpxewINIhh2IahkMdjXxLaryXVHiju7cky8Ozt8Ma2684zKHFHE4+7qWnntzTfL1771zfipM3aYgxM51p/48317Q1LH/7hX5ZYMHZRPngEFN+TtiDYR7aMzs6LaR94hdzgvbOz++FHbx2FQ3igInCMjH5wLnZNiyzV2UmDPnpNida68+tpr5fr1a+W6FK1e88WXZL5YXo7nxnzppXLx/IWytFjvgaUdovC4bCjPp13BRVmHUNZjgan8eFE7p342p3wvqm9dlPL/0gtS9FW+LK5DSZVyu7h0Wu1IC93oX7QpSP1R5UN/pz8vrZwul194oVxVWa9I0aXE7j9YLXfu3Y1F+7wWqCxKokxpmwvzsTCZl8nAQ73CaxEFd2UpfgXiPtx5Pb/62hvl7PnzoXDvayyxghtHM4VoOeqb5MfIdup1nB/2oxRcg7BBAxWk8h4oQIyJpNW5u71UO6j8GA5rn63jNO6Vd00jwhDH8caOO/YfytMH87Rp5Oeafn+4yNMYP57pn5gDv06swdnVzk85HjyPYPCIxUS4dh62HJj448Z/4u85vQd97nbDtKJKPk0jUFDCxbwjk1mohunqu5PTPFtEGj18I86g6uTXeQ+qO3jX8Sd44FQ9qh1/mS5ZR7Mc9ZdYuXbyG5FkJJ6ohQW20O1zhuPbH4EnhZ+EHCebx+XzOOH89pXblxUPLWtzXmgk7yN+o52d+mKyQanjDW6UCb4EROxF2QE/4w8n1wrHH1LdicFusyXDdrszuEKeAN0uWzg8yq3t2d3KkHfXoPlFzuBVd3bGBi/waBIjDfLN+Tp/mpj07eczxbhfvfaC5rJajii/fE0JP9LFhIxx9q86XB6UX6ukUhcoFpPI9ZfJfKAvGuQBPWBvj7Ph9VaP5eXFcvHS+fLC1cvl0vlzUlKl7F6YbJ4/f7ZcOHe2nDt3ppw/eybMCzLRlFBsq3Jbj8hYscftaYfr0/3VbYX+tbWxWT7+4MOy8eB+WUBxVf73tjUWaHHNESJ+SQplVp1fXTRuRGAXN44bbEgJ3torq1scSZAyLM3tzKVL5evf+nb57g9/VL7+7W+Xl195rTxQGg/WOSayE7dWcCY3t7sYM/TMUYX49K6IBTB1wYtn+eiIx0PykM0nAdJvKcPPrXuWsfV7EnCdtzhKlr54xMnx+vgaOX6O058uY/xkXka1Q+OV2haWO1OL7NaGIx3Plybc2vTtlv3a5zadScA/x4csl6n1b+FwAP/BGdwWDmTkiBl2t1/ml8P3xe1Dyy+j5Tfp+WFB08uqWh9cuOPK7ssMy9zW07TlF/mO3Q1jyC/zjOfuZRf4Mlnz8+vNm5/FII/Sx46kB3MUQszgET+/N7xGiN2mSrGjrEmJiSk+5CB54m3T+CljGM7+LT/C1QmtXs3EhDPi34SPT3h2imeQ5qAg2fOEZMXLyhMgDIouhJ30QuFWPBRqzkYC7OY/CUf5fxVBGZNvyrgdhFvFpo+oC8L6OePJlOfkEcbKZn3xiPt6OfKConugvjJb1jdWy+b6eNpSeNs31h4Era/eL2sP7pUHq/fK7t525JMyoCxcBrh9VdpTrltM+hhXrd28ebPMKovLs/NlkZta9tRnt6Xo89UyKbGrdx6UAym23IxCJ5w9pYXTDPfR8pIon0NeLPPLK3E12L21ddFaORCfqy9dL9//8Y/LH/6Lf1FefPl6LFrv3b/Pcfs4huDz/8tSdlkIM/5ZLtozxxrY4X3p+vU4ikIbiGvGurbufDhPjxuT2sG4dpLds5x2f5LyZ2RZsz3DcvXJbfTJb7e+8WR8ukdpFxWZV7ZPC8s/mvYoWn/szgfkcbUvfzncNHBaOT3Quk/iR5ij0m37TJT2pEgObMQju3UjO3ajyHyy8H1gMs9wyOw+Kf5xge4zDZw7zEzkzbId1wTDnJjj8VBVqOPDPwUgStR1fXw4nBpKUeu645bbBC+XkY4Gaoif7Pd3tsuDuw/KvCaFnS0UXF6m4chA97JVhO/iygwK/tW0HbTu2Z/ydj37JbV4RnnVZDM7q4Y/x46dHJl8lJ66xUBBBcGvSx+qOauf0uQlsTC74weYe52diXRbCmzs0p6qb3MzoWGSx81NdnP5elZ3lZjKYGdPbUoC8o18dWGJQwb2ygxXhXVtH/H7+lI9kzwT8o+CDxI3rUX1w9EECNh8mkAd5UHMcD3FgmECZbg8zTPX/+NH2/dJu+YLOfhowPb2ftnc2tHCkLOd8p+pRywq2T5bFubUxtSeMefVnulfNucUh1tKUGYh4iwu1TbJr9+UCQst0vVC7GkE/RsaKIbqV6dEM+Rte6Ns3btT7n92o+yrf249eFDW7uj57r2yp0X3GSmtF89eKBfOnis765vRf3e3NoMPkzv9lvJaVLgZXhad5xYEKa4sqNWn5heWyuWr18qb3/hm+ckf/lG5KkWVcYWXR+cUb/dgN2hheUEyUo98PELjhRYbKMGct185c65ce+mVuHnhQAtyxgPOAnMOdwRp7H0caPvVJIyE7cb+2PyQHb9+XrhNn8bDgHEgY1KeHDbHyeGzvY4xw02T6taZsZky+ktbyyc/DzCoT8xMLZBvNF8DmEc2RRxJy+bAf1D+zDajstU8DikGCUj5pC3SxyrcLkfbZ8SZgPD1cQKZA4nkgaS2D9G1K9pX18YcZ1xauZzjDC4WBx1krLNzxpBOXgdIrXrV2TmXxHMcOO6Eqm+5Y0N4RKBA8av86g6awscgSkDc4FGVDwamGMRJX3/oHeQt+BNcQsNf3HkIO3ExoRoIezVBzSidLaIHxSCuMJyN4mxmXp0EKUxwwBx5rgwOFF4R5ae8kB8UjE7JELP6HGbNa5xZiXA0FMoRRY5VEW7DdGsqdJCa1ABydoVhxk0D8OzI8SI9nlWY/GFyvpXwvETFvbJxXpTBn8ypcUVUCr+zQtw1F87xfwMVBu4j8nXwxxF4qYKXW+7cvh0/i/IzIDtI1y5dKB+9/0H58L3fhkxnV86WRU0MNNqYQOYX4xws9U0+5iVzTNBMEl2bYcKh3mbCXaTwnpQpG1M8x/+Y1Y1dFWhPE030FbW13T0pppypoh0gfxc2SGl1JaV02W2VgiSFlHt1aROULcrDfJSX+MovfuqU275mrbj/VsoDfMyT8YWXz86eOV9uSdGXDlO4WP6TmzfL1996q3z7e99V/+LsXS199O9QQpkFlQZp4VdriqMdMrv2Q1gCf/bpjfLxRx+XlZVzZXnlTHnl1ddVXlxij3Kn9iNWklDyKzgciEcusdSHQG1Fwz9cKn2xcH81hv2HOq3lbORwBuMUdZ+Jc3X8moAJ4aZWFnUMBRfYwruH5/RQiTMOiGftR5IlBhh2VGn3pZxT21hb3Sw//ekvyz/+48/Lxzduqq3cLRtS1E6fO1+Wl+pVctQJ4hyojSGRiiX6964WUNQrtaxWLarj9OwpLbCknO3tk0+IvHOesGYJIt9dRoPDlxH1JZPIvQgH5UPlp5GhLmw1CK0+WC0rfDBFZXZxebl8+u7b5c4nH5UVFQwUJ2xVVnPKNIowd1tvqdy2tHClOmJRwLgzJ3+FO6XOxWhA3zvY79KnHSJL1KfkQKGVfUHpfv2b34gF8Ae/fU/K72w5d/6MxqrZcvrMisacrbjhYl9yn9KCZF/8z1y4WK6//no5c/Gy0qP/S5lgvNbChDajJlnHnEiXTJPPYVunndMvoD64j9T+gImsLdl/NDxO8o62NcMgozSDC/OMqIpAoBq3tm/iVb7uQ/GysLwX5pmPmN95jl4QFG1OmWSToLZN+oPCkCeZMXYzZzWwzAB7LpNsGm0ZObxB+FYnyGBzn/l8VvmMu9KZj5UX58L35EYnDHelocdTtFNmFCqTfgYf+cU7FPKhDeMfczSxqHBc5B+2zqRs6h2xvNJY+yv9liQh3iGJc8KUoUiedQ7qaC7y5vQVL4SLf5VH/GEnA5Q7KSCh4qlNhqmAvh+ZXznqGFn/YmwibtQbcYiPmDV/oBZNLWeAf9xMJMKNUJFv0pZbSFQLsc6tcudz2vEpbeZlhdmn8yuxen8+iUpmMaopHIEoXBOMAjVqdPAEfpZm0MkNo21EGcgNZcTZpCkwie84ROFV65GINtYh24FlPq4pTh09frjOjJqqGl3n1OZpeoyPSHtgV8jHAeiQC6xW1Ai3NjfrtBuFcbjpWV6m/yy7TXcPP4NxduCmSnKVGGRquFBsMMXVuz4t1XB0sCGWFuqdtnTp8FeHw85ZYs7aYUcxR1mPcGmwRBlfWloRFynwc/Uy+X35zy4uljNnz5cFFP7wrXVjCrfRrHUgJKV1uCwZvCixYfyai+ieie9XDS7rPP4Au+V6NRl9bmAcz5OBR6SaJh93+OUvflXefedDLRLvl88/u11+/fb75R/+8Z/Lf/rP/zk+5LG2tqG2XI/AUP8oU+z4aqSPXVzaGRNZncyU513Oge/EGfAhph0Fv2yobX2GVargGqF509/jK4BaxNIPmY6311bL5v37ZU4T/yIK/c6W+qwoFqDDL9/xCxNusygLKhsW5rVO+spJaSt9FvUhgRQenkn/8tUXqIby1ve/V373939SVtfWyvrmRrlw6WL5+NNPytbOpsYbFptV5hktaLkxYWn5rJTqpejL++Jb+/Thft2HcW32cWE876PlHdfHxuE4YTMeJs40qHnv8k8bSOngZ/0IZ/uNy8PQDdM0rnxre8i8qt3jWTXNI3ZTYr5jdVTtfo5wPAs8n3J77PgC26tyK3mkNHomZMaraM1ROB85P0fNO1WqISJuN3cRN24zadDKnSlC9wlijIuc0cYbx2dcfNAXB7c+d2Aemde4sH2gINvCnISqIHUPX0qMz9Gkcn8c2NXKismX9Jg8+FkUxYLL1evOf514M8bJZ/dM2T24JHe3GRRpyM+m2Kl1XNkBsnmii8lOz5yzxQSEjRVnF54wfC0JhYEL2v1VrQiHwqo8kmfKwGngzjM/dXLvJUclCEM8FOOLFy/Gs2WDGI7yM/Qck5HrOpMR5dooufWZMEwgtA9UHPnJydTyeTi4j3bUTTIZ7E7cvH0r2tbp02fLysqZ+HrPvXsPygfv/7b8b1Jyf/qzX5TPpOgymZ4+yzVgZ6N98TWt2fnhogrutd3RJsfv8D1NGN8Daply7IiJkF9S+FXl9udaENy7F4rrzP5e7BDG1wal6PKLCzvgQbsoud3kr8W4LGFSYrHTHWlUoMNA/tUqZOp28bhKjA+2vPra6+X7P/xRee2Nb6hOlqXksmt+EF9K49cg2hh1xAuqZ86fi5dT6f+96GknRsjbwfZx7TSHfVhM6gP4tWQ47aNk6IsDWn6TkOOdRJ4PI/Hs6saykd6Q1E481qjBBHV+LfrcJ+XZYR0vx++L04YzGX3umJahlcVhQLa36Is7CebVxrG9NQegHkTEzzQY8Q5FEJxYG8nuxDEZfXz60PKxme0Zfe6Ob/M5DsPlbFKXqx6PCdQPShvKnDs3AzdKIOdTcfcEnIlwhMfeB/wHnykeg5q/SRhO8qSDHSIeCi1AhsGg1BGwuSvlnfxhQjFhdnbciQucR+LZjZ8xmQgpi0hHA+XWznYouBcuXBikQeiD/mJ4jiPg9tTCden6Ndk9Uwvz6+N7bHQDcZ0YTUPQjlg0cT6b9GhHvIA5N7cQ57d/8/a75Z9+9rPyX//hH8uv3n6n3L2/Guc2V6QM84IS5zZ3pCVv8LO7CH6APri0zGeIR9N76sAkpmrgJ36Qa4tfJ/hFZU5KLl1t9f698vknH8e5Wo4dcIvCvsojFFt+2tzb0XP3k7iIn3XFQMzlj1IrhZT24F88qP3avoap1ibBmEJ/n40XSK+98FLYz545V/71X/xlufbi9fLhBx/FLzbrUnDZbefFMn7lWpLbGYVjDKhwGxtMzUcit91Jbf8k0faJbJr8nJFlbWXKcfvCtLz6kMO39vz8sLB8YJRfnbsinUaRtd3PIPtlmHeb1/YZZL6mPti9DZfz0UcZhIWyX589uzlOa58GDu951Mh8snubvmmkF+XIRl8kY1xi2b0vPtRiGl7ZDjKv1u9hweAJfXnhSdF0BJgQ+FnCP008ZrgO2MVE4eOZRsruLT+louB6FzcT4ZDP9WhqEe6YHQHcvGPLJJd/zh9MTqbgS7NXeM6Uc2aHbkClaxLkB0p20ULfxS1+4ZEpO26Wi3ygNEDOD9jtFF2brTKFGbvDqhGfN+N6IHZwdwnjTD3HicBjhMn1MCQKfDgMopjUY1e4VYpdXbUZ2sajY7Tv0rSieYk3wzHtyV+0W11dLffuPoj2t7K4Erv/585dKNtbu+Wd9z4o/+X/+Pvyn//3vy+/+fV75cHqerzsFJ+HjeNBM2qD+6FwoejyFTTa49MOdc1eUDPQgZTWBfXrIsX11mc3yu2bn8t9P64F21pbLxx8R5n1+XhVriqgU2KJz+6qlOQgFF3GMPXX+BmX85NdvTEGgKi72L2VKTtfSfSLYnOLS/Hi2BtvfrOcOXuh3Ll7X3XghfxsKLzs3K6srMQLaYwZY9EtipwuGG3HlTw+mQz7Pyoy39YE9jdlZDkti8027KPCfEG2Pyo8V7XADb+cN2C73Sf5GZk/dj/bnv0N82j97J4pw/zsl8dHw2E8x41iOJYBx7d7y58+Mi2xGWQauA3SG6ZrWQdpJAqJLQQ0Do7QFkAbbxoe02AS32zP/Cal/aygLRuXz3HK/lFBR4BQaFH+SPfOnTvhx8Sdd3EdFhAON7vbnlFfZqzufeR8jiNAGwakgXxGy8vI8VFKrbjaDbuVWoh813ORVYE1D8ejDODPJ32xX37hajl3se7gHkXPcTRcTi6zXFeZ+tDX7giLblPrsm+QfxRUJdp8Wey88cYb5eWXr4dCi8JGuqzJ2Mk9d+5cOXfhYpzlvi+l9tdvv1P+/r/+Q/mHf/5p+dWv3y5cOccxhfjymRQn4pAX8vBVUHBBW3Mop4OFLcqqJr7V+/fLnc9ulr0t9THKll3Tze1QbHnR00osu7SyyKSC1S7CfUd2lFvVdxcORbfWQyQSlNtItBktsVlcfPLxp+rXi/Exm1s375TXX/9a+bO/+EuF0qJYSu8sL9RKuT1//kK5cOFSWV46LWX6lBYhXf1054vHIadrTGrTxlH+x0GfDFEGHY1DlrNPnhzXYaGj+BoOb4yzPyxaGczT8o2TMbtPI1/Ly3a7ZxoH88M0GW18m204kMPaz+FyeEz6iMdbI/sfBYfJaRr49bmDnEamyT1JyIHzM2gTAX2JA8cBmQdwnHFxjezf8nhY1KHqMIYrhi872hww8I6Wi8vqJMprGqA0Uk8oeCizTKz+wEO7g2u769XuruuW6k4t3xkapar4Kn/stCTy7jU7MLELw2QVP092k0mHqGutFPvSB1GkmgDpvFmZhXjORL5RcPGjzM2DuHxvfl6KCzXG7hr3Yl68fCmUEc7mtkAuyDt9zzEZbuO5zUMeeIdg6KvDX63nunNbb1eRu+wMj1zXFKRw6Dtwx/2hSPU37JrsCCsdlBleUOqet9V2rmjB8+abb0gxerVcvXpZys9OuX/ndtlYW482w9vMp8+eK2fPnqfDlFvy+9Wvf1P+Dym6v/jFr8pvP/qkbGxtxvlO7l7lLlZefMyfsX5q0e1kGnF9EOUYdi2g51SOWzvl7s3P4+7fJX5pUbnvbm6onNUG6JPxQlk3FlCpUbHqp/TvTvnFRMlF8T3FmfkYP0hX4UiOxETu2wZHjnYVB72ZD0Xwa9Di0pny+mtfL7/3u78fdba8fDp26fnkL32fO3DBaPucDm07z2OWgfvjgNPKabbPfbCsfWjj5nCTePYhxz25Mujm16YdZuQ8+NdCaFy+ps2j+Way+ziYN6btjuu5DjIczpTTsL3yIe/D/Fc3daVYkNd5zwRiHu7sw7F3Mg3GZNHQvcVQjkivm++d9iCGhc8YClTRPoOc8ZNCy28S/z6ZnuOLhTsMAzZ2TF6a8c4t5HaTCUxyM7J/9sN0wx5HyIISiskzsB+wbDYN+7OrhqLeKunkLXbcujR2NZFigswL5Zdn/Da3txA6vlPPrhtxAIrQczwcXJfjKIM6yXUM7Db0q1TbCyH6BtkpMVDGRGHnKIGputMGLl26VL7xzTfLj374vfLWd78lRYgXzfhAQ/0aoF9s5NgEN2/wJv729m65c/de+V/+t/9UfvrTn5ZPPv0swpHnNo9fNXS6ZoDjCbvct33/btlT/1rSApKPO/Ahh3mUDeqxU2xDkaWPsnNL5VqJ1XOc90dL1WRdTfvXdHKZzoTiWwGfV155LcaYtdX18sLVa2V9baPcuHGj/OSP/yTOSi8sLpWF5eVQdrkykN1e6j6SjHZw8uhr/48bfe2uT4Zxbicl70nmO+ep5dvm18+YA7/o95Mxjg8wr0zZ/SiMC5/tR+VrElxvmUef21EYl2Yrd4ucFjT7b//0D+IeXFa3wJMyqBP4qKbPHaSME0zqigRH/WNV0yXe1V/cryYM7ktTPOI7i86sYldhPMh08AtFDCghk0z8ubM03LuMmuqdugwSiUf4jSpT4UueJD93HXKHG8Cda6MUKOykQvjOUk2sSsP2QR5ktgScJnIN0q9eh/w654hr9yDkTMoUZV2l7YQQKi/MeAoevs8TN+qwriQpy7ySglPlk+UOswufZYl0VM4j8nXuNWw9grC29qAsS2njDBtXFXGZ+rvvvFs2NeEuzC1GnPn5hfj5dGFhMeIwyNfnhbrL29Vnld38SbdLvyMQsquN8PMjuzGe8NixijstZRLGk1nwVlzutGUicn7w515cdljn5+obzVaGKQ3ax8bmRpVXMqKM7ErhAHF/MPIwEQZsVh4oJiglm6Lbd++UeZXP57dvlZdffbX88b/8F2VVZTO/rDITD8dkx9YTauVX2wZ0EAOl8y/5TrEjvR93gL7zzvvKw+ly8fK1cvXa9TK3pLLlm/d723H5/TCFWqampwVup8ByR911dQVFmxA5b26rwzKs9TW4nxt/9TNuLrh//0Hh8v2rL1yNl4L+p//5fyn/8X/6n8uvfv2r8qtf/qIsqTxfeeWVaK+8OAlosyxeAO7exfcRAeoe88yZs3LfKe+++0H53//zfyn/5f/4P8vb77wdO7cXLpwvly9eKnfu3I2avXjxfDlz7nS5fPVSuXjpguJtlrucyZWsHhOUSYVUnmSf13g2L4VuZ3envPObt8t7739QTq8sl2vXrsU9rLRtyuapRuyaKb/tKlAdJfbZ1QZ21Ed//U//VJZVrzsba2VZ5cJOLGMBTT+OM6gu6LPcZ1rHCPlprNne4rO5aj/RThS8I+4eVemVPaUTL6TJn7Gt3ukaUVUfBD6Ie3Xj7mG1oR0p2XKNIyO0iddfe7ncunWzvPn1b5RXXnu9bKs/7ioBFrsXtbDZ5gU4IigW7SVsYXb5TuOyyXB7b+s4h6t9YIjcl7DXeb3CfSiT0abtfme3bEKOb3sGMuFO2vRhwLPdM7VxzddkN0D4QT8RchiAf0b2A5mfKcYJEW2nylfbicNJyspXlchUrVmn8sHPycWgPswTfDzP8/GjCNK5h74hVBYHchuWa5jx//DZYx+Jux3EcwfsgzBCpC1CcoC7eYEUtSL85djxHqQfR3fEW/7UIXfMx7wked0vcId3loe0AW5Qfs6wf/RNCrZLeShrTd/Rark/ruVih1xQYCjkqPBHoeWTcRxeFIvDP4wctUqPj0lpHVcGMK48HobXcZHTaPOFnc5DI/VgR6f1z/XYcTMdBw7fFz/L0Wd3h27JYbIJCE9nhHB3WthXlpbjjWeTFZt79+6Vzz77LOx5kDZRJnwkRZJoES+FR0oIKS6fOR3fq5+V0pwx7XGEVv6cJsj5ehZAfnOec/lk91xGwHbaKi/+oJB8+umN8l//63+NHdH33nuvvP/+h+Xjjz8Ot1//+tdRz8O336uSS1yUWn6C5jwt/k6XhREvjsHnFz//Vfnww0/K7Vt3y2c3bkvhfa/84pe/jnaxtMRXxg6kXEuZlVgvXr1SvvOtN8vv/97vxLGFi+fPxe7jthQ5eLOLSzqc7dySgrbFNVhaaPFiJ3J/+OGHka4V8KcdoR9MAMcJYoKTSqqRSC7qw4rDHOybEQbtAVP9PY4mxPGE2u95DlPE/bjxwln4y8ROHCZx2WN8UX1gssBlpz0WusiR0oJoG1deeFGLzytqL9xqUa8P5GXXNY5R9CDkfELIafWlO8k/96dxOIqnMY6X++04elj0yTAO04a1PEPZRuWDj3m19pNATj+jfR6HQ3I0HS/72z7M6xB2y+4tb/vj3tIQ02lgOW4ouGaC2Qpj81HhBLPdzxmT0pvk18drHHJYVst1xTwKivJhFVrL2cqU8zxO3klxRkBj6xqcw9RwhyUf5/4oyDK1dq/EUeqg+HytFAcGcsqmjybB/pj+0hqIdNmRZDJh5SvCjYmGCcqUf5L0PacDOsUUWE0TysF2THDkSxPQKW5amO3i1BfNIOzkyfmyYgx4zqvRTKxyufx9fmmxXL16NZQilB9qR0kcqdzC47hw2s8Kcl6znTObWmp0T7WeavtiN2a23L3/ID7Jyudt33vvg/jAAj/376otwIeFzD//8z+X3/zmN1HfKJbmAX366aehVH7wwQfxYiU7t/QHfpmI9qD0b9z4TP6/LWur/BqwGLt4nyqN3/zm7XLz5s3C16/4BC+/hGxurGlhxM7vSpzH/Rd/+JPy/e9+p7z0wtW465Wf3rc3NiXbqWhDKFCkhVzbUsY+kTy3bt9W9tQe54b5/iqA3uUPPhj0ZhTM+rW2ehawKp1QHgsYGxRGyuvu7nbZ2VU5bnPThBaoeg73HZnq5+xGxReiZMqjKridomslN873h2KLezXFLCiuH8Muky9hXbnyQhxN4NcD2gw7vbSDrU0WIJGryEttt4wKIuXhKMX+pFDLqiZme+tm1L4zNKdBy8/g2f0IZPtJYlz602B4xrNSC8s8yANjTbTRWqd9+clyZNlM4DjlMCnscf1aGdowLg/DH/oKexfexPjH3NcS3E3ZnRdmoUG4kaQdYxSuF8s9GB2ciQxnxuajIJQOUV86IKfhAulLt8/dPMfxziBMS48TfWm1afb552fg50l57yOjfX4U9PGxG3XMhL7b7dii8KEUYKIIWuklHzZBX71mN9udD7cn+EK2Z3dkyJT9zaclpxfh1IFmNURZZuwAZR2lHeUFoFDwkhhvuFtOwgN4WkYI8KIQ5yMvXblcXrz+ksY+flwd/XlwHOBn03bD8jsPRhvuWUHOt+0unz4CDnf//v3ym3feLr/97W+j3YZScu5CmVtgl3Qr6o82Qjy3d5TT//gf/2P5H/6H/6H8j//j/1j+1//1fy3vvvtu8GNHl0URd9ESL+wry1JaxffsWSlT++W2FNFf/vKXWvxshqJKG0JJ4/7WVSne25vr5bVXXi5vfftb5Xd+/P3y/e+9Va69eDXS31xbl8yrEQ9lNyCTRRr+S4srgzb59KJT9poXfMhVfdmsgjqsO7BSSlUvtc8fvrYPirFhuy5Yd9Sv7e7+in9dJBOXHWH1bTWR+OKZws2ofDHrDrH6ZKfcYvJFNXZ69/ZRgqsMa6onPsHLIhriyB9RqCPaEuNAX7sF2f644DQwx5H9Dfcdm5PQxjdPEzxMLRznUdDycLq2H4Vpw+Z8ZBoHyzGJ/6T4hsP0hW1laNPM/tk9ox7JGIahr7Rhs7/R8rbZhrGb++FImGYxOw3UJ4cJYLcQNo0s4CRYoBzebllgU0ZfGnaze2saffz6MC7teohqlOfDoJUL9KXZ53ZcRFw1OJVsD686GTwK/z5kfm2atlMG1DUTKi+XcYMCdtwxTTxnAi1PkMMwyWjmKQdMPJqU9vaYuNhJ6XZOOKMjk2/uB+2yI8Puiycq+YvcgSBQS0tNIMnpNEPezmSXDDdgf2CZ4eeJ0RNqhiQo61ubsSJ99VXekr8aChPh4G9YRzkKLq9xZWb0hfmqo6+eWrfR55ly+fJV1d1+ef+D35b33v2grK6ul1kptZzJ9Utb5y5eCtpX+B0pKfjfl+Lyjz/9WdCv33m3vP3e+2H/55//otx9sFpm5heiTaAsc4aXYwikCb/5OdnnZqMN/PrXb9evlKkB8BLS6eWVgYyL4nH3zq14Je2NV14pv/+7Py5/+Ac/Kd/69jfKufNn1Ph2y6r62231tzv37pZttfuF5aU4BsNB0bpD+HSjlkQ/YvOI8VBjAEolO6+hqGJX2aPEYkJxXVjXPyPMDtf6bSkuuz+4KwwkJRUzdutE9bSiiHOAes4m6qkGG1WDFFqIMakzq3sdF2hnvHjGLwYcL9naYaziCAsvm1Xkvvok+y1pZcrwc+sO3EaPQuZre6baD0f7Zkbr39I0IJ0WfW59yLKajD55WnI4I/OhLWaeNh8WfWln3pnslmUD9hvho8Vlu1NqAjZB7O4qPP1yOL+xcGeuJCxjIHxZ4LHBw/sy1S1T9R+VrYK0hukNIeaiSDELBzKjfqbHh9PIZPc+9KVrt0eRSVVzSIbHiZzPadJtwxwnvMNlO2ifTwIt/ww/U08ot+zgsstpJQ73lhy+RRsurvIRn0w5vUxgRDZ1shynj4gXCm0nJ26Ej+h69nligLKCwgsyD/xRWglL3CwPkywTKrt2X/va18rK6dOxCGBxtadJMh9PUL/uBWlkMyOn1aIv/FcNzv+0NIxT6/v8+dOxk8oRBI4YzC3Wn/up07XNrThacv369fLyyy9HXOqSNsCOL2d1gc/fUtfsAHM2OxY7kdx+uXbtannxpRfUNnajfxCOM78oo/wywJlZdoPZ1eOcJp+cZZDnBc21B/fjhoB1hZuX/8svXSvfe+u75Uc/+lH5/ve/H/2MXVxk4ut4yHn+/MVoh/5a39MOdeNQZgdIOzvUIZPqbii1Ulr3an+lL9InQ5mlLrpxwGQ3FfSIuxfD0nSj/8Qimd1hKcR72+rLcYyhU2pRqJWuItTdW3aQZbLwwB07YwZ1xFfp4LcwvxSykT7IfbS15+fHCafjNHParWnk/jQJmV9LwHym4fUwcDo5zdachByvD1n2bGZ3w7zG0cOgL50W8B5p4016jm93+7W8W/+MzNuoi886p/bF7eMNnG7eAJoWIzu4LZxgTvgo9PGzsLkw+8IZOd027T5ZpuFpEGbaF3hAXQc8HCzPOPmm9Qd9/i3aMG34o+JPiz4+dqN+sp0JnBdcmMCZaHDLCmSmSRgXxrcpoAxUhaDes8vNCZDTgnBHtkzAJsBOOoQHTDxWSgF2JiS7kSfaNeFRhMgn6eR4trMDuLG5WeYW5suLL74Yb+ITj4mXuIQBGgPGok9mo88N4D7O76sGt5NxNAij4ghq3NfXt8s777wTxE7ueY4lzM4P7iimnr7xjW+U1157LZ6pW9ocdcdCjqMqtAG/bEad87IX4VA6Oef58ivXyre+9c1y+syy0luT4rM3UEppD5zhffed92PHlQmBF8f2durP6StKn/OenM+lb3Hc5fTp5fg4xA9/+MPy3e9+t/z4xz8u3//RD8tb3/9e+bpkPS1ZiOvF2FcF1F+L+KqY2jp9kjIn3yi57GZbkcyTbx+Fv5TROI+bwrPNuqP64+U+bkrY1oJna3Nd9o1w39na1mQhHuzc0l60oKhndTV2xC9PVabZmfrpcv9yA7FDRXtDWeejDwbyBNKRjMcJp5fNTHbLcP+ZFi0/g+e2P9rehj0pHJdvldu7l3VOyLDMwzzUXcl8DrdF5Tks25YeBk7fsEzwc5vL5LRyvL60zQc4TiXKYnyf6kP2M9/MP2Oce4vMA5paJXaEYUdrO1zHiorsVtQRfoAaPmd2XMaBJ3n6OoMWO1x2G+V7PORCPQ6cW8vw8CDt46c/CZPy9DB5nYR4oav7oXCYbiXscYWIBnJ+rsPK5fQ7W7tliWu31Ady3bXto61XP2d32sOIu2hwdUun5EK8UHNqtlOkZeKGqS4YFLIrusunNaO9yb6jiQmKw+4Kz+X58OQyd5SLtY31uFSfb8uj6Jw+K8VmWUqIwjBwMMEysaLorEqZYVLjk6oXLl8qZ9nlg7fkQcFBSRrbvqJPtZ4MKMT2QMuiYXiON34y5eeh7hke0Z+g6bv+UwXaREutu58zeKaP37p1q3zw2w/j3lLqhuu1tqS8xBlYmS9cuVq+9rXXywsvXIl4KCxueyjC+3sHcf8pP0Fjp7DpM2p98VLY/dUHsbt7/dVXYhcfJcptjk/wqgfFC2cff/qp2k69sm5ufrFbuFUFGCUbRXpuXu2QnUm1QRSpZbXN77317fI7P/pB+dH3v1++9fWvlxevXVNTPoi2OrLr+dSDwwK1DVsfjLHBL/XogTlXXbDs7arPs+uq+ohfSejLlEXT2agH/OKmBcYwUbxAprKFZtQeDlSOB9tb9atoHDXaVv2xAJFyywcmCBPM2S1vTPjHC4Hqr4wD/HKzK+Xb7Ye0jZAlbDWP5HXs2HDCcHu0mdHnZrR9ahrAzzQN3IfH0cNi2vTpQ8ftR6Myqj47/ahFlSHTo6MtE+fTZT6krLAP22G0X40f6k2DBSX5d1scSlrn1kN83TkD5Lv2A2gSsty2D+c2nlsyvHFWjzTM/tWf/eTvZFMnE3GhH8wgpR+MkSl44F6vulF/DD+I3TMqbShvBFY0RxSrLkOcn+Tu2WAlIk3/0ckhryb2NCjgDg/uXmWa5o7QOjIRHj4D4UKWkDehpgs/BjWtxOGiNGcjHHxG/TEVQCT/YEva1R730ek5D0KG082VZjfLRd7CHkEYBBU+Btqavv7DoZYncnVxuacXwjXqBLOj+FlVf74DGDKG6Q+p3klXK97+5HdgFwZ56NztF2XJpIEMIlKWJ/9UL8pDKFmSf/ag3L39ebn+4ovlo/ffL7/52S/K2eUz5WBnt1w4eyHS53vtTNgQ5w+rUsoLaMhXedby5l+tY/46hyibSFth+EACyiy3K+CGksj5VuzcLeg2zR2gKKnLK6fjwwqU8JqUTtxQIsgnk86c2jd8cd+VckpHhj8/76LIbmwyKWlCE79dTXqol5T77CztU0rK7rYUlU35STkiT3OSSW6bUkK44/LTO7fLlZdeKvvK5xUpH1dlv7+2Jv4H9R7c+JPInUIb5Syq+Zcs6rj1rlz+aIuV6r3Rp8rtm7fLp598FtcOLZ05XV5+7fW4VJ4JkrKnHskrt0XEHdDQgH+mKOUBYkATYXzRcLt02wTY3QdMOZxpfmGurK2vqu3NlgUpjuyoE/bM2XPRbv7+H/+x/P//+/++rJw+U86dO6s2sSmFst53K123/Hf/3f+vnD2tepKyxM4cw8OM2vHNz2/FZ3OLFCzOVfK1Kj6+oIZS3nzjjfLaK69Eu6GtrUnJOXPmnNI8U+7cvVPu370Xiy9Kd2XpdChkd+/JTX8vXHtBceZDyV6UHFs7/My+L0WN/lbbHjLQIjhnzk4hP5erOcY4hwK8JyWK+1oJ83SDPAgHLBfqM/NnbZvMF8q+FFmNKOVnf/8PZW5PiwH1wT0pnvNyY+xmfKBvyqq+UMffeEObP5mc56ecqI14aUxjgAYCKa5V8d3TGHFK/ZgXy2ZhIhq8D7CzHYpxHGEQjRxvgMSTL8tRT8g6qzrnow+MJatrq1oY84Kg5FJdhUqh+mMHH/mY9qA639bcu43ntu75E9gN2M3+fgYOk00o8zVOaZEVcwPziCgygn9HO5QF8mpkVO4Hf+SevzpOMQbVKIPxPsahKh8YpKtxkCjR5kUzathZHueFhSZkRL8QGeY3c2pOkShX4tZ0Y/7UuAqxKLVfNCwPfJDaWMxRMSrzR9+zXUFVQVn+2FTBQ/mNe5TxU3hYEipKBLYqRtoCFLoA7rRLwoccMXpHWrQVMKzDalZ7dQeMCbn+HAYlFpmgYdlzRP+U5iulH2kqDYWlFcIn+MnOc32s5YeORl2HTHrGN3TBCAVVWaK8u5gxPzNGDajKFXXT1Rd2Uqw8KoWuIys6SMy96l8Q8XO4nW3mebl3TWHYAjq4IMaDCgB9YaigMXHZ+Z3wM0tfugxemez2SGClEsrYKGqhVkzO/yOiK4OQIZWH03yYtB+rvAmRjhrU8I1lp1sHTQY1zpuxG8lgvyUFkqmIS7aoOBRjr6xMINtB628M3NzrBNKFaq1Wu4kBIgbbztS/8oDbD9TJUEo4K8lOmH+69SAJEf+UBqh55WVRCuKywp4+ezau9lqRYnLx4sVy7vz5uvOqCeve6lq5KeWVdDRahPKOnCgr8EMR577bl65fj8/z3rx9q3zw0W+lNG/Fji8DHTu941B3DXJ3pcyRs8paofJR3UQZRdvShMCAGYMmgxflFsMWgVUlh7r/Vxx10cK1WwymewdSNFRW3E9MPXx+62aco41Pp6ruqFd2S9lp40MBHE04Kz/OUFK+nKt0WzEo01quLtvOVAXT/mmLtY3tlLNqR5zHXV5Rf6GNSHlAoWHHliukaE+ffPJJ8F9eOSMlt7YP2sqwb9R6Zv95LCld6CsBjz0y81xAmZDFmX35E+ZgLpr9qT2NNwoYbV9jF8cDglA+umu6KF/Kn8nX5UovCQZyj6vC1D52NZ5JOw46JTfM2V2VbyKUW15eY/dXDaS6yTTBCxM1gEXv6ur9stCNRcjg9MmPTV9lWEnPXXvL7e5Jg7QfJv02jvlkfjnMsJ0P0cZpyWFa9PE6Lhhf+9LJ6fW5gUH6bsMJnsFi3B7oBTZPFq1cRnXPaVei9Q2fhxj0FRYGkp74uA3LebSshuGHYcbJMsrH4Wq5DX6l6SOQzDiDm6kPOaFHQcunTXdc+k8K4+Q7SUzid9xyyOFyXFOLvvBgUtjWBNize/ZjkOYMIjtevHhTV7G1XFEqeM4ry7bM+55HwtURX92pIyUNsZKDWLpAdq+iEbfG59ogBYwXdBal2DK5sNPFV4l43tMEtL25Gcr5phSbtQcPyv27d8vd27fj5aM4f6tJjB3XfcVjAclKNlaz6v93794v9x+sSZHeKPdX1+Ne1Xv3V8sGP2kqwJUrV8rK4lKc37v9+c346RglmTKMFbswWgKHkcsbuA6gtvyMNs6zCuqPBQ279LtqCyxEUFg5P8vHG37+85+HssGChEGbnVXaMi9s/d7v/d5gQURdEd9lDk1VxrQV9RHoXPeiIW2C3UEWI/CNX8nUPm98/ln59dtvx60bLKrwG+kLCc/rt8L1YKLMTDzXX4u6Y0zdOIQ7dVnrk3A1rOOh+NJPWehwzjZ2gbvw2F2fkN3th8lLaKH4yr4HKRzYXN8o927fkcLL2epFBietq2hPqU2pqmmHQV0egM0njb50jyMTYSDnpY/64DbfF76PHHYatPEmYZLcuX4M1+Mk5DiZn58fJ3J6bVqtH+T8ZMrIboSnTCDQFx5k/pPg9I0+XjkNwh+6JszUIkechD4e08Qdl+5J46h07NeGOUnZMi/sfbxbdz/3uRvZbrThwbTx/dy6G/U87nBV5x0qFAaU21bBxWRSydTXLnL4FkO3bnXI7oxMfpIgbX6Cgi/+hB2cxZll12Y+lO+8Y+sJCjlRbLjLlheEUGQgdvA8IdYjFVUZ3dzYjkmPHTfCcJ7y/IWLZeXM2Yh/9vy5UIouXLoUV09dunSlXLh4WYr0XCi0pIO8KNPA5TYtIu+JiA+Bmu/DZUe4ZxszUdeUTS2vUhZYXMxImbxxo/zzz38W7SHqWW2EOucFMZSM73znO+Wtb39nEDcUF5k81/ZW6zAjesfhalAbkB/HFeZny8vXXyqvvvpy7OLSnuALSHv1wXr58MOPyuef3VQELcK0MOL3TNcvlPEs1i91k+Hyzn0ik/tLLis/45+V1ByPZxZHQVqchqIr4oYLFsWhvMq+K7e4VxeTsaXjFeMMiu6e0pC/RqfYj3qgMZLFFfEZP5GjG71G6tgymr4ssCzTypTz0Ec5jOEywMxhj6JpcNw4/sWsj6r/0J6R6zIjx++LZxzlf1zkNCH3jT7kcIbzk/PU+vPs/oPd4fvm/czf4UzAvAy7Z7MND8XI7AfIaJ+BI0/CpDhZAMPp9KX3OOG0LFOWLcuR5ToJ+TIviEHNA1t2r4Pc8LlFdjuOfZxbn71Fnx/PUWqdH42Q/Ny9fSd2KJioQZgztYyPauDZPOxGPJTbzuTnO9s1u8WLOHx5jLNiUiax4zY3uxCKC8ooZq5rdxzLihsyEhZlFWUUZZWdNu6tPXfuQpmXssFPyYvLp6XUngvFdmlpRQrt5XJOiu75i5fKlRdeKC+9/LLoFdmvlYtyC8VJvM+u1Iv/b9++qYlvW9JLgZFcA4z8VDWEy8HgOVNbrsB+zyGoDdK7dqRoYKfMUWLff//98v57H5YXXnixcGuBwU0FHEfhhgIWMZzTRnnhrCftnDYDUe55AO5TbAE7dPOzan+Ky84e7eC1V16NtlWPPFSKF2tnZ8q9B/fLhx99XG6qP3FmmHQyPasYV76A4YAz89QHCmum7Z3N+GoZxAtevCyq6TfiUZ70SZRYjoNso7jus6tbjwJh393eknulHfVbiK+cBane+PpZXB2mZxRfzkCHm55x49gCSq9aTNxrjNLLLzn37tyOthGfGRYph0F1N1f9V7KRr9zX3adtPqn20KZ/XGS5sz2bLdzej4pj/0wj8LgqykcCsOfnXmpg3q0J2nT76ibHM2WMcz8pZP5QHr8Mp+0wwHVhAi2P7IcbhL/nfvuBNq7RFwZkd5CfM+9IzxEdOduNHGkajIs/jofTbOOdNOLtvzHptLK14U5StpaXn9v0+p5bNyP7teGMNnw2W5hHJqMO+MPGWP0476lyFDFBoBgwoaBAMHSg2NUD/bGmGinvNp1JRB+A6nMd8FSzwYfd2qpw1LfNOceI6TN3KLmVR5WdHVN2U/HDbVcTDz9DQtx6QD6Y8GL3RXmJuKHO1zO2vEwED+4qRZH2RInSjSxKPHjzklqQnlGUKSfc11ZXy6cffxLpRMffrwuePgx2pmxG/tuyGf0Ju69NP+ug3lxWtIudnb1Qbt99/4PYQWUx453UuPFC7fY73/p23H3LM3WFH6htbPhLRFveBnXmeiOM9Nag+CSslKarly/FF8poGwDZkJG2CT766KO4Oow22aYzLs1nCblVuzwov6zkhqln6o46hHJ94g/c3/GLxUzX902EZwc23BUPYrEDobyyaGEHF8WVXdn6SeBKxMcvnmVf0EJnQeMCdxpzVAE5fFaXl7FY9EKuc4h8tfQk0aaXZXgYWVxfud6O4tfGyZgkA+FNhtMzPSr6+GR5c9rAYR0vU0b7/LAYx9vUygcc3v59ZH/3I8ZE5jj87A7l8PbLZDhcGybHNfk5m4D0pjqDa+TI42Aek3iZT053UviTBkoEErTEG6qckQv/HooDlyeA+sLQMP9gkEYDVLf65ukQuayOKjen4XDZntGGmQaEQz7y4zxRt5xfXbu/Kj8aOZ+iRMEd/vweg7bCR35Ji7S7gT3KOBN+dJounDuK5W3LjfQhyzR47hQR4niywr0qqFURxo9jChxjQLmwH3C67PZtSSnioDtK7a7yxstIKPGzvBwk5ZprwBYWl+OzrgdSdCH8llZWyvmz5+Jt1bNn+PLUQT2Hq/KaVSZQdkDOjwJ1dBgug0wGecto/Z9V8LUoXpuI3f35uXL3wf34PC5KpHdoGZgBCiUvlv3BH/xBuKHcALclyjiXK25HgZfVUGQcn/RQovkgwxuvvT7gDU/a3pza0q0798pv3nmvfPzpjUG9tvX7rICFAnQUKD/3WQhl12476vtZiaVed9h9jd3aeh6Xnd6t7Y2yua0wsVM7XOhCcVOCTPjZzPYIg8KL4qtniOetjTVWNnWXV2lytRvvAKyvrZZNKbq4KZLkqLuJ1HMm5IO+bDiOTDk/Gfk588vh2zig9XMZtTzGweFy+HHIfNp0J6Uxya9P3ozjyDctcpqZgGUd5w9yvg38o93L9DiWeeHneH1xW/4tqn9oHCMUm0mdafIvvIdG5JxIRl+C4zCOx1F42HjHQV8afYWdcZJyWRFsMS6N47pnHBWmz39iHA24miJkdmHiZ5uh8lWbVP3aFxOHGzgDvpUG59/pYLb2TBmT/EnH9Zjd+8IgD5MYhD9yokygaGBvQRjisNBgF3hZimv+oAP3l8KXIw08A565QYHdQBQl4kcaisNP1FcuXoqfp1FuuRszFHXFy+1jVNEdIucJ8Ny6PcdhMOZRZx58IT5CwpfD+MWB3VvOjfvcNbtt3/z6N8p3vvNmKDeU8Zzc8YOivcktdt5lxy1j3M/o7ADOyW9+bqbsdp+HvXDxfLl+/UUtkKqMpAVP2iR96fPPP48vooFIN5nPKmIO68AolJ8BZcjC0/0jqCsz+in9n3rF5BkijMcHK7WZ8DNR75iKVEnPsUgX2Q9+ecFOXSKBd3qXtIheWZiP3fzt9Q0Eq2HVJjwWRNsS5bEp+H5BcNoPI0PbZnk2TYscp42HTA8j13Hi9aXrZ/Po49XGadHGmVaeRwXpmMahzy+Xg/2jPwi4017t7z7Th3Fpt/wdxm59yH6EH/QYHujgZtoyjsCpg+VwOTyDszMGYc9urdkSwMz+pG03AzeAG8QzBeg448h8gfNlXn1hjBymReZBXOcX03bTIA0F5xwWOXKugo93MbtnD5J+0586shvokyf4d+ljAuIwaEcaHWVYLuCwHvAN7Nxz6HtjCcMuJ8RPboCdz/fffa+G1YTAgM7F9hsbW3FHHXD6zocJtGWVw0ILc/Nxdg0TRRHgz4RCmc6dmimL8luSEko4vmbGLsqWlEg+OoFdnFWWKn2Frz8l1kmFZy70dxhM6sNnJlFUF6RwKMF4gQST87RBCg/5BRPyTflQB7ysRhmhIK89WC3nz5wtH3/027K0uBAvmd2+VT/LCv/BGUyl6zzXMqAuDtdH2x4w2WUmTdvhDVCwCes4Q97D8v+qwwojO/WY/+W//Je4igvllqMp58+fLffu3YlP4v7RH/2kfPvb3yyb69vl7BnKs37UgbaQ6wcCbq/ZbkWJMNWt/mpgd+rEP5O/+uqr5fXXXy2bW+vl1uc3lMZO3LjBgmpjda384mc/j7pr6+85hqA8KGd2XanPGMNm6qIWu8t6V3W5s79btrijWosM/Knb1fUHZXN7o4YRET7i8AleIY9NUf4aI3I4QPtg7IijDJsaBzQeEI6RmHEp6kzEhz9OHTC+8BEQxo4tjQWfx25ujGe1oVVekp0xyvUPWUbsbg/ZH3J5MAZADud2k/MDcDcfTND6YZp3y4f2TDqZZwZujm8y8HM8CD7wM0+7Z+Rw9O0ctg+WF5O85PKzuynDaZsv/sSjD2PybDmA/eDvMoNsBy1PTPtjz2WIu8sqxzew52fDfFw+PMML2Sw7bsgO5Tbl+AA3NmuIQ/wcB7vzm+2YLhPc4WHZ27w5f5g5f1l2yGm7nnk2X8tCHKc71BgnwAliZruR7c8qXFngSZRHTu9JgsYTjbDUjuHGHA1P2eZardilkN2NmMbGXaM00LbdtGXl5+w3Go6BqA5GNus9fcKp2tjj5RE6qSaliCf3aPDzh5Vn5IbIBwRwJ74nLdwJj1K8s7kR+WWXJnjLxA1FkhfrRtD9xGhg11IsymZxZi4mvmUtCB7cvRdK8nEwLI+2fPpxlP+zBNoC5UE7ZVFBXS/Oz5VLFy5EfdMe2KG/evlKuXzxYix2YsEiv1yO1GOYtPFUzxkEoXUeyBvqhdpJ3Fcshm+99VZ55ZXrkX60YbU9Bup8XOY5hmhbdS7jKPOub8SY1dkzuf/Tp6l7u7X+EPcmc4zIY4Xd4wow7HKjzuAVdccurUxTLKa78MFD4xNtKEjycjzhYJsFN+d8O6U4/Bhbu/GGfHWyPQzyePSwPI5CTqMFftl/UtjHIZ/Tm5SuMW36Dve4yrOFZW/TO276hM80DcaFzTJN4jfO3ZjWn/TyXA7ww55pcE1YNjOTjDbMoIN3z330RSGn3SfHtG4t+sK05WQQdhqeAPUmqzge+FqMS+tJAeXAg3soClLwGLi963zzZr3blYaHf33Ra7i6BvGTLjsUihIDOM8qJ5OYD8Jkip/+DqRsspMWg75NKQeya4aIn/o434bJjkg906ZwKkwUVHcIE6CO3Jbx55kJyQoudoBfXBEkhRbenKVDYWWHlx3lBT51hXzI1MmFfBBnbF2n3snhe/bstPLzM6KoM8ZER5nEGTzF42fuPaVxIBMCblNt+8Le1z5y+Gcd1Cftkhd82O3HpMxQdB88uFfu3rsd9fj6a6+Ur3/ja7Gju8Nb85vrqrtah+MwaE+prg7DPT33dmM/rg176cVr5czKcllffVA+u/FJeXD/biyAOCP8rMNlO758VYqdH+2dPu3xiuf6FcLRXTX8t3a12NmuR4kgvnYG+ReV3U5JrcorY0KlbS2mIT/vbG8GcYYX4giKiXZEWpVP/YWH9DmWEncgK34cVYgxhgUVY5fGLV7O1chQx5MhLL/t0yCPeyDzOAn0jT9G9usLhxyt+0nKVqFxOTpxNW03+Zey7Jbdx+Vv2nIk/iQex4XjPEo5WfZpeOSwDu88MT+2yDwJ0xcPMuyfw4Che/0VjHO26BW84M1L5Tyr2wp5fKXfCGaWGRttAtmeB4nWz89GzsTjRk67tWfZ8rPdpsG48OTR7q0/z5Mmx+OgryzHydTC4cbRUSBtrtghLO3Z8eLnAEW/c+t2PWOoZ4g8E8fk8Jky7Oa25QnH7iaU1jo2+aeyarLDwk96dcJhUqo7csPrd4bll+Wic2ZymMpzuMN7Spnk+/Qop1tSenakMKHMohRxdhNFPAbCoE7WAaoduTnKwQS2vLgUZcZuLmnm8H32bPZRzlMGfs86KHd2YgFKLlfAvfbaa+WVl65HXX1+47Now6+88kr5wQ9+UF57+ZWIs7G2qja1WxaXuD85RtEBcnkfKvPu0SaI6VLPUK4RK2X0mRdffLG8+eabcXUYcrI4fFlK73e/861YAD3HKKIsuzIFrgv6bR0D6q7rrp69U4uJm/uNw2K6vzsuYU1buzX+OMphM5kPfAfjyQ533+7FMSpecI7NAtLd2iybG2saW9RWNdbgz9l9Juu+fnycvp3bqfP+OOA0+szWrYXdLZvNceGPA6d/FK827YwsX0tHIad/lAzT4jjpt3CcaeO7f+Sw5MPzpvmM4zfO3Wh5g1xOOT7pMT5CgLi5bEOu8EkYJ4DdTc6oqfXPcYws6ONCTq9PDiawiUSYPpIfyPyB8+QCBa0MfrYZSl9HR6EN63ScFmj5P1Z0xwCAGzQvy7ATxgDOSzsM0r46aygTX4463E5ayu2pzx6fzxQdoNgmwg0KeyK+EuQ7Keu1PR2fDuTByjjkToMdxcKdhzwxgbGTAt993qzWRMRkxO7extqDsvbgntJnN5t0SV/pJIrdZhG7ygsqs7qDUO/evHPnTkxywGVR7eJT1aKw26+PjNw2MnKYZxVRnqojzrkuLM6Vt6Q0/smf/FH5nd/5cfnmt74R5h/9wR+Ub3/jG3HbBWdxqS+UW3bp85hg9PXJXsQnJEWDz0pmLhUs0F588YXyuz/+UfnjP/xJ+cM/+L3yk9//3fI7P/5h+f53v9eFeo5xyPVAew+FEUWVPqs+SF/b1ngQNyMwNtBfo2/VPhSKJ7QvpXSvhiE8RFwWSJuKa2oV3BzWCrLJvH19md0BYwG/8jBGcPUYL55CLNZ59yKUYJnAskIZ7XMf4JHb6TheD4tc/q0J7J/dMrJ7K9e4OMdBTr/l16Zne+vewv6Twhht2q0Mx0VO+0mkT7vNaZkX7Qpq/Vtkd8c1AceFsjvIfhDAP7dpxzGNHFHoi5zRF7bNUPb7IpHlaZFlNNn9SMQO3Wg4F2ZG5gum4j0F2inRfKflb7nG0VEgn4SrP+2InyYIK4Z8lYdBmTKKARn/CFvLhsE9I6fbEu3KbctmlD0KqiaQ6u8dl2TGubd6bpZnwiMj/nuarLKSmOE6tDv58erQ7vDa2doIZZkjD3zad2mxKj4URyjRodxW2U2cV4awwwvZMJfmF2LnluMKNz79NNLMsCxZ1pCjIyOHg29GDu9wzzK8YOHzuxyluXbtWvmJFNq/+qu/Kv/3//b/Vv7iz/88dm+5xm1dyu3G+mq077iUX/WWy5CyZsGDaZqEA3lX0sJQZLcMFojwuXTpUnzG98c//FH50Q9+WF566SW5d4GeI3BUa6auUGxRIut4oP5IT5Q9FF0ppJhWRjHxy5T9rLgeUmoTOXymzI9n5MBOeBTmA/GlHdH/MTn+tLGh9imKl1kZT2NhfTjHx+3buZ06zrRxj4O+vuC0W8rwcytbX9iHwTQ8cnmMsxu42b3Pv4Xz8bD5yXFyulmOSYg2JoJPnm+mlWUwp6X0nBcou/fJ47ggxzPMfxKI3xcO98wTihxmQVqhnDjuJj87kdbdpu1PEuPStfs4mca5j0NfeMpqEp9p0qBCRtWcUbg+QLaD4+bhYYCC4E5C3TNgIwfmrVu3YtB2w6ttg45UzznmtpJlzc9tGFO4a3qKHRdIymqfybEBzrvF2VspsxwpQBn37illizIa+vlAYdbkI8U4XgKRHQrFWEQ4lPUg5b26191hftaemzlV5mdnpOTOxq4sMvD2OyYURxUUNuSTnfN0vDxC2hxp4E1v3uD/VAouacR38CVnC5eD7Tb77JS16TlGQRmhsFJ/m+trUki2yqIWKVevXi5vvvlGeeGFK7Fo2ZOS4bbNPBDnMLfrZ5VdzhlTl3fs3FbQKoe7uXWXfo+zmd05ztg5Xpgvp1eW45eJO7dvR7znmA7UE+NGPUtbFyfUESZ1i3KZKT7wof4HtUqpzazAjtjVvyE/jyN2jvckEx+dwE6ajJnIFFeBqQ3wSxPXB26urdezuHrO4+I4TPIz2jY6TZyHhfuEKbu16Mubn09SxizPOFlATjPbpwk/CePiPyzGyTkOOd+Z7HcUSMNkmIcV5uxv02H64mZkvz6YB/2RPgEZLS8wHG07a02ASVaT8KnDEy1ohbS9NR8XfNbqKJN9M+DnJ4U2/4eeJY8J1KltlEAOl8P2VeSTgpXbaGhS4Jj4UeL2drfK6v07ZV+DflwZRsPrCt5xWlAuuWxsD3faXzwwsFdFE/c80GdyY2fSgeKqLbmHcqu0D0LRrZ2svvCFjFUJRSHlBQ92f1E+M/FiG0C55RgGZ2f5yZA0NtbW4vYEdgN5SYnJapx8ucYcZnFhIc7wnls5XVbv3KtXjSmfoVSLOBbDmV4fjwkeKMxqBZlmQtmu4ZkksVepNV0qUo3uVvVsg3rj6An1SD1Qf9wvC3FM5P6du0EoHdxcgPLLYIoCxAcCwEhJaoFDHVDK9SUgFjXQvupQ7qewE5D/hjFrnQxB74A4F8yLh7RZZN3Ugo22DOqvJs92PVIEtTy7/tDhlBYJM6IYcrRQ7Gqi7Kif7Si8Rij5qexUrpQg53G3O4UzFE0taDBj5lO97WnA3VNcTMLuKlKsU+Xn4w4RTm3CphXpEZO4nRlxwl53ivmlaVsLGV5822c8CjCWSVnm6BMLnV0WOlKAu7HKeWf8eBrhuYuXgirc8ofI89t0+aRGJ9EQngNOCpYPc9o6GcqQ5FDbjfiDBS8YLZdxcNo5/XogTqBPdCaoH0IYloHtfj4KbVotnyxDRc5LHxnV7pfIWv4g88ae59oWlmf2r/7lH/zd7KweCKOOij2+iR18GbSZnCvh3znX//DrGJlmNOCHMiM7ShmE/ZTcZ+cWNGDzWVLOOHKpPtf1qDLYSQue8KjCwWPIE7vChFwKCF/+cOtMfr3ZRx6FrayCkSxKA+kpNIWTGB0qb+9IYre7YbdqRglEoZKO3U0u8NbdcLwZla88gmrZqKwoM+QQMRgSLlKQXLgRFjenmyvWaTh9+9m0nzGjRJVapMunc1tZHZLcQpQXZpVINil8a6trZWV5ORTDU5L34rmVcufWjfKrn/+0LEjmWQYvpbO8dKYsLS5LiZPiqLJfXFqIl7MAZR5lL/4osPviy/fa5+fmBmlHOP5TXP1TQD6WsKBnItWf+ne3+dACL3ztiDbLhfOXQjGJSU5xdqSkQrviv6sJLRTgLd5WlnIuEhPlQ4RyK5PWw9BLutgjnuKwqwt2Ixz1jAyKDm8RpTrPUQXF4stt5Af/2Zk5kQYVySvxVSYr5fbtO2VhaVl1VOsQ5Ynw7OhevnRJCqvqGJmYUeWP0rqgcuEO3h2UaMmNrCjalNaM4s5Cinf/7v1y+/5qWd3YKqcvXCznr1wtS+fOaRKOItN/yB7Sd2ZdAOhfFGsIHdSCEiGXfX5PD+ZmuVSfvsGipR6tYUd3Yb62u/n4pDJ1S/11ZaWCmZmtfZF4p2SPPkW/FW1JGcHj9ddeLe++/ety5+Zn5cbHH5VzZ5bLH/3kD8p33/p23HmsSqvxNOWQ1ihRuiQppUrtiT4xq3Rm52jHdexgqHgO6sRtkBJTXcTgoCc18HqV30757MZn5aMPP1JfqXdzLizOarEyV3a1+JB6KeVXZazyjPFV5Uzj5yMQ+2jIjItqG/X+XNa4jMk15b0djRHyW1hYVBje3Nb4o/EhlFjJFeNBtBue1c70p9pT/9OziC+mbUlxpW/PaEVax6TtMqv2t7yyqOFoN+qaWzOYy5BrZYW7kJcijfhQRTduGx6/7Zb9QHY/UP4Yo+rYTxo03eF8MYxbyznGZsYh2fHiPQG32dpHFIa4HREbYsxjHphRAvzV4PCTJyFU+OgEVfGSRCheEQ4ZlbrCVkKOKjsUo7B4uk/UPsU4yRiMjFWukBlGclNK1S+eqoSD/IuCjYj00EuynylkFsW4XDMh9ypTX/nZz88gwtJKQr4aPiQSf3QhyqoqoDlN/vdioKit1d1+eFW9hVlKsiMD7nKLciGPaten0LEUdk95Yy5DgvDr0oj4kZ2aP5PdIcpl6FbzahrKMiq36w97net5n4WvmlJelKN4x+6LwsvgGX58Pj3G3wSXY5SfAlJ+mWoZqm0q3rYWqrm9zv6bf/n7f1eFQhgmO5gPI2BCeLtQA+Fen2tBW4jqDXi2Wa38lM2VTShzNU6t5Aqea5qVRlHDxWdbgb0HwapcQ/k6D/PSPwYbpSpH8lflnkbBBeJC36vyyrSMg/QE58V+Ob5BvuURuQl/ETwYTLFH44x4HY9opMQJpzCMnAZpt2WZ/W2GSoQ9+Y0D/oOyiaAovEzy7D7Oq0XyyVGuySqaUD4uH3/4Qb12KSaapVD4lIFocDRE2MSLOl2ZwTc+kqA6CEVQpo84ME6RZBSHzJjsY0KpgyT+dCrSWOQyfCncK8unY3eutq+aP9IinhKItGhfwUtMZ2lrMKNiO8SgjDwm8ZsToTRD5J0wlgciDb5wFT9908oUhjyggMeRB2mXtTOq3Skt7w5yPGFTyi3Jb8jO4Hnp4qUIF0qX8gZ/BnOUeHaIOQt6KrRVlSmTIcr3phYNmngPpLjduXuv3Lp9V5rcYjlz+VK59MK1cuHS5TqZMEBF56fsIZWPTOSvzU//jUX1qy332UWUo0A/jfqkDauOat8o5fTplfLCC1fjq2Rvfu2N8jXRC1evqD7r9XqEezg82+VeMVSg6v+V+EPJtTt9jDPtn316o2xvrKvspSQuzhc+xcs44HEh2rsolAP1V/rZnpQASlq1G2NNTOJw7sKCOEokMxbYHE1Qn2IXN/q8TBDxIdoJoUlH0felYAc0btJ+UHoBCxnuCmcciU9/Sw54ISMbAxDKzy4Jd3IA91lM2zMO+aexLtAtDowhj8PulYbzXR8G5SoMeYmb+0soa3Y3z042XDqTsMbAret7ZIFxCGUxXLhvPHyYN7BT7jyjz9QxXzVe+VB3HW/LZAK1L09AFy7DcQHpTQIijKZb67j6DeMO7CwEOn/ATj/P2S3zG/LC7MJJPCSMDb6o/yov4Y3MD2S/DLs7vOvb7nWMGw3HPG37HnPXAF2akonwRAm+UcE1L6bqL6I/yox+SQQh4nTAPceb/ct/8XtScPWgTBOOcg2zCxArNhw6YVyBOUyES+5G9pfUuMSgEau6rrEaw7BD+yi6gukydRg1zlAO8+saigBLVUeYVnBNw/RG0x24h/hdRXZOwzQOx+lzB863/ZAjwnYyDCpNfyFbNyAPwsf/Fdk9Kj+Vjd1BDqdhtNqT2zjgPyibLmiszDUIkA3ubGRnil2Sd995N3ZNFufqQDw7uxirYYY0K7gQChpy0hHgCy/I7Q7llOc5KcpgMMl0eduUchi73LjpOWSM8FYwq1v9k+wMbqTT1Xfc7qA8RKeLsmfAo9y7pqUBJXZyFFaMJYsUZim4syiborj/VgFD1lRnls/16zyyS1w7Xf3K2qYUWfoaCs/6xprC8JLebNngYxGr95UGSv6W0pWs83PKwUFcF8R5UeLevHGj3Ll9q9y+dbvclyJ779adcvfOnfLg7v3y4P6Dcn91tdxdXStzSyvl7PkLUm6vlAuXr0ThsoLXCBHyIU+UXZcPTJ7Ho/oh+7OMaFtdOVGvoLYrdvUW4mUwrvniqjHo6tWrg084s7Ah7HM8LBhNDGwm+QwUXI1Rst1Xn7h761Z5oL5ySortshTcLS0E5+lTtPeu7/rjDOzqo1TWX9A0tnRjTlZQ4c+vNyiefNERQsGlHUBxdEF+cRxBikjcltDxCAo+M1J0MWs/Ct7C3IKUW8lGG+IoDOMeJn2WL0cuL6/EQnsHBSH1U7dHt8kWh/2acJ0cxjDsYfdKk9uvyzVTHh8dH3ebmQyHN/AL3UwIH3h2C55qVlv8H3418KCuNZKC2CzqkOUC2B9Gwc0grYlwvXdpO/02/wOrzGqvDj7K4vCZDzTKY7RcmX/rcbehDEaOl92zHbTPGfhlAlkGaFTBHSLHAdQpIE7mWX8FGIbF36bdnRY0+xd/8rt/VxsAEeSp+iGOA/jqIj1Vs3PvnIcNqHPPiivPQxP+CMEziVT3TDXs0H0UNUODHdyEGtbxW56jvMlp5FMyWHbLD7pyGzwD84kcyNoFCfcczrB7nx+KSwZyRLhOEXPFkV7waOTLHMO/c3fluoKB/fPzoyq46iOazPkZHuVtO34+40L6X//qV3GLQnxM4RS7sYsiKZyRv0iO2FH+TPZWDuKnOHkiN+7z7FDy3PlXZXSYf+UunutuLNxq3jk6wPED4AkH1PZc88rLbqGcK54buqJGfUIMk96NiWeYK1zYO/m2+ZxuKK0o7dWNdDnGgNkuYEgAeyisSnv1Hpf2Iw8LhJ2YmDlqIIk1Ye6UTz/5uNy/f6+sS6FdfXC/3Pz88/Lpxx+Xjz76bbnx0cflw3c/KJ998mm5c/NWuXfnbnwFjTOjq/cexGeGN7e2y9qmFh4rZ8rS2bPl7IVL5fyly5GHbZVRbcWR9ZALcSkPzIHMvah+jv+sgjLqK6dok6pfiPO9fAqYXxV4dhuhTUbbe46HBL3fwGaSj/oRNsYF7pdef/CgbIjuSMnd1PjEPdUcDVBLJ3TUYfRfFFXqRgquxwzco7/rmXGI0SB+Epc9wqufcnaeWxXiJ1MlrJE3/CMMdmLBp4uPbPQcfmFiAR3tCFHkQRtBwUWRxZ8zv3jwOeG9HY5lzWmcPVPmF5fiLHCNWJHbY9suSb8FM8AIjqngwmESsiy2Ww5M0s9hbGYyHG/g1s2RIQITEbKzVYsZQbtyptxxTjwHirl5jcFR/ZP2MJBHsD3y1qU1CYhB2Ezh3sQbPpun6FRtX07HYeCBO+YwXs1LDlf/rwoycNog8zL67Nm0PcfNBJy+w/BrZh8ch3A17mhezI+jfA4LMm9gdyMU3BqIR3lGg4d5I1wXb9AAOn8X4tAcJgYibgAG2M1r2CByRRDc9lFUAeLcZAeHqebQPkq5Q0n+CEfaVUFicHFYkMvHbkAhRleQHXJcw26tOzhcPlU+8x5AiQSPrlObVw6W3XOlg+wHbI+zTtgb/z7g77pxwpwxIw8xcO/tlOWlxXL39s3y9m9+E4M+P4FURXJRZt0ljZ/zpRRHPMWJleQs35Nm55XL88VXSgDEzkW8Wdx9+GBxcaEsKQ3CUlYxCYgW5bbAC1/s2oovA0/snASPTrlVfJ+BZfeVvMSaP/LT7eBGxkxq2+LH2Tp2byW47HNlX/yZdFBIORKgBCIPLr+QPZRehZGdehi0aThHeij3B/HRABRaXhya06SrWosznOzczqiM2NXl2MSu0uKb9Lw5f+vm5+W2FN27sseLcJwDVE64/H1evPkCWqzMZeeu4R3R0tlzZfmMFNyLVcElf9SdW2+IRFyZyIrp/PSj+qmkw3zWMegXgicXwLET7PjhHosftQ3cGGue41Ggcu1stT2aunYpBYAz1PSx1burMdas3btXbt/6TOODFnfqgzFuRXjFUJR6Xr7yze2fcPR5FrLxkpn6NX0yFtKqT+rUiihjCgo2Y3jdAWYsFg9If7Vl1J43u1A/V874UQf5UQU3FkSMjxp/WGCzs8zRheWV03Fun56PtJa17bO0S+D22GKg6Bkx3w8x5HfYvfqNptdiGC7zyvKMxnd4h0X+Wj7D9O1P+YaJm/5XzcFYDyKZwaKL65YSY1uUSZdGk/82LZffWKRx36bBc+vWwt5Od5h2bQ/VH9NyWO4ajvktxurwqcTcF+1JvHgmPhuTzLexgdSFC0S7q8j5buXOfq0dymMe6Atjt1ym/Fpq1PKq9hw/0OX3kFzRJys5Tg7T8pn98z/+nVBw6wQnFzHGrInj7kqrTCzsSBi52Z1CreFHUZ3MBxpmHnIcDPMdRQ2fFVwwDOv49XlIlhe70uvStmLptKFaKTWsMbDLHQl4xMyFmwn3/NzisFN1cL27HF1PKLh2C55hq8hpVNm7SAk5DOZJKLgRjbNAKgl2Iz+/8Ul5/733QmjeZp6d5RgAA7mcFAoFN16u09P+3m4M4uxUoJwqhYHsEPLReIOXEvICBDde0JjpFF3cIY67ALiHnCke/E3xMokmDRaQnOVSiDrWoejKHaUWYveNFz5QOOekXM/NKy9yrz8z7pV54nWTU6Sf2i52lPORuujsxEVB5qU8PoyxubUR55gZpFfXHpQF2SnPlaUlTWRS4uEttvQ/7IuSaUUT4Nnls+X08lI5s7xSzmrSO61Jb0EyLs0vxosoJMs5vUUpt8vnzoWCe/HiZck4V3ekugEOkZE70pDcmM5HP6ofMj5HV3Zdv6wLs1qumG4T2PEDtBXavJ+f42FAv3X7oz2aVPbdjT8cbVpfXSv37t6LOZLbCG7f/CxM2jj9g0nS/RJ2tR8Mx8NYzIqi/iD1margavGq5/iZNEJG9Kp4yYadcDGW60Eho79FOrSHyj6U43onN8FYDGuxH2NOHas46sAYRzwWSLwotHL6TFlcXhYfXhoazgcGdlOL7Mb4OoJOkTCGYQ+7V7/D/DMcfxh+FIz3YSZ/27MbGIyhHSjX6HMEoVw7BRezxmK2qfG8g+u+ONADuj7bwmnl9HuhdB2m8h2GPzKuQF2TVkshe+JneWUb4VtfoBqm3c+r+se43uXf8DsYwGGBw2Q3kJ9tx/R418Iy4Y/Js3mHaUVHqH7Vbt4OO5ynany71xdwR/NpM7sbgw89GH3P2W0aex/snwXJcXImjsK4tNr45tlH9u9D5t+mleM4D+Pk6UOO00d9MuE+LSaFPQ6fceCWDSZpOg6TNgodl9PHTQBdoycdwnDmEPc6oNeru4DrgPBchbMlZY8wuM3Nz8TbxPzEy3k0+JCG+ROO78Zvbm+U9c21srG1Lrft4MvkgEym3LmRKQiFGiVfE+HMrJTshcX46Y/dkTlNIKeUpoQIOjXTKcZS0P2Cg/ka8HdZQCgxuCE3srqjY+LGvbwo/Lw5zcDM2/vLSnNFirUixI4sSvC+yk4RyrLydH5lpVw8e7ZcOHOunNdEd3ZxuSxLqV1gYhSXBU2APPPZ39NSfOdR2JFN1c3VScgBPcejgzp2+wbUtYl2QJslDCCc4TbwHI8GSjSPYnX/dAjqZUZ9hmMC9NsLly+Vc5culz0pDFt73d2zW9tldX2jrPG1MPqG6oXzrti5GszjTLzspYkWXnE/rpSDUJzo6+q3vACMf3y9bGdP4eGzW7ZFNrflVqn2wR2Fy9eS4YbMpOmxwmMHZrVzd66vPRydH9o21ge7j/M/DuBxFBnZntHmIWOSH5jk35feOBky4GmaBi3P48SPjRVRH0b5MlZAuGU6DOKNI3Ac+TIcH2RehttrpknA33NyS9kd2AR9bi2cdpYl0suejxNO0Mj2SYK3cLyW33FxVJpH8c5yHAeWu6WMLFvrNw3aOA/DYxw8eVupQ4ndWEeJ1SAdP/VV/8EksVPPpmKH3CkwcUd5hfDDnQEdvryYw24q6QAUB+4IRYHEzfyDJx1fkw0KLmXnzgIiHD8zKlzshuDOLjErac4IsyPMZCXiJ0J2YDiHa4oXRcSj7uIMJ5+cL9wIAyG3lVyXO3bLg5vlx87XzM5KeT0nxRWF9LSU2dMLS/F1M8yzvCwmOs1NEQobd6vuK8+aIHc3pfRvsyu8W/xltUWUcyGOMiAX+enOJ5Omai78n+PhQN25/ULUK26DXwpkB1ZOHA47dfAcJ4X+dkw5DxaZKvcl9avT5y+of8+Hgru9KyVXi+X1zY24u3pDdsawbfUjL6KjvtzvNbYwvhyo+8YiV+NMvNTKWCM7flG3KLOMR4oXzxo72vqvCrJ47TM2DMeH+EWp21nFhbD8UhljiyiuKJTspDYO5tVikMYY/ycBj319sN+kMMakPPT5Zbc+f9LM6U8jw0nhYdN6lHo8yTTthplpGrisJ1GL7J7TadPMskCDWxTk1VBl6p9u+AMM4EHq3FZ2nDjE7lROwP5xHkQKBYoQ7PnpnfiQJwWgoCP8QB0gqnI0kEdEPIfxlj5uOW3OMg15yU08sBLecY0a7vAKo/ONQY5Bh0Gq9Xeaw/BDt0zIUE2jiw/J3WUhzpV/l8coc/xS1L60gN0jfkeD525iIC/AfkfBZ4FVgIWzo2urq3GDwu72bvn5T/+53Lt3t5w5fbqc0uDNGdz5uWX5r8T1NuzKcp0YxxSWO6UVYpJY0nNVClFOI6VBfZNZzu6SHvXCfZTzC5qodrakvB3ERMYRBSaoOPogZZU2tqVn3j7mJz/KD8WCollgd3NZMiqeBIjpInZvVKf/F3t/2mxJkqRnYh5332KPXGrrqkajegGmuxoNYNhsDgQDtoAUioyMEDNcvpBf+Evqv1HmAwlSKEMQBAkCvVRX7pkRGcvdl+D7qNp7XI9dP+feiMzqqow6b4ReMzdTU1Mzt0Xdjrk5xHmWrP5wziUnQJAefZgoo93Ce3Scx3NJl/n7mPfA7Z+yYZTzYll8HEJluJBefLiBSevuvXsK34mJ9eXh4fDixYthU3wPHz6Kn2HY68feYQxdjgvb0ATIKQysyG6in+K4F9QD1RY/PUqdl8dHw5oM492De8Nr1enevQfD4yfvq1xsh8j+ge70I/wYwdxX9i725ZlHthP1gnB/W0HbpL6i7lRfXBv4CXM9mg/Cn/1nhW8C9rrSFD2OGbRLVnPZw882hc8+Zd+t7oX60vvvPx4OT46Gv/nrv1a/1BikcYCHPs6yZY8re933FIYUxh3uU44lGne4dzH2Sb76HC+58BBMHz3n3ouXnJVTGKZbm9sKyz7mvbq0B9IyF3GNXMZFtiWtaVxg7IuVf411pNlgjDs90Th3HuEsAHCW95P331eelHJE3wb7NnbtutWb26NUDfRyYjDpAA/j6yxtI8J7qv0E1+n1fxJOB3+9rn4eJiI/hSERsSlZegfPuJrPPcl8M2Rqa57d2j8dVhF5qzzcX2LNV/u2/fAAh1X7xvUb5aI9hRzLzwcifuGjpJQgVjz0nziT7RzXCVTz6tsCVP1sKQTwVX1ShzGswjLg6VHT4jLXokv/Sybguu7BNQi3/jlXk0/mVfMMeZKVcsbyA7vIId5ozftXg5pRjxpXC7EIi2T1BezRh1tO734XcJt6+lXDnQBdaLgx+EajxDAd480DqGOIxkeYqcJhNHKMQ1zS9LLoMLxQRTydCIrVlMYLuOYN9tmb7OIhhp8Sn8uQfCnj/Fh687MhUteYYGRcbsvQrqdWQIC/JuCyoIP1tS5cA3ShXqgj+NHjwYMHsYeYPn746nh4+vTpcCwDlxXcRzJCcb/++kWsJEl6HG12daGJU5MxG/g217dk8EJ6MBDx4Qc+AMGHIFjhic4f1ZSTS/pXWOFdQz9tjZOyxwt42PN6KeKBdu/e/eG97384nMpQZHtAvDiGEcrDKrwaCRhbPA5BpJ+NA83Ipd/HONYe+Ge8kofLGEOf55p4jxN31O9Z/cVPmASIh/GsrQArDelsEODytUWMGsBYkBjL+jawvlOIcr4FXEdvm34Rlsnry3BT/pXf/kX1cFuQfkqPRbhN/fR69tc3YaoebpNvxVS+fd6LZDq85x/75XJM6W/0Mo1F4eDaHtybAL/T9O4UrLCVrv4qq2JRuNP1MO9UmilUXeyaft3odejL9qZl7UG6RWnJ2/HmWcybg7q3FzBok94Nucog3AO9w/Pli3k+EF+iaQYacpCNocgetEEDfgz0V3pSPD0ZDl++EL0azvipvnWerd2dMFg5L/fZ8+fDV5wRe/hqOOVnek0mZ0wgrKIqGya22Iu7sRWrJpvbW2GAomuUB3008d2R7CTrnk/NRi0fqAY2Ri8rzHwS9vnzl/JfyJjeHe49eDgc3H8wHOzfE99dpeGzvext3hgODu4Njx49Ge7deyBDdrcZtrvxCVdWdEw7YVSnvpzP6adfTaehk3UkjIeCLNEKK3yXMW/cMlzMSNe0dYxVDNB4OXRd/UDjwYMnj4ef/PSnetjdHk5k5HpPLsbuayWMcYYHXslJ0p8A40p7YBTRx2dGqkDaJI1Xuo6xSmMMa32v19KwhWZjCr+kSLfY16sxxeMlFOlEfm/B4x8vqM6+NvotYSzfm6Gm8/jybQL5fR41nz4e3KSH+WvaXkaF+So/mNKjJ2NZ+CL08gN3aM16yOElShEPPctoQ82ST9GbeHQzEX8TaHPW2e2yXlf09wZM3QunpW3fBMuscqouU/KBdewRvXQq4ib0aWoGvYKGw2uc0zmt3YpF8irvlJwpfy9nSu5vGqx/LU91waI66lFl1fQ3wfwe4DHcMFDZx0a7j9MHFO5vXQPrZOMPw692GFMFA7oHevwmrkmLH4RsJSU94Uws6MIxTbgY3uyz40WO11KHl0IwYg/u3h12ZXjyRjJGIlsSkOUXSWISQjZ5yKANo5aOpclwuBLXVf7kCJy39a1lc7kJY8JCH9w9XhR7+Hj44Hs/GN7/4HvDzt6+dOSFPJVLE+J7Tz4Y3nvvg+HRwydh+G5t7YTxywcnqFuJbPWZPwPlqrG01eCHDtYNHpdlhRV+W5BjUDNE+ZyuHhiv1K/uPXw0/M4/+L3hyfc+iIdYxgJeKGMbAOMDe3Pdh2s/NmJMUP9D7myMaDTG5wKBr90HDY8LTLtz/bSMmYRfnnm/vPRi+5UMcoB+3xTId96GdbcOb4Ka9m3S93Ddg15mr3v1T+Vf+e2vYVOo/FO69PrU9tKDsErGFG/IbSeBTMVPhU1hkZ6mm1B5p8io+ZhqfM9PHXnuXoYqDyDDdQz1qPnU/IzZCm5lvC2m0lgxMOXvO3yPZXpUeYb5a7qavvffdP2bBOtnckeCKlwvU/XTo8rz9SL0vCDz4Dv5eYA9K5MMwt4mEBPAnXzZhmsT+2996+fl8Tev4SMuGzOdYVw5AcQdH70KI5Mvoh3wQtbutvzr8VLV8avD4YsvvggDlwns/sMHw3sffDg8ef/D4e79+7HHdXd/L2iLs3XFw0+PqtWZIe3y5p4oXUsu+/hi363KS7k8ybkt+74Y1AcnS0Cum0ePHg0//PHvDD/8nR8N2wcHsYp0pInsmJVlzq3d3R8+lNG7dyCjdntXky778TQoXEofnr81tyEr9WsDIT+T6pE9fv6Uf6a7qivq3BUuEO56XGGFdwKvx/Zt0Neij8plbz+/5mgUGTbkZyz4ye/+A/l3hzX1fQxd4jgVIVZv1XHch2Z9qfXt+T5OvqaxrzEukH81gvNlMn6NYpyYHyvggd9pNHpGGh7WzecVYX64urjM02J+04DOroNvCso81vMou6Ly9HE9v3kXkXmA0/U8fTwgzPeo5wNTYcDXNdxycTOc8R3ZLFjwUOPreVlTQIYJkKbSbVF5F/n7vED1gxp/m/zdbwzSQNQ1VGF55vF1RbTIqYhFmBK0LH0tIOivp+SBPtxpalpgvp4f9Neg5+/pNxFTOva69vWyCFOyKhbF5fX8kxQGFy9HsTpJ/gzkdYAHljXVQA3SumHbJQ2u5XHtgZ98jw8Ph2fPng3Pnz/PPatKx2omP+NjwLLdgD1vkSM/V/JToa5ZqUWG9TIBXPa7speVVZRwdX11lmEYutaxTkwQfvJ3OeFBl/syrCFOgOCa7RBHx6exfYJtExzg/ujJe8MDPshw/6FUZoLe0GSr2hbxYgqruHzhjXDkYsBCYK7OdK2SzYVFeCsf/hVW+K5Cw0sg+vSEcQuyjWf/ZE+9V2p5GGRceP/734tfapBF3EZs99nJxO0F0dmYcDmOd/GJXhmajEHQBWODrokD7nMe+9zverI8EPxr3refW7LgYXwzT5yGojDK823036pLBbJvK7+mdbo3Sb8MvWy79vd6A8ebp4fLu4h6TMX3eTjO99PXfbwJEFevR9SFnLzvlWf0j/ksIqOGWcc3+QXA5QDVb1jfPq7mS1ztE7dBL/cm/Wt+UI+5XKcYFsG81YV6BSv6OKcxCJ8KM3/vVjhdJWMqbhH9psE63Ua3qXrp8TZlnNKBBkujY7WUwZ5GTP6EuzHDT6MkHmJiAPAtItKSzo3afoxoVosvTs+C+FoRnwgmHLBFAgPy4cOHsfcVWejGKiouL5RJWp6IoAkOQxcynP/FJROY8mDlREbuxfnpcMU5u+es4iodhq/K5LogjQ1ctjxg5KILL4w9efIkCL1Ic/jqeHhOGSSHVdr9u/eGR++9Pzx5/4NhT/4z9gbGipImZ8VvY9hu8LU2TcSb28M6WxWYlFm1ZX/G2tjfYlhkv1bR67aDygorvCuYTYQyaONXGh461c8hVmp39nbjJVO2BLEf17/o0F/owzO0/faWB7FVgIdpE4Yo45rHqexzjIOdoSzQFxknxJWGOr++yKB2H0UOMhkjT89yTAVXr3m/Ice3Of2+RaD3beHygJruTWQsQ60zMCW3xt8WltvLX4Tb8FV5U7yLwm/CIllvCucP0Uahm9Df00X32HGVxzo6T8Jp3ybzLUMvE1ie5U9hUXz2rjIxjiADEb0xeuS3g1CcyblgmeIjUHV6wr5d+kQaNmlIswqGa2MnVsbEM0mtCr7FqphE3wi8zzSqTIMueJPyXgf3GgNt/Okj6XreNR/yz6+U5dOYDVqN+hG/tS7ji4Gd39Ia3KmYHC5kIPLGcIuJv3H0jmQkcU2oGqoMQAZ40rFqyqB/cngUBi4rxsTtHewPj997MnzwwQexp3VTkxn3lX23HKnDz/YYkUxo27v7YRyST3a2IV7EYrrh/Fg+lsBLWEwfrNi+Zt/uxXkj6cC5s5poKCsvtJ2fneTqLpNeGzTi9AXVyf7B3WFza1sS78iYZmIVIo4jgTaHc+WzK2OWl1529w4iTRiv21txLi9HlbElgZ9WeSGFifnivJ3IIOM6DV72DueeXB8bA/iJlTbCUWK+l5RzROk/s4bssBK3wgq/gYgxUIiWygs3bRypsDHK2OUHT/pC9A2lvFASjuU7UV/iwXFnZ2/gKD7GBY7hM0hfKc7BvsqP15zroReKDzDEGCBSGv7aJQ1jAy6YjZmMDGXcoxzw8VCNgcvYRl93WuTxwMtqcx5buAyuj0Uuo6vG/bbXs2Kmj3A9doTvwRSc/pvA9TUFxmjiZ+3Aq/htLIuzhAmLcMLagpknbyG/Qplz4BSc/7ybaXzfxvDRBdVvEBZ13mGet/7ahnz090OSded6LMcyZLqmn8qOny1u83kuhnUx+mtjKqzPI+fbsXziaASu69PnNSuHXGgqz2VY/5d//sc/j4S6IC0/kXKR58GKovJH4jxbkP518TdqT6OEoxNuCGqF8Hm0lxhXhNFKI1PlHayEokdO2iaYONuQPsm5hiq+PPxVHDfcJNTKdUX4bX35IgzCgIh9UcGua8LRT0RQBiu9/l9FWxMP2YlSagJZHrh8Ix3ew3nXslEnvvlxLim6aGCjajivLs78jcS6lp8iZ9qUVVHD3Bhqg8CNMISHnOBUmOsnrze4j4qLfBQS90MJ4pO4hMvhPFc+HcsnMT/55S+Hs6Nj6cfP6tTHRuwdxcjkLElWU/f2ZWTKMGNC4vvw29v5chSDzJXyZn/uHel2zvE9Gui3NKBT/uPD4yD2vm5v7mgy2h0ePHo8bMtdx8DTgB8GtQqDwcceW/bWXSksWoqMShTmXnNvmdDOZbQyIXH+62uMVAzH05PhSpPL5fHJcCHiwwmSPmxJf/TIr7DlxxRYOY7tCrpPcX6lyrG2QRvAIF0fXrx6ORzcvT/s7O7FSQ4npzKM2XKgeuSLRo/ef3/Y2tmJo8sg2lQcVRT1sD7s7O/FRHoqI5qVWs79jXfIuDcq7wV5UzbVNxQDF9/mVUPlmpWpnf27w51NGfTsOT64NxzcexB1xteakMS5nufi25Uex0eHukd7MaFShrEtdKDdiKLZrLDCrwmMIdG7YxijPWab1GXEMuZc6EGUX204S5a4s5OzYRcjVv9evXg1fP3sxfD/+nf/7+H89Hz4ne9/P36VOdU4s6eH5ONXr0ImYwqJr+TyCP+asV3+q9MzGVbENxYGS9lVrMaiVKwY62GYM7vh4XzpDRFp+FT3/p5GFrFqAIp8XrO4pMvc888efz5qs63xY3c4VN98pfHog+99OHz/hz+SmbQm2RIqMDcwNq0zf+g6ZCnf+JDEzHjLvsx1/GqlPDZivlH6mK8Z2Tk7lfw51SHLxQQgKTGtchnzSEyAyo+KD5ZxfgqenGIzHfXTwPwRZ3Rj3GsM5hcyeNCFMS/z0ehIWaRTmPTk0YiqQjifmKWOws5QhpSbBRVKEFqgbCjMzaCMOSZDseVL4uJBRHVkeyDOSZY3P7+Mq/ykowTEPcq5k/lR6aQLc1SWWOWPekTnNvcrWX6GF0OYtIjJMjg//DwCxV/ylLyox5AVJVUbIZwmpQcu5izNYXGPVf93VD4WOdIOanUgHubmK829l5pf/AsCClHfCghl8K+rbvgYE/2AclB3XKMadRdzfKtHq0xeXGc9c85v1hXtBcpbjfysE8plcJ31Z+KUER4K+dVDF2r71Blpo/2zWEZ9Kc0Uol1ZMVG0X9JL5ew/HMkZnOFm+56hCLU1B70FbFRVpHGFTwXtniBrhwi+cj2CgiDg7XQCKTt1kxbzroKnKKtypL8P9PXnJ1dco6+jeu30Vc4svnW6Gc3APbnesObkiuo1dyLEKB86JNenmjRYgWCwvpAxBqntRWPfkpHKCiT8DBq52oLByaCTg7taeaySMEERz8/+9w7uzvayxmCgQQ5icIlPZmoAu5BeJ2wtUIfNwYM88OeqTryJrOvQjX21uBdnuVrb6Eq0ziCovI9fvhiORCcyaGNPnCYn5PA0ziC/tb0x7O3KgNREhLHOl4vQmeGDMy1PZUBCTBqswHBawr4MX9rbpcpJM4ymSAdt5YlJUtcOo0Iob5SzESvB62vbIj5ysTFshKFL7Stef2MVQ6COaS9TbWG+X4cS6V1hhd9wzFpxzCFJV20+mfWpAtp9kHrHnTts9dHDth4A1/UA+LWM3a++ejYbZxgvYpsRhpHSxJakGCt4ENYYpTGEh8548NRT5/oGBo6NHOWlPss4Fn1PAfFBFj2U8unsGLfUIfk0+eW5Hqj5VSiIsYrJOvcNA67JizjCEc64IsEx3tJbPQ7bpT6yj3sMz+s8djGvIfQbeRKZLl3XX1+XjCWzeaiFzfK+AVGexlvzehvEfNNoBBotoxFZjpZ4gR2S9YZ+JV4ZXpG4Q18H18vleOpgPr/r6HXu3arbPBw+EmmSDxXRkzmSkF7n/tpwOO4inpswr9Mog3nUcqdk13Sg8laainOfiv4THB0stGIq7Cb0ach0EaycsYz3JljWm8pYlP+byvkmWFbPN5WJOKd/m/tVsSgfGg1AvnnwOz8P1Bh9DPzwX8jgYxIBTCAceYUBypYFvs1+cnIWxOrjiSaSo/iKj57G+Alxj20G+8MmL4LIkI2f5jVxmMLQYwKQLuSDIZs6iphAZMReaFJJOh0uJfuCbQwi/El6qlT++NmWwIpxPtXL6FaxNvSHp2lNUbG3ln2wZ6cXw6uXR7M9vhjO6BAvuXEE2e5OrMZyJNlOC2M1G/T1FpOf6gri1wTqjTqcGbWKNzmsUqRvsmbymt/5VHeFFb6roOeYvAgBqkFGH/KHGEz0CXmGje2tOCqQceX54cvh7z75VO5hPCSzPx9euifjCCeoXOmBfdC4tHb+eljXeLXdjFaT+x+riT6jm3EC45bPZvNrFF8z9IpjTL5NN8C46AUB4PGVMAj5jKUuB/D4ES5GWmeoAfOC6l+EnmdRevI0VZgHt+evqPGVr6LmUdPD7+upuEXyplDlVLfCMi3XPFP5EDclo8qv/ilYbp8fsB6VFoXTHr2yCZBDuzJZlyp/0XXPfxNNoeqFa0ylM68JVD5oSiejlhOaNHCBhdsF1X8TrKDTWJEaBqqSlWrcN0EvE9h/2zBQ/X8f6OuooterXtf6rTJuiyqvuiYajcPciMinGlUYsRzRAzFAV5zKmDw5ljErAzHkv07jNLYR3EmDbYcPIdx7MDx89CR+XudlEFZIGfBZwYwJTDOb91Y5f+fFBMPDIrph1J6eHg8nR9Cr4fT4RHkfh5F7wX5a6cNHI9hXy8trUiR+xtvWpMIncpmw+FmIvbe4TGrkx4QUXy3K5ekoK/uCMWK3NXni3rt3L05PYIKCnz12UeYG621CfwhD15MniBfjWFkudW2qkyWy8fe0wgrvItyTcDFuGZmqqUffUAdQf9I0J4q+tamHbz1w8mUzxpHPnn45fPb558Mh/V+CztXf6auXvDPAQ/blVRi2mxK8KQNVUub6VmwV0HgDMe7QB/Fj2G6qD0Ps7Y3PbKu/MhZA9G/AQzm/EOXe3nHvLdfEMZZCoPblHDPHsdr63IQ+XUUvY8q/LD2oMqZ4HW+eisrbp638DgOLZN0GOX9kfRvhb6vhc7JpYNAEnL7KqSC8Uo+azyy/hj4Nbaiij4Msr8qiXdGucfMIzgidc3N1H2Sd+BeG/IV1vgyLCPTXAL2i/zWdiKs6Vd6qvwk4TXWdzv7Ud5R7zcCtAnv3TWA5TuvMK3rlzFOv3xTL0lSZ1e3TTPGBnu9XgVpnFdap6lX1sb+v94rKf1v0aXx/cBmQGYSBOxZxuHWFA8DPiu3R0clwImORvTwbfKFrZ1cG7V7sWeXIrLuaePjK18PHj+Ic222+Ec9+IiYM8UpgXNMV+RY8XybDTz5MBIpSJaiRsx+N/V4iTkI4OzmKM3SvZPCaLmVw4r5WOSC2LbC/WMoGncsQPnr1YjgUXUoGsi81C/LC2oGM10ePnwxPHr83PJC+vDC2scW5m5qM2OtEHbV6ii0XyuuYFeKuPjHwY3ps98wDAavc7B1TbUcde0WH9EHl9jqMvHzf7QLnaXeFFb6rsJ0xoxZeEX2jPfh50ocwchlHdCED9+6wf//+cKix6KPPPh8+f/pU/mM6ThDHCrJ/c1N9c0N9dENDwp22/WmK6Fv+MEzuj21GrRSMX2YJb8pGX5XmEH4TsCz6OpM0v/xA7s+RSoYIP/HmftIxLTw3UUWfzqjXfXjNr/oNzwNgKt6yTVNwukoAfvt7LJNXkfLwVNMHuyTr1avhltfL7fOoOva69XE9gV62r3s+4LjKY7D9Bd17flhz/yuyaKsYrbkl0OV22SG2Edhv3vk0HaivVmfAOju99XHZ3D4I7/sPcHpQ+U2Or2QQb1mmawbuIjiDt0WvjFGV6eltcZMMh9f4Kf4pvr8PTNVzr2tF1dP3qdLbAFlVrv0AP4OvVx5oVORDY2QwrkfawMfK5eHhYfycz0/48eayaFfGK8dhsTE+90azwrGtCliPF9XYz8uZsUcYoayKSLYy0uSxIWMzjciLZvyhA/lbN14ciRMQdM2kwx7aC8niBbI7imd/XWwOVjqIa14iODk6ipfn+Awwq778VMkLKhw/xokN9x7cDyN8b38/Tjrg+DEM19j/K3lbvOgmPdALct2wakPZp+6H69cU943JWC7XyHDHrX6qLHhYqepAfO/av8IKvw2IfgSpP9IneXCMMULdhW1Pd+/fizNyn758Pnz19bNYzeXzvRohcpxhf78MXWQwppyfa6xRf6fPQxcKq/2y718OJw3p8TNeMh76SDB40MuLAYwZAPnEecuTQQ6EVzLQ8yb06WqaPr2va3ifvgI+U8VUfr1bYf6+Ts1b5VVMyZoH5k6aPJZRaR51FTcXaXoeXy+Wkbgpfsxnvk4qf42v8lxH5q1+UNOBkd/Gqo1T13Vep4Fqg5i4NHr7vbM9ZZr5+croy9Dzguo3P322T2s4rMZVWmjgWqDpTbAobVWshxWyfwpvqgew3EUyQY1bxHuTjG8LLuNUvfX5T+nkOn+bugJTMo0abgO3GpdQrKLKJZ7BGhfkquT6cLB/TwbjXqzeMnDwMxEru7wchs3JXjg+m3mIYcu+XCYHGagc78MbxPFC1ebWsLGdq6Wk4WUutjycn6nzySBlqwEnMvDWMrYfbzLzlq4yC1qTTprmNI1dDeu65uyM/G63Op3SsD8XGdQhk8uBJkPKFdsilIpvzPNzJvligB+zT0+peYkuDHtWj9ZzvzCTJBSfBw2jPwdZfh2D2pChusWYzYmU+gxITn4VLic/qN4D32fXPQTM4XvJEUceSFZY4V0Aq6KxMtqB9l7j+j4ShuSd3CrgLxlywsDL46Phl59+Mnz67Mvhy5dfD89PjoYTjQWcdYDBG9sXMGx5oObhlfFN6dg+RP91f/a2CLIn/lQywhjWwy/X9EHGTBu40Tej/+eDOXLxw8cWiu3dnTjPF7mEG/hNwOW03+OMKY20HB+m4PRVTkUN7/Ou6NP2PFPy67X5F6VblGcvcxlyMaUHYyPGVa5sWuYo13U5j6ov1OvS62u+RahpwXXeUc+keXk5m+Sca1mpEz7anx6czHNH5fTKb7s2mWeOWl5BU2FBuXLr+cbhqbdEN50IqzzGfJrkh+r8Bhxe/b52eujaHTPTt42q9DKYx/y3SVPxpvw34duW9ybgXtw2/1+Vnovk0hBtxJoHfXnh6ujoaPbiVRi1BwfD48ePh/fffz8Gdj7OAGGUIoOf6DEgWa3Y3N5tqxn5wYS9/YMwMjEQw/hTk8Xo8z428kQHG9v4cSF01NAeL4ihR3QSTSikCeNWfw34wA7Gs+TCSxr87LX9/PPPh//0n/7T8IuPPh6+evo0JjZeIrv3MPcK33/wILZUnLKS2+rEeaI39cERYnW11fWGC/UdPvSEmnHMhNzHueN7nyErUgA+hiAm3RVWeFewyLAlrJog9A36d/SR1lcgxoJN+iUjAGOY+gi/xJxqUv7i2dPh488/Gz776svh6eGL4dXZyXCs8HMJn5HGDehC/jADlGHYS/Tr1rf94HqusQaDFYP4TAYuxqxXhD1+mryyG+NA67Pwec8uIM79324P0iwCcYvSLUIv76b0lX+RruZZpitpTD2mwm6Lt0mLnst0vQnLyvI2qPIq1Tij6o1/GW/1A8dXugnL06SRW9Hz4U7OgY0cZkzFV6z/q7/4059HpC4QakZPnD7fNiZRhbOPo8bjB3HGnBS7vsrUPAKhnAmYmY37JZBhY4Iz8yzb8sPfBivSVJnA+eE6DfJMgHSZNn/GNhn2Ody65bmCIzGQgl7HSjW9eRfBPAb6IsOwTAAvP837usZVnikyOHsQzMJK9sk7ukC1n57A6zjT9tnTr4bdne3hb/7qr4df/M3fDA9l3NF2Gah5ZqK87K3lRSsoXpJQvgzix0cn8RYzZ68ycMfROvqH/vBxfi7pOSOWdsJeXVWlxOeaKwgD9gwjcjanoHQ6se2A+ySpcofLi8gbIYQx2cVZw/DIHy+CKK84U1HXrAjzpbGsJb4LzyrtSejBRPj+974/HNx/EHtwt7Z38jzedc65vTOwH5hrFSAUYwJEPX4ixWDfVBxnPjLhoS7n8joPzofmbErKz9mElAM9pVS0udcX1F9+kjgmVMmOv9KL+uCsz9Oz8+GV6nddDwbr1C8/b7Kd4uDusMYKtPLC+KZtsqp9ESvc2Ya2ZDwTJ+80Wvii6BVW+PtB61OFEvL5Qp3rKrY4nUbQth5aMXY5rosx4Ksvv4wPx/Cy6TMZtWxHInx9M2YZPaTqIVzGLQaqOq466rqM2tfD2esLPXRvqd9vitjvrwdK9SU+zsL52rj0Ic7i5aMMjLWs4LJ6y0uyyN1QHhex/YD+vzHscNrKzo7CN6Q/89tlnKVLn2T19v7Dh7GCu6YxZlvjDUYyBWUM8BheXT4a4zPn50lzK+eNU3+69iom4khNmP5I51z9Uw2GG2OP5HIGayLzgjednO9QgfGfcOcZcyPjtiL9PgL2ROTV4HmSEKczBSQ35gPdB+or5hjx+8Eg8246Cb3f18hIfbL8+hMyI0x+9EAe9w44nfWw/kgwrGeQhnz7jepHHul93u0sruVjUMbQhXYT80TqO/IjY5SrgCBvw4l7IOQ8T1zyIpO2xYcuuLeuv74O4QPk4bohDj7mXLbgRaMQnCaBXmO5ciU3CT18/9zuUp/Uo8qxLibD12fq06QhLfohE9nEuTzoYLpmeVnBij4zw2E1booPLJIBFsU5bFE6Y0rnbxM1/5t0mcKiNG8abnybOrwpaEBhiGowZwKhkbkj0NBYhWXl1Z3NKxPw02ExeInjmniMS1ZoSUt8GK+N1wQfH2agUcPXEzLQaUd0d/8g8mDSQA/CYyVYesWJBromv92D/Vm+5Pfy8NXw7PmLmIyYRF6rScW2AsnBmH343nvD+x98GFsjOCaMrRR8ZELd2j/WxCDY17NXYwiHRxU1uzav689hMQS1zo9u1OGJjNuoR7ZgqE6ID36lJ23tA1X2Ciu8S5ga6QljzjUZPLzZIPGDXBi6CvWxXrwIRrj74FfPvh6ePn8+fA3J8H2uceHFydFwJOP0VIbpi+PD+Nz21y9eDC9evRqOTvTwq74WxqrGCoxRtjK8OjocDk9PIg30Wobd9sFevItAn3ae9FOPce7D0X9bQennszGw69PmfzNcm/LfCm87vkTZ3jCt07xtnoswJY+w2dha6NvA29yvRXosk2W+qXSgxi9y7QfOi+0MU+GG4wifipuU2fFNwfJMRpUHpmRNtvZFQnq/qUcN73nqda9QTbMIU4UwlsUZvexledW4qXSVjJ6vYhmfr3t3GeC5ie82cpbBeZgYnBnI+cmdl8YwLhncGaxx+ycq+HFBxG9pitFDMkZcGJPxlbDkCf6L/FxlHLAeq5ka2K8ulEAy5NJgWW0xMYExUW1JNrpgzJpSny2FY+hi8PJRhu0wTjkNgbN3Dzk27PxyWNvaliF7f3j4+Mnw6Ml7w71Hj4aDBw9itfbew4e6fhzE53/XxcsjO8YtJE3imq8d4TdFmNxL3QKMW+rEwBhm9QdQX0y97PHFH5Ntu2awtbELYeTGQ4Oe8LmuMn2PbFSDCLu5W6ywwncKbB009QhD137NCfQniF6WX4fSQ7HGBsYMG7kRr/D3338y3Lt3N9Ixvn3x1efDl0+/kMH6MrYqffHFF8OzZ89GQ5X+1folYV989ZX4n4YRHNuVNG6RjmPIjmUMY/wiOz69u5mrdfRnj5PxENxAvyWeOMZE/AH2SRZ43rM7D0bMb8eoBTUPjzfGdP7zuClNL7+iv34bMK5qoG5XRWbbe5r7R8sCQouPI8VmR1qOhL6VHH4TKk/vtyzjmsxy/8dw9M15FqB/EqvAhPcrvwnLrlThNFWneR50GfXJjznMt89etmVV2YB4+3sQ7j6KC+D3fbK8Kou4NWdqmMHuMpDWBPo0vWwwFQZ6WcvSuiC30XEKveyap8lY5O9R09k/xT8V7mvH1esKyrsorg/HnQp7W1gegy2rogz+DOgYlW54GJTVoEVfwuHBKGbFlDjaJ2F0PPbrPn/+XAbz4WwQv7xi/6wHmdaAg/hMcA72HvSdxmWz0Ufe6IVLPMRLHvHCBz/foMSGdNveGfbu3RuevPf+8OEPvj/s7d8d9mXo3uXztvsHw9be/rCxsxufvr1kMpTLNhrGO+WaxuO6ZInIL8JFtW3Cg06xMtz0BPbDC3HtukQeruuV+uIlNpedSZGyRNklg1UkfKGT/FDGrLDCbx/cp6AYByB+kWl9aUfGJR9jYD8uBi+G7876ZhwbuKn+uqexal/9HgP65dfPh1/+4u+Gv/qP/3HY1XhBGoxaTlx5zorvl18Nn3/62fDJJ58MZzJi6ZOAfhoPpOqnbEviAzaxyqvxk35NH2W8ok/7l64YB5S/xwGPCzGuyfyt5arorycxdzTW26PmhW4VHnuqnpDDPVZDPRaFLeJ/W6T+aawC6hUQTj0v0/FNUesAqjIX+UHltz7MOA7v4fTmr+S4mj9uJfOZDNLQFoPusMVgNKKBdXG6ql+VB5GHv2Zmvp7XqP7KS59AF2CZ5o1+3smca/GOsGvAaDJqWB9e4evKW3mqMjUcVH7H9bpxbXoT9HLtGvW69/dpanwP85sqloVNxRk1vPL1bsVU2BRqPVp2JQZj8OLFixiQGaxJ44aXjThfjvBKKjy5mroxrLHPbUNGp55Cc71CA8prJgBWJjU5nJ/lZyr5jC7n2Mr/GiP2QkYvXyUTXYqH69eshkinWEWJPT/5Ux7gG96bG9KN/bEyTPlkLt/5Zn8t+2Q56J2V2sdP3h/2D+5Jp01NRFfD0xcvh5fHJ8PxOS+GKA2rsMjQBMhZCfE2s8JYuY19wbpmX7QptimILx/4x7atbhh1E9/yjgGDCU6GqcJUYbNOC+APKD17dzlxgtVn6pI4T4p+mOgHJ1MFk2Z9wW2FFb6LoFW7f5l6RFvHo37FHv+YnBuxz5Y9rmwz2gwjV2Hi31IcXynb1sPrztrGcKA+d3dre3h8cHf48YffG/749/9w+Oc/+yfDPY441LiyRre9fB1GMtui3nv8ZPjBB98b9tVPHyjNvgxkfoGijzI2VsOWPusXbU95UGdckMbs00VHxk9c+DfV5zHMKRNjy4g0FuCtY/YIxpM6vc9N9W+NmlcdY6zHVJhBXDVIQM8zBfid9pvCR34ByzVQo43UMZeMcdyT8WGjpjFcDsdP8Rg1vvLVcNcJZa515nCffgDmZcGbcwLtzPPDHHjQaRQnAzXiR1L7Kw+r3kHKO3VhjkXmKJe8iXM9GMzvnuNrGSC3dcPxwPJwIafxQx/o493Hq8z1//p/+rPZS2a4GCFx3Yg5ERdkWHhnmPGKMfiVQQ2niCgA+Msn5OKKHlswkxOalOuQoesWnsgCWa5R07ig5ht5F+Tb9AZcz1D9Arfb8bO0jYxZeeX2ccDXjqvxN/mrnqCmr/yGdZnFyan88Q93Fmb5ljXyUu+8IMGRW3/1n//z8PXTZ7HvlUPNd/iUrsCXxjDEeMkM1w0ybaurYXsnv8rDC1NgVwN/ruaqQdNx1C7IKvXQfYtGTGPWH3lon5SI+xtGs+SDTJPliTiFuw0gO0g8W9IrXgST/0ITEGfY8tMhx5KxXQGedU1u65RLevHyx/r2lvr5Wrx0guHMaik6RLnaBFrzqeCBNcqmckB0d+qEFaPknW8jvPgVHZfy8iKcwmIskwud6iGA3C8ZjQhTXBi8nNEpo5cjyzY1ufKC2ZrqdlvG+/69ezFRRhXKwAb0Q/KWEqpHVrbys8pNjeto4YuiV1jh7wdqs0JthxFC/yNQRP+8OMtfd2LlNgefeMmT+C+/+Gx49eL5cPjy5fDFZ58Op0eHwy4P5LJ0Wb29v3swvP/o0fCjD78//MOf/O7wX/zhPxr+2Z/+2fDP/smfDf/VX/z58LM//pPh9//hT4cf8MKp+hlfQ/zqiy+GTz/+eNja1FjRxgD6FOMgYxzjBA/qfDDmAqNWfRY+Horz4T9/rdnZ0ZjJQoD03r97d3jy/vtxWgtHBTJO2kAjhxw3cuzxGHRH40oiy2zkSEJ/dx9v/Bi+ISfrzy8ht1qdbQFZi8oN1hzPWhlTh1EPwh0WOkk+/HDX8a4HIU4X/I30ZxYOUsaIWbkXxBuO12iNSExYhUVQczPdbFxVeRgj19byhT/XX75sl7zON2S3lckcQ5vgwPycMPoSZnWaGa/ug+cMQDnj87tcKC/4ktf5E5H5E87Rmk5rHaErtUHg9D2Zz7B/ll489dpwetpxlYeuIy/1Sfucv8dVDv5Z2gnASbmY85w26ybbgdNZxry11ABjzdToM7WQPtyYCq9hNY9eTp+2xjvdIj1vQi+7xzI9wG3CluWxjBe/aQqLwoHjbpLxJqiyLI+VB7YnMCBDNDZc4mPVQQMxRKMD7qhumBiy2K8bm+vDpgze7T3eJGa1d0sGpB6yRJoPZi+CaEhKA1mdhSfrO0rPubUbMTajkzq1DDdWTJjUIPa9sQcuVklOx5fcOFvy9Pxy+PrFq+Hps+fDy1dHMgxZ1ZUeO3t55JcmNz7mgDHM6QOQlJXOevhTOWcdSkr6fElWiM9YeWZAk65oFZrJj1FL3VB+dKDNUl+4rhcQdchKAfvECtzOyZN6lWcmC7IMyPcJPYDv2QorvAuIvlX6V9+66UnE5yJU9hv3nSBNwJyGEudT05fV1Xhg3xBt6YIV2p98//vD/+Rnfzb863/5r4a//J/9i+Fnf/BHw4f3HgxbEn5+eDxsqY/+4P0Phz/7458N/4t/9ZfDv/lv/tvhf/dv/vvhf//f/W+G7733PsewDC++fh7vEWC8Mva8ev4itnUxHrFViby9mEQfxeXa4wK6surLC7O8IGveSsDuQngl7lvETXm6PAZ+j0Meo0Avpw/3Na793yaqfKPPB10gt59FupgPTMmwuyh9H+40oMbV8PC3vcMV8PZzAnBaX1fX5OsK0pkWYVzVHfMBVTZU43qZ5ul1r8Q9cBqHGYT7Ppmv7cEdnzpqhrEMvgAWXDMA/XUFtgjHRNxZ0OGm0i6TZ6Bz1Xs5uAmuuHxaA4vKYam4EAPnG4Fls+KGPVbcZeVbFLdI12W4DQ+G2ohsrPwYTwfCqCSMDyNcnPHp29OYFOJzskSpQV0yszSQH0QjjfS6PwzeDPJsFWD7AKuhLBhwzWcx9/c55YAV3dzWgDHnDyXkKsdGGHT+2SWOrGOK42n3UuEyavnAw+nJ8XByfDQcHb4aXh2+HA6PNLGcHsc+N05K4M1oPiyxtb87PHj8ZHj84YfDk/ffGx49eZx7bJVfbEWIMqhMaq95fmaurMTESCdS7hD3FuM6vl0vdYJUB0EqN91oVv+zFdTsgO7EgGtPckzEWPmsQF3J4L+SPrh3tjCyc9Ki3qleKHQNKSMIm92R2ufmBkRS1esVVvhNBu24nz/Ga3wxz9BtdcXWInUsRag/qyPOJj6NW/g3xKgeNWzJ3VIf+e//2//18K9ltP7sj/84jNVdXlLVA+e23P2d/eHJwyfD3f17w/Yme3EVtnswfPj+94bf/4d/MPzJn/zp8Jd/+a+HH/3wx/GhGLZxvfj66+GrL74cXr74WsOUHvCVz6bGGBuubJHg6KY76sxraxx9hLoqgDyMexwVtrnFMWHs+6/lxl+v3wSL03le8jhmMO957psbPTyuCdTrNcwZYOnWND0mZTQsS3dbsDWOdmBY5myFumSRujB30ZI0R+n69dzYuRi9ri5XX7qb6oL4m8o9Fe90fRzb6xLpMr9V3p6/3g/rUzHGp/Ff+QNt3omtDy0tPNf4GqxDpbgHcqKflLSVx+E1Hqz/13/+x7FFQVwaEFhr4gYqgetBgtMQJKNU0NY18GTPnSMjDyAjBdsMChGj+JErwwADB3+aCgw8Y/rgtxwNULGMFwUKh1jx88SLshgLKoEMCIwlzhglnOvY9yj+WOJHbmukGPBr4iGcxgttMLA0f2ZJ2VhTIx3pQ1mpnP902whWnhg+a/HTmBWkfOwPJX+yRGU0JZpw9M06wEBLivxgRGgD9WqjThqIh7/oln5fQ3F2qvh9fY1aHShV5hMNU+FKxoMH50fmigYrsue62dx7zs9T27g6G/a3N4enn382fPrxL4fXGIkyUikHWxP29vIYLvaNohOgjrPOdX90s7c0WHN/TL53r1XDrKSywsrsFHVDm0AXTS6xj1cGL6u8kJQZjmS4np0cDZvi2d7gnvGp3VfD6fGr4fj4ZRi8W5vrmoT2NFFsDxvb28P23XvDjoijv3Y0yWxwIoLu+ZXyjXoI41F5i6ItSjt+1sGoZ98vnYxVZPKH8rxaTU7Slsnq8py9wdxLrM+8t3ktEn/orrBLGeQSoDrIFRtuAAY7MrmMvEUMqDFGsKi7IflyDo8OZcSf6D5p4tVkST68nc1g9fTFq2GNcmoS3tjZG9a39+Knzs2dXRn5p7ov5EkdSweVI1bJmWSVaa6GL0LeJ+7UCiv8usC4Fa2Qjqn2GuOYaD2sL8ZzOjEvw+b4yk/MYhIHvzLdGc70EHr48nD4/ONPhl2NP//X//P/oLRXwx/93u8P/6f/4/9h+ODJk+H+gcYGPWgzNkUOGs/Y1sSWpSvMYRnH/OLDViYNGOSqvNWPxfe+jOIf/fh3hseS81JjEceNbe9uDY8fP5RRuzfs7d5TWo1FzDPqzxq2pCNn5w4aqzaGrZ2t4Vxj7d2H94cf/PjHcZrLoIfdO/GAv6Uy8WDNHLUe/T9/4ZIQih/lz3rgfwTxR/WRqRhTIiDGt5jHZ+ONxk9RzB9CGHzR1XNczHcLmIcuVAdKS/pC+hvxJMoXg0fiLNSc4zSfkJ94UAMiT64lIvSJsZBc5aYtwDykZCJ+dg/+GKuyDLN5ccZ/3YWMsd20POIyCkh01Ce+IIWjW1BrV6GL/rnc1CfbT8gixmvpQjoTIB/bDyDm60YZVigc/lBW5GbrQoeYU4hBFekJ8cIzpeA+uj7AHRZDEJPahh++CNLFFQan/kmbnPOCoZ3DLjn8ypr3FX6iJE/6wB8BjaKPxD2GpGvYDYpBN/lzSwI655xOGwZRJ812jHpobYS6CftDOo1tQ/aH0sAb9ztC85aNOio/yeNuhZ66ZrvOeIpCM/pm1zNkuFFvHOive1yPo4KuY0rmMrkgKmbC7dP34QGXN4z6bBSgpjXxUYB0zXe9rma8LS83BWAXOaAPf1PUfIHz7sPfDJ02kkUIxYn2v6YJQjX1/Ounw6effCTjcdzLg/FJF86f0dJgM42DTNaN2rAaKR1RnUh+KJ4imaBkyfFC1Zo6Aau4sZrZ9kBFpxMzP/GRJz/f3ZXhlicznA9Pnz4dfvnRL+LNZuJ523l/fzf4WJGNFWC2QEhufJxBYWv83C8D2KulnFVJa9BQEeQ6jY9CNOLnxji+TITh6q0RsT3ijAcC3YNCjIuAemDwXATy6RH1RuWro8cKrohJdlsGO3VEHXr7BU1TzwdjOpEfMiZbmhWb9W+7K6zwG4y2IjRC44v7WDpj0waxmEI/oH1fDefqL4whfPTh5Og4jgv7b/6X/6vhf/tv/rvow/zCkpN19ofZZ7LV3+hzuQI2Uqz/MkZhSIv36ORCY8zu8MPf+fHwT/7JPx1++tOfxhjExMyDP5Mz25lOT8/1IM6JCxd6OOfIMo1Br9lGdaY8JVVjVfySxNjHhB4rYO7Pdpdjaky5CTFuNBfyGAjClW7LMMc7hzRCjevxb4c3kZnVp3tbikBb8S/Ktd0UqSOJIepkQR3clH9ZOL4R5EMLtE5hozSbpYI8a76km6KIiwU9fq9Io9N9yaurbvMVVbZ5+jyjH7R8HD6fbmxHDrdOoMZVnnAxbuOSGRn7K3UGlgEfetHHanowcsdA0ApcmOyvYVOo8cv4a3gtJKjpFpErshLor81f4WvH1fgatozMi7FDg52Kn8KyuEVwWUAtG7hNnm+DXiaG2ewpSzg+Oh0++eSz6CQYjTQsXibDhc+A3+nSxfDN/brxFCZ+E/lZPryxqtkIw5MBCT7S8WR4IeMaw87GHc2Y/bIc7bW7fzfOs717/8Gws3cvjvfip734eU/5h5Er4i1qXuaAeEuZfCEM6XzkGQ1dX0PnnOTAub2amCoRRhwpePodU2tgJ2sRXxJy3bqeoagDFdLPT9RFJetGvXCQ/M7eXrhx9JAMerZeuC571PTQCiv8NoFRxa2e8RpDcleG49OvvuBJe/jXf/k/H/7ZP/0zjWGbw4MHD7J/8nAak3YatjwU88ANsWLmDs0KEae0YASzMsWvhqSnn73//ofDz/7kT4c/+7M/G37wgx8ET/yCojge9vPEl1wkYCzKsZSjxS5DDr+GcXY3/dd9e6p/ayRplPCY0sMj2BScxunIs0eNq2QsSuN0i9DLfRuQ7qZ8DOdR83La28iY0pF0pm8K5PcEkM39dx5TeRE2lRbY73mgxlm22xfXPTnvep1hzMmZL3IdPyXH8o2qo+Odj91KwGnIyyAO2wC7oMoAweULC+rJ6P312lgU5vA+vhZwivqCuoBO11+Dyg8c14eDel3jF1HFVPyUPgbxb4oqD3I+oLo1/JuiyurzxuUjD3n8147CeFs4DV1Q71cPh1cCyKTBYsC5gTrcBOCPl6w0bZ1yDuwZP5flqua9B4+GD773o+HBk/dk4D6In+Y1O2kS2oyV2jtMTuxl0wQXKzLNeI6OIvnxVG4iPxGGdezFleuVC+vXl2NROKjl62Geyg9cbtI5rV1WhCD4beTjdz0Bp3dY9a+wwruEXJlbjmDRRLyzpbHq7HS4ODkZPvzgveEv/st/Hr/2fPHZZxoOxn4W7Oov7nMO5xcV3PDL2M0wuc0Q3taDNvts2ePPg/bv/fQPhj/8o38cL68eH3PObY5hccIMvyKFHPLDOEhjlodX9uhuM76yuia7lDh+sWklif5exwy7xqLwfgyofNCyMcLxJmC35mNZJlDTgD6uusvgNGBK5m0wlc+bpM17lnm7HKZvA5Zt6uF8pvLr0/bp+7iq+5Q8UOP7ec5wn6ioeTud04Jej8pTeSvB6/q3S7gNXC+emX+2RaG6ldzx8ueReQsd9NegjzfM2/ODGtdTLextMcVvedX/phQrty39nBzyExn4Yj8pbuO5Dab43Ah8M5fRNwV5AMuq+dJ4+PoXXwFzWzCPG1uuTPDl9nHFwLpB7giWy08mQQpjEgEZx+TRthaI4s3nrc2QimG6vbc33Lt/fzi4ez/20Z5fXg1HJ6fi40iv9eESGUw4+/eGvbsPh52D+/ECGz8x0pR1t8JFHnqxcssHIGzohg7SSZ7Ij3BPbvnEep1gzztP25NkZqZ2nTwpl/2+I6UOpuROov1wqgLEz59BgidIXPTmxAjaO7IN3xvg8Bq/wgrvMlitVZeb+1mY6ys9DB69+Hr4yQ9/MPzOhx8Ox68O4yWz3/nhj+KDDhs8EKufVWJrQYwb4mOfLURftH9tQyQXvt3du+qXO/Hwza9duzsHwz/43Z8Ov/u7vzfcfXA/tkewDWF9g5fNcjtXTMwae+J4MD2U7+0eDPt7dyWX/YwaAxgkhBin2rw2RRkXI4cKywiX40+ORaUiGhxWZaCPyZiLR3ShWO1uxHYth3n7luMI18g5k2fXfvJjbL0JMz06HYFlLUOfpuK26RflfZv0N8Fyaj6eL6dgfuftND2m5BpVxlR6wkfX7SmJNmeQzryWY1mEw0tbd5qeBxBnchpcE4CfOqn1Yt5KIFqUE1YhwNeVKup1Hz/FD2p4LRggvC/QMnKaeo3M/tr5LJIN7Jp/EVX0cqCejzCj+m+LmjdU8wK9/1cB5PoJ6fPPP1c9DrOfxlMnDdZbDMbz96/CYbVhQgDX4TZovWIC4ceYy9XblBVpdA1dabLhxz6M2tdMPhtsQeDFsv34GtnG9u7ACwpH7ad862I/hmVcN7kVXFMSXOaZ2NYgfTDAE1mW+CCD4mo4yIdDJDBB6rorew/rZgLmpy4ALnuPWeUhT+4LK7mUx19Lq+lXWOG3GWFcNdrQOPZAD8ePefFSXZD9rxdnJ+p4l7Gn3/0y+o/c6HOzB9v8gM06J62wj1/jjizc2QM6xi4ff9lh3NnZHU7Zl39xNdy792D48e/+g+GP/vAfR19l3ORXF+RpeIitRuTHC7i7Sru/fze2ITGWkD77cS4osMBCP58i93e7YJHfIKzSbdGnq9THA49hRo0Dffxt4XRV1jKYv+ZlXW4j45umvwm+jxB5uN2ZnMdUflPXPTm8wrKrv4b1IHxKLujTQxW0f2wJp6nlA1NtutaJQTrm4ZyLMy3x11Zw6ThJDa/VkfhZpAmrrv2g+iumwp3W1KOPf1OqMoypa8NxDuuvb0JNF1U7kX52wxphREFvgto4aiMAzs951ry/CWpjqZQG7pUM3C81yG/JoMJYfD3whS3iaWh8jQxYV4iGaPJ1xLHRfWLPN5NHfn1MdSZjjW+5B13y1r/qW5MKCwOnZzLqOMz9MsN29w6Guw9541gT0PbesKWJYn1rZ7hQHqdKEF8lU67R+Mvqgl8eo9RB8lufKYqTH5QfKRCBTnSjeGNTE1zsy4uJj/28yk/FIh6XHGblnxHXY5h/LSEvw3EBJtuN9Tg+aO/uwbC5sz2csSp1ksegka52cBOwu8IK31W0XvBG8GrjmsYTXhTeUP84OzocLvVQ+Pj+g3g5lNVbtirQqeskSX9dV3+OX5EYW8K4ZYzSg7TGPIiH1nxwVT9XR2fr1t7evWFzg5fLkLExvPfke8Mf/MEfDo8fP47FAPII3dSv8XNUIn1792B/2Du4G5/lZh5OPskWsTiLXqlb0nid/d6off2mfu943LmxpoC4Gc1ms5H4UhWkCo7r6pqmjh113ovy7WF+0Kepcb8q3FQ33xS+nwb5ef6EwE35VF3sn6IK1+UiMqwDmJI5pslFIJPtzGjrrX8BeJFp1+Wfkg0Z5q9EWE0PJrcoGFNhoOfp498EKNVjkcw+zNe9C/D72nnUMKO/vi2crsrEJa++TG+bxxRqfr8KLLsfNEz237J6CGhU/FQOSMcqosG1G53J14blVnI4ebHKgdHmFY98oSxlM+Fg3PHCGEYtn9S9ep1HjZ0rPfNFGLasokjs1u7ecP/+Q8lO49ErOsCnDagrXutcvrabZWA1BTnomi6dOI+sozMjjw6dLvHpZoa1Tmp9AOc7BXjJ3yva3Adc6sp15LSL3BVWeBcQP4UX8OvKaBYkogcWPvo7hu0v/uqvWEqKIwSffvn5sLezO/zkd348fPzxx7MJGIq+vdYm0rZ3P/xB9PXSd9tL2vwKxNM5p79sb7SX0hS+u7U7PHr0ZPjwww/j076WhauRJR7iecl0W3ycSkM4+RMGPFbQj039WAW9LW6XNmvYvDVfk2F/Davo+UE/Fv6qMJXPIj17+D7YX3FbGcvgeoGcV6UezrN3QQ2rZOCvcms+DjP6uBrfy57is0u/ot0ChwH7q6wq0/C1ZUP0I4f1adb/5Z//SZyDG+evakLmU2vR8fTUCWVHZnJOy1isAXf0MaMxHDhcKs1lyJmwBuEeTJCd8lPQmD5hxW2MON7hENdVJ+ticPxKxmd6MHM1HE6lqatrcY4uYSpTDTcB6gtdQOiVCRAkhwGLgXOsE/5WGTmwKT5ixjinqWQQD2p4zwNCjlhjYJytVGa47ma4xHEu6pYMp+PjozCgjk+OZMhuDZ99+pkmhGfDxTln5fJT/YbkjE9M6L61JcNrbydekEAeYRjBHP9FXqGSlCAOIzVfVstVW1Y5bTxzlI6Y2oqoJgElZBLIldL1eKGDumbPWhz9RXrdO144yxVUJj3uZRqcrH5w0gGfy5TCoYjb3GsZwV7VjTMKUWCmrO6pwjhWaEuGdLxJTb53cqsC5aKOcClPHHNGG9KkFvXb9s+ZXy0ndBFD8POyGOlpT3mGM/oC0lFP3BfKkffr+cvnw/7Bfty/cxm1CHv+4sXw8sXLYUdG/PNXr+IzvRj066rbfRn1dx88iNUnfgrNtov8lKcmHXly5uByZDzpV1jh1wVGqrRaGR/oTTleZ+tkDFobXr58OZxpjGI19fzsUsalxpn1O8PLL78Y/uP/+P8c7mos4xPja5evh30Zt5sScXx0POxt78TQoA48bHJWLf0a0pwY/VD9nnGKX21mc5YMUPqzx7IwbuMTi8x1rGqip4KZPzX+bEuXjz/5pfI71Fi3Fz/Zrkv+gwcP42H9+z/6cZzPvb69G2Nb9H0Rq8CbHBumMYL+y/gJxeqoyp3noELklX0057oc1+EhPpThb0tf5zvSEeb0BtdZXn4DS1lO6/TwUB9VnmF5uFmm1IFrKHXJdNSHwyHPFSDdFo6vuBD5V177Z/EigiQyjmwknlxJx70KW0RlVC3O0jcR4Sc32gdyxiMYLZ+6TYTcqHt4Mm98IaOkM+CNuURtCH4QHy6SPn7Csf3lbFK3sYzyhEOayE/9IOWNYaGT5qU+bbRj5WOeRNbBdbT2FvyZDjbm38wvF3S4jxAyCGcePOdDSOIlH98ryo1Leeu9j7Kij/iJx8+9oR9QQ+Yzr/mZS2sbvN4aG2BeBBe88tjfu1MgzgQs701Q04NlOhn9dY8+3jJx30bHHnSscJXPTboYt+WrWJRmUb41rNZjz0sj8qdv3WmA6wcijIbqFVevLMJPervAHRvXfvO7wSLTnT8MSblQdAx1Yv3J1RvxMfCoS0Q6huJA+3mMMEjdOwYnpZ5RhImsv/5kWsHpku6Ecc9LdsnXuk9zvbXHRq2N3J7PID9Qyw8cPubbOrFKt6EHCL5jTz0RRl3EWb9KzzYF78FdYYV3Ff3qbQVR9KMgGTEbjBMKPNSD39Mvv4qJVAPFsAaJV6NGXHtvK33P/a/2w3TT2CDcY5L7LB+DcZ8UY5JwR2PBFeMFW6nU/x8+fBy/JGG3HB4eBQ8y2PLA3tvdnT2Nc/mrGH1Zo2zkj9w8ezzlLoLHi/QzzuZY+03HBNfLMjmuryksS2ede55F8pblY5gHt9JUXo6rmNLnV42q2xS9CWoal83XbyrLWJbO+Zl6oANzFDAPbbry9vcAmNd81e/7ZgKVH5qfcYX8yXW+QhLXWGcw35Q7L2O+sh1XFTQcv4jeBMv4p+KqPlUv+/3ztn/irrA8qrBVY2BK7xrWu6CGQTF4Fkzx9rgpvLqQy+hrg7wvNMByigJnNaJKvGG8VlYvRaQnHfzRgDXAYxBi2AK+4LPJ5COiwcfPcJJl/pMzGcUXaQQjK34a3OQLP9ux73RbxtzW9m4YepYRT/9hPCb5k5ZRnpi8ZO5qcsLla2fVqA0in0ZxEga/MrBSwiSoKoj7LD9EHbCvLvsIeTPBsXeIMiS5D5lnvM46jWClo/thlKdhriDqQ/pAGLMmJjppE3WCkc9Xy+LkBMVxzao3Z/nyGeQL6Rf1LplG1INcyr3CCu8SxlaeoK17HAL46Q/Pn309fPbpp/lrzRW/ZKhHqV+tXY1jEC7pgrLTK4wHedKINCbErzwK31RfzQ806MFUYwrh+RXDfJj3eEH41flF5Ivce/fuDU+ePAm9WCjAmGW/LeMIZ3jvs69+ayvKNfZjkXTwokJQmL7lekaEZThIV4W7JZxuGXJMHcfGm8i8o44jUUYT167/HlPhU3wVjnfaKf4al/NR6jWFqfQ3wfJMzstxdu03HDYVN4XKtyzN2KamyzMVZ3kzYm91QR9fEYs9mpuRV+u3v+/ExYNeVz8mX9d2QhqT0znevNesVkdCFWPG80nMV9OZppAyrle0qaa131SVh8zTo8Yby64rv/Xr4XA66jJYFtTLIuyy5VPhvCuqnEVk2D8VBnp/z+8wiMYC6v0BGE58fUfBAo0xDczaKCE3NlyvuFom4aw2eo8ZAzarHgz0uORhvpDN0WAtD+TwsyEvcCCXMF7qihc8pKe0DZdh32VhoOfYsqSznNhUpLkVoFbGWVmZxGbp5+PIw+V0GQHx1Fc1Lp0GwAvQTUrP6ghe6oAVa9L6IcDpiTfFdeTPm9WZT9SBZPnIMOrRcpz/lB4rrPBdxdT42wfRJ+gf9AUe6i5Oz4YXMnCfPfsqHmDDQGt9uMJhUJWZfVF9TuPJ2dlJ9C8MYL6Cxud1+ax58GHM8nAugxYKA1fpLi/OBramkS/d8fGj92IVl21L8elyPheuPPf3D9SXd9WvN5WfxovWj3O8QI+bDVX4KznsTdDz13qJT7YX+VO8FY43r8deX1finhmW08vrw3EX8YI+znmBGmeq+gC73xRVZkXNp/dXWoSeb1k5PY9Mxd0E0tIHnK6CsIxP+aCXSxtmvqq6mADhns9qWutq2Xadj/ntVrmQrANN0uWnUyeuq04VNXNjTHOdKpzWcSgACJ+SC8wHOV2lHjWs55u6rujjQeWt4QYDbh10pWWQ4XJh2PayenlT8gmr5a9YJMNhU/5FZB679qM/eWM8HR4ezsKyQeV+YQZiJhOopqXBQlxLRBCbAmhvrIKyEoxcDDx43Akw1ja3x72tuadWnWN9fGLjGjivEbQpJrFcsWXlQ7OM/suVnlGPhbhGf9exCfje4aorBCJv6cHLJzycQpyfey75EEYslA+uSlf4ALIsl3yoA87M9NYMg7ksqJSPdKSJCZa98ppg0ZRVbh4a4PV2EPwQk2qsJrX0K6zwrmDuQbUDJyO4L3CkIftyYyW19acYhzT90Vejn6hv0LfjvOvWTwjnZIDLq1yZvbrQg6gM3IuzU11faNzXQ6YkbShN/DIkuqM05H3BmKa844G5Gb64Z8cnw4MHj4bHj99TfhvDucZB3mdgPy7nejO2xNhB3mUcmo17i9C2Ynn8Ir3JqP5FMM8i3pQ9kjiDssrSX6ny9jJrXqY6RtmPOxVe4bAqy2TA04dbtuu3xpvnTWB5oJe1SJ7jqNup9IvgOPMtuja4dtuomNIXLC1Ha281fk52sysdx6+svQELPwRc/zW+l2u/yWHwQ7Y1Kl3rMY64DaqgSstQC2deK+g4UGXZXwvl8Aqn78OXoee1fFMfdhMW8d0UXuPsr3FQrTO7oPIYy/yLyPC17wn5sveWSQLYSCWcSQTjzCuwDoNs9NZ47+Gthhh5YMyyEkkjZbXWNGjyqICfPCAbptbX8UnNsGUQjpVb5RWrKZmvdcNv4tpyjNomQZ18nK7q4PSuO3dYk38+NC2SYbIs5FA3DAfwOwwe6sn7cGu9gl7OCiu8C+iN29etabutR3+SQUlfePmclzBfqP/kp3QdT1yMA3IB/asijr4S34z3kjGMT3KfyojVmHZ+ov6Wv5qQVzxIisIQPj0JV6Nne8hUH5cMHmbv3r03PHzwWP2VbQrnepjfGe4/fByGr/fxz4Nej/FzfXxYRFPjyW3Q83rMwIXeVJbdpDTggOVNoYb3fl9Xv8H1onL314blQB5Pp/i+CZbJrHFQXybD+llXYyo9ruvB/I6v9QOqrGWoaSt8TVyN7+Wie8zp6/nrLYDXBH9fPsKrvibC3Hc915EWcjoITBq4du2/Dcw/RRUo38fVQvUwT5/G7iL0fD0/1zWu95v6Cr4JlYcy1dW7m2TUOPudxuQwo/p73CauuibD94U6wDBljyd7bmmgbowG1w5HBgM/Rq2NWWQQxzWNkpWPrfbmJenUvINc31U2167DmJBaw4bgZw+rwWp6/AQpf8hpkw4rLvozS7+I1F3SiJVh3RPTTBrvlCmJrxLx0w2Tz/o6ueZkBNUvnOEC64xuEKCs1AF14XDHAeJdv1CsFLeOTRwPBhi4oMo3qn+FFd5VvG5jBH3CfYq+z4M5xEtn9AV1j+gn9Hc/iPNrpadDeOJ3GPoNK7DxUJzEQzInsZzLgD09PhlOjo+H05MjXafRi4TLcz3U65oV3BjZpEus4iqcYxbp5/fv349+S79mX+6jR49iS5ZyizATD8ToGv26nTPrlbOEx5tE6N76u91ETfNmoC6rC+ZlJ2p8D+vle7OMF9T4Zby9PPKIOaGMsZDRXwPSUte4NX6K701heaYqo5cPqi4GftMiWL7RXwOH9eFGH17zrOl6Psf18w7Iy5RDuWbbC+XP+JHf+fV5VnI4eblfcE0a5JrHuGbggp5phNlxRwp+BggR/pvTj8ovg3l63mXplsWB2cA1gZrPtL+W/81Q5YHqX4Q35QeL+DI848LfVgNm1w348zqftuNnN1YfNDifHh/F2ZGxdYCnsWac4hLGz+S4NF4aIMYfqx78xIeBx6cpMSAxFvnsLkRaVmlpqF59jI7CSkY8HaRuYagK/vADfGwN8PEm6LuGrugNSQarthi1EF0mjd2coCQgCL+JyaxuOek7HG4auNKz/ARK/sS504JMl+E2bnFn5Wt17nSuQ+A4wzzs2YNPRY7zfpkMFTBsbO0Ma6pL6nZqkPHkhpxwW3TdWrPCCt8FXPln0WjK6m9zxp77ThqHW+ob63cuh7PjV8P54athXQbiGv2VMUAuhi2UY4n6P2OI+0SMFSNhoN5Rn4u+Iz+/BGHknp0chntxdiTD9jjGy9dXeui9yG0M0kgyc0ylb54cHcc45C8Rhnv3/rC7vzecnOeXIfUnth3hJx36BcUn0nu0Maf8JByXnZu4vZE7ny5B2RljquxJvjbOgHmecRy1a3oTXOenXEn5C5mp05N7KbC15HVpR9mWBM1DFX0uOW6WNnIrWApuLzFh/aBrZVuT0UaQ7q1mzQzrEGXrMKVjzKlxB/MXi1nfKX3IsqoeDsuHwGlYf/tH4Pc8qHatItA3r9/DzPN6uNu00tDG2z2mL/Vz6ZTc9X/x5z/7OXrHZKwbLDV1wX9W3JShEoEQiLB2o+JMwHhbHaXwi9a5CcpIblrpZJpn+a1FS5J0GCQbPVIXKiavI78W5nBo7sw1ZLTwylfTTVGmtyxdxzIdichzrJg4Z01Jss5ygEmknxISpBwldSRkoRJvwNaKjhwQobpYV9gVA2XEJCy9IvJEpFzn75vvc+fyOqKEkYd6N695TIAXJeCPMvPPZZeLFM6wfXV0KLuJeA1oZyfDjoynT/7uF8PHf/fRsLuzP2zo/m6sKy/dL76pzrmPvGjB2ay7O1tyVUZVBvF8HYgzJ6+uToeXr14OewcHah9WCo3WYn+yqmU4V4OluFHk6NDqEOil68sLTVQysu/wlEY7VX3ykx8/GdLQEUX3Z+8bRiyTSrRh7jmTg9JCe9syqrl7tOVLGd7SmXSUaXOdb8FnublP/HTJsWAX4uWMWs6aXFO7gW9bZdrZ5g1oGfTkJCP+QhOUVJPubh30F4EBhHJpYNlUXd5R+eHLKqAtegLLn0QB6eK+0Inkuq/h58xBDpCnPxLOd/I5cujV4eHw//3P/3n4ye/9w2FrZ29Y39kZ9u/fj3Nx9+4dDOeqF2WiwnFv1CfJXbqmcb2R9UieE4i2Er4o0Qor/HrAYCpqQ3deqk0yLxDEGdlMxK9evFK/vhrOXn49/I//9n8YHu9uDXdO9IAOt8YM9sSSbpOxTMYkYxYrsDFPKP7i9ELGq67PxYeBywdkdM3TJSciXIn3Sv2d/rSGMaW+zRiA4avuNGxqnMGIOo1fenjQl1Etnrv39oanz54OO9KHvn2osfbJB+8PH37v+xrT1JcZ21SOKA19tM2f7v/r8e6BeBhSRJz1C2JmanxJjBkiyaNLM7euY13EvKf46P0mwiC2AIsn6jTjGGcYg+GJ+Yj8pEroiHzmm0ZkxFgZIxiZZsZBwU/69IS8FohvzIN/ClM1B6/nP+oFDuYBysw8mPN51qtC4Ir5Db/EhcwYK8mf+VkVxmJLNBpxoR5loY4o/6WCOeNYISGf+w4LK/9rWIxy0eeOeFmVdxniXY546GHchwfxpISDDJA7yobifqjOwlaAXYmQw7iMTO5hnKmv2BCnP8w/mafKSAUpJjUMbzAx11Gw+HQ8bSf4lZYFEcWlQZjjvBdgqEPmUSjtI+o17mLjy3ufYegZWUny2D4BPJyDL/bQzPWMG+VRE4l5TnTBopL4LR9Z8HBvkc18y7m5F2fc39extWFzK+eoeHihLkmvuDwBifsNpZ/6hyc160CGPWYFRfmIJmnS/Mto2QjGa/RIpR1eybC/ht0GNd0UOQ5MlcswzxTGuLGcPf+i9Mvk9qi8y+Tjr9eUi44CLUc2WtxIHw0wwywvGzGGk+63OnXccw0qGId0rEsN1tFJYlBpT4KCdWILAi5GE2Q+DKj9fT7rKxkRon/iu6CxtrRBPGVC7TryYnSg4ctlmwQ/86EPA8SejLgdNXxy4iB1VpuJOzkSnya5o1essMjwVHqOJ2M/3qEMbVajKQtlYuUXA52XRb7+6unw4sWLWGmxwUc+PtGBrQAYtrGK3QYo0/zDReu8rQ5ndakyRbWXOqt+8qTMdFTkYUzjEnYaA5D4GA7IU4MYL5qxessnPu89fiheXlxh5Whs7wymlk8LIX/rsMIK3yVgNMbqG0+4saLTQBgULTz7U7xoimF5fqIn31PePNPMqYdI+ljbcuDJFjpTHC59jZ4DhTHLRyNO041rpetJT7dh8F5dnCgLGcaEaWzhQZ/xVFN3XGPpsJVpe3MrVnDvPrg/7OoBVJZNjIsg59ce1mgCtR6WgDq5CeZZxOsxpcdtZAM0ndL2pvTEY5vHWDqjNrYGERecQSGPtiJ3TnYMfBmuuxpB6U8gC2DPOq3Txy+ADQ5bhLn4W94fYyyTSYZu8xuL/KDOLz3iNBC179huE/EsZObcxXzdy6pYFmekAap5RjLhh7gOO6DoY1mEoU/qlPaE05mov5DRKJl0D5tM0trt016r+RDYMCdQqHFT6Pn76yn0/Har31iU/xSvZdSwRVjEW697vztqTWd/JYMOY0zFG1NhRh/H9exGNiPrJkzLz0HYS/+WaeKneAxXmVzRCKMRa7ThuvKFJKWns7C/LH5O1zXpdfdiCwPXTDJBrCiSH0+mmoz46YiJILYWRFxHCt+WAbclrnUVA7rDY7eeTi/ZE3f4ajh8+Xw4l/HKc/GudMAA5qdKjGMMXQzT9Y1NSjucakJ6IWP3i6++HD766KPhb//2b6Mc1CO6Yszu7fNd+Z34KRHyNow8s1YqqZPR2ZyuB/fdFKD+K2G8i2LwlBsTqOqE+xQGLoa0jG/C2NMc9Sf4fvt+ohd7+eCHD/iewBfpWtoVVvhtAFuYMFq9rciGrMcwiGvHM8a5j7nvwEPYyZmPMmSlV+kK8bW0+KVHcbw0xotkhOUHYZjgk+h+ORbm+bx7MmwfPHgQLv2YvBbB/bwfv60n6OO47sNugtNMpSUvk/G28oFl+dpxcT17YBnDfV+WUcVMVkHlsUxQZTBemq/mPSUP1LTLeIDjF/EZ8HuMr/JNhv19uOE8HE85KhFPOPkw30zJAE5/k870J8u0PK77vCBAOGlMoPLgB/DRP5AxRS4P/JWuzcg1smIqDPQZ1TCjxt+GapoeVY8p/kVk9GWo8VP8vb+nReGQUf19hd/EPxVXw3BdJ240NyHTzg8eBo0k5WQYchn4j46OZ9fOC6IRQ/bXfbjADZPGGwehy1CNxqiweIpkRUXXisiyNL1YsSU8Xs4IA1dxol3OnYSLD0JIp4uT0/APMgzviBejl5z5yZKfITFqjw/zmKDnz58Pn3766fDFF1/ENTox0RwcHAwPHz4cHr/3JCYcDMW9g/34dKfL4k871vJ4YnTHuwleFYjyU+YoWxIyoIANXmSKol7k9QoCLRhdAHrEpKz7ha7be7vxQqD1wY2VdMlcYYXfFtDu6U/uoxB9xf2t9jnzEQ+x9UcdLPoYchy+iNhaFHTOtobT4VzES2bs02cM8q9PPLzC77wZLxl7WAzgmnDyq+SyVHDtcdhk9GnfFK6bXs6ivKp7GyzirXmBReVKTI1lIy8I/vglcPnKYZVLHGN95Znis9uj6gt6PuKrnIo+LdcQ+pimeBahz8fyahrzUD6j8kzJAFPhjqMdE8c1OhtuV8BxuPCSJvqR3BpvuwKQFh7g/E2WjZ+0lUYNGghchD4OgXa/LaoVcVssk+OCg0X6A6czbvKbv79mMIsBrcRVTIUZNU2f3n6XwfGVb9m9M8xb0wH780SA8akLYksAZ+DS2DCWoN6wHcPzkHKMLiYNAA9yuPZxXazYsucoV2dZvZX+MtJyh1n5SY94VnjlXxNfGLVHR8OldHrNdojzMxm18HMe5Xrs+cUYPHz5avjis8+Hzz75dPj66bN445ky7ezsDTt7+8Pu/sGwf/fecHD3/nD33oPh/sMHYdz6QxTUAfpiLELUAS6d7IzJsL085/YFf3ZG2u7i9ouROlutbeQzMiH/vOT68sRLHshnEPBkCHyfuAd+ccUGLgQvceZfYYV3GbR5gzZP33Ef8ukjhEPZR7gejU6n55cZtkLob6wE+6zr2K4QWxWUthErtV7B9bnW5yfqu6eSCz98DGWtCzJWoA95erwh3xw/5lHLk/qO13W87+MMh4/xHp+mibpIoxBjI8NyK8A4xt0m30WY12XEmOc82NoV90L81FfqtAgYNdSh9Cs/a8+XY5w/azsAxHlOw195el67RpVrMogz1fgpvv7aNIXKC3xtuSaADMrFHO12Rnn6/rAoP4dbXo8ab1mWB/CTFyCsr2Piajz3wQTMY1h+JXiA8wSTBm5lICFw+FT825JRr6tbeRbBfJXffle0UfU2zFvJ6P03UeUzqt/5m6fGVfThvrZrOS5fdW+DUb741emrfGTQ+HDzE7uvh6MjGXhHpwrnyzvjl8TcFuDnms5DOoxbVn0ZxIm3QWxgvMIXRq7yjC0JmkwkMa8VF5vdYxLApRPKFV1KLgYhBi3EwwSrtBiwsVL7/EXsu+WwdV56xOg7uHc3Vmg5iuf7P/zB8N4HH8Q1ceiOnjbieZkBoJ8pDPEG11UtuzsrLvHLCHn1IciruJTRgw1GLhQrPipbHBqvcFaROc0CfUlLftwLJkgmSoxbKOpeEzKy4OXFBfOvsMK7CnqmP30dpPZPnzpXH+DkFfoA/QGKPqfrSoQBp4MIp2+bJ06GCUJOulfNzb236nNnpzF4XHmzAADjxklEQVQmnZ/qYVzjEC+1xRgm1+MG/Mhj9ZY+DDxGOi/IsL+GAWQZfbqe9zYgTa2birrnFVSenncRpuQafVxftvglb4Yy103scbWsRTId7rIC4jyWG+YxOZ3j4DU/ruMWwekX8VV9QJUPavopquivLct6Qn35a14VNc78uD2/58DoD80g9bxDXoA0hDkc/l4H4ugPuFyTFpk9nLbKqFhq4NYENXwKU5n01z2m+O1Wv3FT/nanqKKX0/NV/j4tqGHx9m5JN4trRsxNcJoq05gKr/cG4sZDNo7eBDP5WFPtKReQB/LcSL2KSWOrxi3wS2Fcu8HiZ38uA4/1m4WTn65jKwKGrYjs1S3iZa/YwtBe3IDyM5fpogt5bEQ2lJkV1iMZ4K9k1GkyEQ/7al9LNY7defj4kYzZ92PrASu0+3cPhhevjoZXR8fD0cnZcHYhHWQEb+3KOLx3f7j/6HHoSp1EPrNVaToa+uterzVq5cWNerzkJ0resqZ8hWRozhFhrNQ2V4lzNZc6khs/a1I/kgsoMytQDgtSWuuIbh4IIIx2+IknjesMYCCvsMJ3GYwVMVx1cFCMZw3qVcNle9AzLhhL1D/oF5D7+yUfdRh0rW7HSi2/0kCExYttSgsvYyLjTD0LG7oUEc6DOufVEsZnfeOjEJfs602Dlr7pPo0sxhf6tMOr/obDetfjwRSm5NwGpDNVOJ8+zyneZZitDKuePI5muOVwr8b7ZeQKr3Wr/kZtHgpjt3spCZrlWfLzvc/4LJvHdOC4SovQ10kP4qEaN8XnfG6KW0SG/XadP2Wu5DjPJeYzqkzCe7nA/Li0Z5D9JA1S16nrG38l0PtJU++F9TWfaQrkYf2uzXiLEr0pagU4Q4dVP+jj3hR9WsszvQ2m0tWBtZe9yF9B+kVxN8Hp6v0hzI3GtByLDZw+LdeeBOLFChF525gCbnQ1LQ287sMl3oM5/klo4AlHFWSZzruSf0rkODFWiQ+PZdyeyLDVhLSxtRkG7PsffhCG7aaMVt48PbmQESxe3DPxEXePrQgH+5HmtaoT3ZDnLQjkVcvkMpyLpwIe60o8MghbRBimuRUjEgcRXl328sU2BupaBmmkLau7bMNw/ccB8hJGXOgv4pg6juohnXVDFvk63QorvKuI/kJfaoh+QB9pJrD7N30Dcj+p6biufAbG7lnbmhQnMHRunJyAIcUvTYSJYvVWD7/q2VJG48RpftURIo+QqzxifBH1qGUBvp6ap3teo5btJlS+Pk2f521lflNY/6QJ47ZQRX89hSmeWs4qu9IUpu7JFJbJmIqr146foh5TYbRpt2unQ28vlBi3LYthfuYYZNa+47iqD2E35dHz1L5o9DJqHvjX/6t//sc/j0K2AcD7gfQnlPUq1mxytMBgGYVFgIhz9FgoygrjqSDTxjl3SsuEjAjCpgpYKz70ajwhgzQl3/n8E1QsIB06zOkObKVKEXh64uw5o8qPuKBcCUu/9GnliHNF5SpRGjDyh0x5OY8tX6q6DD4j4knXZJAfftz41+UPISPiyUfXrhfLgJZBw7rSjvUsyRkhh3P2Tk9PhscyAp8/+3rY39uPAfn/8X//vw0X5xfD/v5dpeHN/u1hT3EQ595l/hhevGS2Ldkqbxu8N9Y3hy3x0w5QLQy40DN1JmN0uThPI3FzM/e/1nK4vNAxL3GwGqJozpTd298b9nlRY+8gPnm5o2uO9Bpod7r36xjaGzJk1RY4Lxbi58soedw/6Y3b8oueoEjyoq790yaA51J6VuSKRLZ7jHomLsoTJ0OQSwrLFVrVC1shaD/wc3YiRnO+pKK8NBGyxYB60d2JfDnXM9owZ3Uqp5CtRojsbOsKbVVFe3/69Ovh408/HR49eX/Yv3cv6uHJBx8MO7v7ITPP6h1XODjDmHQUv9b5dTgu62KFFX49cPvLcTT6WCBdTitQ5xpOjk/iOMBz9bej58+GLz75aHh0/168oMoUQD+65FcXEWnpE/QzvkzGdijOEPXcwXnY5zJUScPZ3q8lgH/nMmjZPsSYeRanLJwOp/RnjU8xhsXxfIy46nlKS7r17fU47g/jdmtne9jYzhNZ4mE7+DV2ihibskTZ79xfPX7mmDv2Y9KAHFMThKMDYfTxOFdVY1DUWuMHoWuTSRl7eFzAyfim2Sw80/t6ppN4CXP+jI/UPWGMRWB29r3uW+iUIiK82g8xZiNT5ce1XMj5gj58Li6nGwFZWRbqI/ItdRLyg4cy5PiPGM4EZtEEXZFLmbJes87hqwSIq3yuE8RYP6imAdWf8TmfMGfgH+PH8prAmDrhfIhJN4GfNI63/WT5DocAZ+VWXWMObfHIiTqNuDEPrmu8QTjXEdYUpl/AR30FWtrwqtXQFzc2x+2QV5dpM8HDNfrj2r6Y9QYrbPdtMZV+UVilRahxU/5laW8CaSv1YYuwLO428A0zap6LZN8mblH8beC0NAqMtGgcIlY12YtLg3MjnTW4ksZkAw8/AxoPTE7LT0cHB3ejcdIQ4cWo5QUN/MfHp7PtEOwjjTg1eORF+dRc13e2NClIpojzX+/ImIUwAAc1fCaJKwZ1vgSka4g9DXc0YV0xwKMwuog0TgXFL1ut/lwmu6CG1bJXQkd0Nfo4jFvc/d29kHF0lCc7uK5jD63iwqimzHqgIC28Hhx5OHL+PSJc5YZIFz/Nkl6qs3prPbheYYV3EfRlg/YO6BfsxZdnHEcaVbhf+Zcnj088kM7GoqvzNGoVhxEbfV4PuKwOY3Sw753w2PMrQ4A0Z+LHJdyTb9Wh18PXffgUlvFUOZVuQtRXqwtjLt3s17bk6XnBojjLqfJuo9MMXd5vC9JXAr0eDq88FfCbFuEmnqnwyl/dGt6jxlXePry6oPKYXN6ejOqHf6pP9Tw1zi6Aj75m/sprAsRXHvJ0vkbNs2Jm4IJeKHBYFfY2cPoqb4pcmEUKw2PYX9P7egpT4TXNonRgKj6uZbhMGQ1U7FzlNiwql+F8FlGPGtbzTpEx+hk0RmKAx/iyUcpHDxigOR2BJ1iHj/JooGmAQfDS+OBnpRdjljSA8E0Zpnz15kJPXmfnTBSI0P1mhVdGKOGEXWm2wqAljA8arG/IoJUhu8NZtHui3Z2gDU5NYNUX2uBztRiuLR1pRHeUPr4SRBxuo3ikVz4salyoLFAF5fO2AtcX2yiop/ypbFxNh6Lcur2RE2l42m7EPmLcTRnZFJCXx9hvi3zCqHfqCjlMhCZQBwHQt7eIw6gXHzKAJ1MDv+WtsMK7CveTeGilW+hBd2a0tj5AX3CfnfUrOpWIX38wiM9lzB6dHolOgviMbhisMlzPLmTwslXhtYzWtneXT/2GG0Yw+/v1sH7Oyu5JXAe/4twPqw6QMRVmoKv1dbzDTDWt/ZUS43jfk8c3yGPcGD+vwxT6uPl8uUZOr4/Q9uQajp/p0PbPhvzmn4dnXFOHZhxXLNLV+XhOM0adRnI4cLqKntfxvq4grvJPUcXU9RTVtmY4DLfGuwzLCDhtlQE5HlhmRQ2jbr14A0hv1wRq3qSl/0D4qz6Vz3StJThzg2tnBLheRuYxen/lq1gUbtR4+yv1uImnhtlPOWt4jxrX8yxKswyW9yZU4etF8VOoPH0a/DQ4Vi28yvr111+HS3g1bqmrOlBXuHEB85n35Dhf7goeGaTRwGWE7mzvDXt3D2Ilc3tvb9jd3ZMBu6vrNGZxoc2d7fhpD0OZn/U2NHmFXpqUkBmf1cVoVfahA0asaKZhhKV+8ZNgqjkrk/0VvsatBNxJa/1MDYoBDbKsBpEPk67foIaf+rloP8+E3gXqyrN6NGYyG0gDIRPEqlHjhzfKJsN6hRXeZbjfu3/QJxknGB/qOATVvmnXcZD7pOkMuszjxs5jtVZ89C3kKF/76a+xmsuqLvtxW57ws7prPaCqA3Defbj7N+MD4eYBhPXjhuMsJ/ibkboMzqfCsoDjF/FNhQPrUf01zOn6uD6+vpjmsGkU02Zm3JL2uiFkOC9AuOu1r1uwUL9GNb5SRQ2z/Mo7RYb9ffwUVT7rBtyGaptzWe1ar+raX9OaHAeIr1TDALzkQx8FjkOO+wyo94B44uiPlgOqv2LNQnuqhejDlgE+u9V/W5BHn08v0zQV5vApTMUR5ptjv/mqLoQ53C5weD74Xpd/G1iG87a/6mWaqptKt8E8H/JzoAUMALwBTKPD0H3+9QtCh/U19tBmQwS9fj4L0kYeYTEpnOULFTRK8OLwVazSrm/JUJUxFqurrLhurOt6R0bu3WF3T4YutLsvY1aGrsI3OJ5MFJ+nLcTKrzyD36KVOiLqLylmvEb+olCs8koX318mJ65jgsLPT/0N5mFxQSWLeCYw1xfljdVX9gWxJUK8RvCobpUqronzlgQMUQg/9eQOzYOFV3OJI4x4iMnRQLbr3kA+pygwmTuN40etVljhuw/a81Sbpg+8LhGsyNLP6Kf0Mb8UxkkHYYq2fgQRT/+Mh0NWGuOXJfU1GUi84BoTKwZrM17L0DIzbBk70KGOA4RjFJMW2RB9M/XJfo8eUwSqPLuOd9wU9bC8Zahpqw52l8mv6OP7vGNvsuqj5pFpxvloanxLkr8YuhizHtvx3wY2mEzWw/kRb3I+jqu8DgOWZdzE08f3aatr9HmAKsdU4Wtcpzffojq23zBPrROnr+T0lt+TZdZry3Q4ctwvQOXB73h4gdP4uuJaa7BQ0CsK6vUU9XCY45EJ9XC443q+Xk6lGl79lYx6XeOhRZVU4w2HGVPpbgOnszzIekxdL0Llv4nMX11Q45kQ2CP66tWrMLhoKgwgMnUj3uAekYYGx+RgOMwNNe6njFiMWxoqb/tzpi4GavCGQSoDeaOdwCDeMJZjZZbN/TmRGFPtg/RrMdCpDGwLoN5aR1h7rQ4i3VlZiXjSQG1CApa5jNwRga/d8YD1qOT8gHkhwmv9eDUX43a9rTrFAfPNuIXf8nt/CpeBe5AvqV00A7fGE77CCu8yaj8EjCEb7T2A+FCD+oP7hP30QfcXxjD3G8sCXJ9fikdurM5q9JCUJOIwfNtY81rJgtQf4WPPLkeOeS+vDVzI/R+qOln/Co8bIPJpPPTrOq709CawHKPmA3rZlRdMhTm9ZfUEptJcjx8NqLiOldmpMW0qbJTTk+G8AOGuVwhUnXqaktnzAMdNYVncIliu86j5T8Hxt+HpgXz6UW0jzrfmb9Rwo69L4PyIc7j7RY03j/uI4esaZlxrCTVTYypsGcw/harsFJlnCi68YX8Nr/EVfbjT9OS4hZAhFqu1E5hKRwXXSp4qW593TzW8R893GyQvg+j4kzfXEI3Eq4fsv2VQ5kUxg3A++IBbGzvp6qBNHnlP4ck3kjHg2ILA6u3aZu6P3dxmu0GG8cY/2ws4nha3Et8q04yxsKxRqwqXNrHS2pZaw70jWr8zrogyKbGuyp0JbumYut5MlBnK7FIXZFLm2crMuaid3xv5ieLoLxH88MJHODpRL1UmYWHkKsz8gHCu9WcmFyJMVRRgBZd0NQ9AWmiFFd5FuP27n0Y/EdyXcGd9pRAGK8cOuv8yuIfZqjjC3I8wbvEjg50+EOPUuR7YL9SvoXMFJimtFJLNG8TXzU5OONZwfHEWsrxKvX4QqGMQmIoDlLNevylq2l4H8LayqwwwymZ8Gssxho/52nXeb5P/FKqsqbw8Zi7Kr+rYw3G3je/zsG4On9LBaXtZFVUOtKw8NbzKrMTc0rcxx4EaDmpaQFpQ2ztwXYM+Dnl9njUev/uq8zLNbVGYQh+HcZcGHg2zkiG/OnemGyugh5WtSi9DlXEb/0K0g6AXARleKaxullKVGn6VTa6pXgd/OtfcREqCMDA17KoyMN+QwvO+RkRd58/a6aYhandEX95blT8wrxHpIGoFI2yDLQMSxRaFCw3EvNw142kN0USDr43u/KwN2khjWwNbCXjRa4Of3fni1l5MOIC0/HzI0Vh7e+yz3YmfDuPnw5YfmLWTtQxzG4SkaWuPidCLMHRqBiXHt5E2yhU3syQQ4ugXXv4Czdh9zarxWhrWuL6uHRxEWZn8zs5n356PF8rk+gtGsnZnusRb1prk2MvHcUZ+WY7V2phE6bjKx/UbaGXYIO+Qo/sXbraHqCeuVbZt1TPpYgCI+0BZpT+MysPt1G11hRW+S6DZtp7XyKCvQBozw2hivMzxKj4frv5NX7hQ6hwCsj/ST/j4jI1NJVDf0EM2v5zIOmX8gzyBBg/jhyj6vshxkHn55WgWpwdeVobPTk6iT/rFUw0WaSk3XdgGhZvjWYygIrm61kQdFOOO5ofo87GCmYDHYxLuFGWk0phuizdI43xm+RWEzsXtsSwN5VvXv7xqZdI19ZTArdRwTWfG7hzjmScMz7/wM1fQRiIP69RshrgX4o1PzscKSoHGbaiOrfBUQvaiesz8xrkFRF5qEOmilPS0SiWfCutd5RhZ9qTrmNYL+D647m4D0pgM61XjHNaHQ04Tru73OCfKbfcEPvqa+SvW/8U//S9+zo0OVjFsbW7SfLggJCZWjifyOa98aYrpcpryJkCcK5jniyKdWIRZ2ZRtxUAORLliBSwn+Qt0s30OocSG367DI4zyN7+vGbziu/9qGTRNa61Wl37lFW/RUlYZA5xBil9KhCxc9GFPFucLpkx0GvMnHddVT/+jKJvIkJ+6hkIDVGj+1kdCbKThxjlcf7gPjN8xUDLIdvVFPVKHdCc6ALHBobj4Io86JnwblJE0aiR3YOQ2iDE+P8lZqbr827/52+Hpl0+HAxmgl4rb3tqRkbUROmBskT/n4+KyCst5tOyrzXqjHtmXujVsbnGagoxcdY4r1cnGBqsq2Vgx1igCZx5i+EqlKCf1qNuSpDDI4ItnKDurR1wmHfnzPFoZ0OL3mX15nqLufZuUuAOUGYrkISnrbm0tP5sZGTc3c9C10nNuJnvHUh3VMfdB+cS5v/JvSFGGYe5bTGDkyZePNMGdnB4Pu7v7cYMxaBFCfcS+Prlsy1hT3SD/PN7a5tOfaqnorHZ7KRloxVmYcZ6l0ofRq0GTc4T5GXRL9fz181fD3/3y4+HBo/eGH/3k94bNvd1h//79eAOceozJXflRhjhTN8otvUv/65HcZDkdv8IKv2rQ7XOkbhf0vzByoiVHGPPT5cVpPHR+/tnnw939e8Pe7t7w//uP/x/1wdNhe2crUgXUh6Kvqs3z4MmRXtHBJDL6gv5dhMGqfiwe+s6mHiA5izR/pdEoq74axir9BjmNn8/18nXFs1OOWVS/a+n5pPi6+jkGErL59WZrm19rNEZtauxiDEQH9fmYGzU+xngNiQfZjH9xZKAG7Rjrw9iSISz5lJs+Si3FeCZhrXaorujnI1yHOQYjy/0/DTHHpQ6RVm4uXOWYqVAFMZZRvlG2SkhQlltkG4IHhxj/xJv8Sb7mPQ75IhT1kM9EFvmE7qIYk7OUoS15o4LiuR8ulw3J0J+xm7xJl4nyH/XMPdM9Yoze1v2geFYNmwCKMVNj8brqJc44V55xnjh8yGE815wXelFw4fVrtRuFYJyiOmcosxUv+CMDork/uk/6u04Y8corzs3XvMHXMa+uNO5jc6hdnrOQ0pobpeHs+tAtyqs2EvYL8uHhASvnq9BDc+Mav2RKUJDuRyyWBCRfZctzgQlDT/zIwU+jVB2q3VPueCdH/2jv6EoYbRd7ALtik7lMbp7xrn4lGZQY+yHsDq4URjoI+AERkCd11LSIstFvQpVA6gNPlEMWD18ppC2MZaLuO7iBT2OsjGka4c6yXN483oT3JkzLQkdu6nxcvbbB6JCZy/2Qe0WnaRXfu6aAwqIRQ3GJmwOSeor41OhCFh163iUOomNwHW6Qkna6zzqKsKxccyDfDpbCKueuDNJYdTg5jsaDARTHhKnzpBHIoJYNqxJhTAzBq2v8s5fAJJeBovLOyqSy5mpHNu7EWOYKph3G3kqU0xTn6GpyQZ51CD2UXwzaQg684Z2BeGo65OAqzC5HloHmzPLSH+Wv+4Y8hSP+4jzP8j08PAw6PTkK3p3tzeH+wV1x6f6K2RRTE37kFjJcRuvMIEDZWCWWR7rlNoTQJwbPYdhiEFHZLxhcxJ96Z/3nfQi2yHeFFb6bqGMD05gIY0GdhP7gsYgvMLJFihdXz9Q/jnjY1Pg7WxhIJ8cJTdAYQfy6wsMgfQeM45UgGZEGQ0CWBpRjV67gRv+U4UuYebhmPOVsa4yBsFCEmKJlWJs/hqcYUyJafvGip1yMxCgX44f8LFTYzRXrmxFjRNSb+Z3RPGZlDZjneh7zfJa/HH2aHstlprkyPW61cjG3mQK9TppNNQZaBG76Vf+6sTH3Uu+Cx8lArBYqgHofeGBBsuZoXOVlPcc0yj/VDXncI9ycy+d1mqUtGeKL+yrZec9znlEFRR2Z1fVld9k9IC7jm22CD6s5dGpp5+quRyvQBNwHcE3W5Sbdahnsrxj1NnKeVhazfEhHPwUZlzpMajwvLEHYVHiPKb56PSXDaabivm0sy8NxVZ9F/PWm2J26OcBxEA1zruMINY/aMABNbVFzq3CaRTovCu/Bz+foyfFgT58+jWvvG6MBuxw0pmpAehLwtfeQzk0OAmF5TdObb5DIHzHGV8TPi0FrGl7a/lyI4UaDQLzd3OowPvbAyq3ifFwPeUf980hdSSAO2Qxhri/X2ezBRy6rAfLEdeqYepL25DT33fIxil0ZtAd374e7sbmtMTLl1/owan7WHwLwmyiD7wXUtxd42IdL/fuNcId7AFhhhXcNTP70Kto5fQKwOkpfod0/fPiw9RX1NU3qHpsIc18iEn76jV8IA/C577hfQjUtRNq+b0KEIcsvsM3iJI8X0E7PWakbH+77PCoR1qPye5yA3gZOt0yG46Z4qn41zvotQ403/23SfVPUsvT59eXzPTBP5Q2DVw3Rsip8/8Zw0omaQWmZTms+h0NO3/PYNeC9DaoMy78JfV6+Jm1t81DVw2VwWM0b4Hc/c1xNY6pxNR/SMeeZz3HXZjwiDQszatwiOINJWlJ/xFvZZXQTer5Faaf47Pa8FX2d3ITK36ereS3K32kcXuOn5Bn217DbgHsAMG5fvjyM9JeX2bBA1Qdw7TDS+rqSUe+v/cCTx62gyckrq0FNvGX5y2k2Wgn35HJajL1FsByD60qTbVTiQif52VO8tb3baDu/tqbyXYonFm7avqEK0tmt8nugt+N6Ptc11+xpph7qJA2WlXuFFd4F1DZOH8Cg5CH34ZPH8QsUfTEfvtUvxUs/skE7M0DP9FB/2h4OFe++Zf54kMaIbW6croARGz8HZ3zvBr8ovoImct/FT77k5b4MHE/6kNGl68lpqq6QYZ6b0KetMkCNN4Gqy1ReDu/TgZpmmUzzLMNUmko9qj4QdT3F67C8HxrLdU/NU+MqXI58UTrvIxwOd7qRcgEmMcqybFzrWakCngrHVxmAcBuTwPFvAssApKcPRBkLGZbvNmzghyzL5LhF8oDjnZ5+bRBGXtdmWyfoQdhUeA/zmH/6moplJY/lcQwDGlaMJXG9mG6Pmrfh6xpe+eyvZFCBUB9eUdOZp+ft40Fcq52p5mf1X+PJ1+jvT6xciAircfGzNiuNQi8vjCxTB1Y9yI+f1wEvfhGWRtNO5FHJwE+Dwq352e9wXH42NC950aDHld0FkK4YkUqhupJflFsfFEUy2pJobT33QUl0o7FT1Y5jMizH4aziVqpp9D8e1mZEADKk397BvWF9c3s4ObsYnr86HL5++Wo40mT5WrryMpkNb8MyU6j8KN3CLBe4bjwA1LrC73okDfcKQ9sT59J6XWGF7xSuj1k9aO/0+1jR0TUvXz58+Hg4UN+ke8WvOYphLOHdgrlxQk+huHFeblAb08TDAIGhEkeCFTeODpMfV5yjqzjiY/xQF4xfbzQwY8hYLnSBcXxxGvmJS0xkxjCQY0DyyXgoL99OEfBYYPTXN8H8NZ1d5wGm+BbpYxBWr4H5QMTnxDW7pq5MUTffEDU/o5Yj7nXj6XUFHHNZeYzUdUxX0zqOe56YL0fGU8asn6m0EPk6vvJUTOkGqhzQy8k29mb1S1rPR8DpLct54XJNO5/1p6KP+Syv6lV5SOc4xzsvw+GANNdGCwurcFgfvgiVv6ceUwVZTPAuH+DgW4w0AEDPV8NNU6jxUzR186DEvO7zcQmnN/ob1vP39We/cd1/c/1x9i0ruMjG8KRR8tldd1A3ql62wx0HIWNOR43y5sUFtYw3gaZcST0iyB0Nue5IANmEUw5WdKzXbakiwpr+c/Fql/aTN34mV1Zx42MVMmx9DFqF01iWqdaf4Xp0OWudVT7Kvbe3FwYuuiALXstdYYXvPhjDFo9j9D36AS+2sv8WI5OtQo8ePxmOTs5Ep8Op3Oir9CleiCnjh0Gf8RFihKtXzs67xXglDGMWvktRdSsf12xPipc5GU8lB50IB/DxIMqqsR7zVTKNuyIj0jfqr/swjxOmN8WidM4HVPnmdf6mHjW8l1/TLZL5q0DNC+Dv8+z1cVsY+dReZn7rmW0o0yVvtB9Rj5ou3ek6mErvuEVUZVQXEFfnEeKm9JuC5ZCeebVfnLIsXJPbeF9/Lhd+ZCALuVVO5QHuq86zxjvOWDxKTMAZLAM8Pd+idH2l3EZ+wgPcNI2GcPpNPRbp2lOFw1yhU+QKn+JJIdKtEc8YQTzec40BJZqd/TpH+isRvHDQwyu5hvOqK7nTGGUDVlefPXs+fP31i1lDoWHS8HAruH8mQJ4uM6jxbnhMJgpQmcUfpEklysrKitJSDVCJD2rh4gjyCi7Ei2x8RAKKyUPEyyZ5WkMalcvuCWG8EBIkEOZ6MxEWaLw1POOogzvDydmZdLsz7MjIvP/gYdDO/kHoe3pxPiuHgQzyshzr5/Dgob5Io0mSOnR9gz4dA4hX3T2YkMZ8K6zw7mAct9Rh9Cf7AH0eA5Nxhm0JbLHilJdHj9/TuKrxTGPc6TlbClpfa/3pQgYv8DhFOP2HrU2s0AKuY1UWA3c2FpFIf0SEw8uHWTjVJD7NS98UC2OofyGLFdk7KdP9lvHV/RvCyOUlVsj9F+pR41wWuxVTaXs4b9MiTPFYB2MqzmE1rsLhOYp3FKu4y+F8FtEUyNP5ehxdBOKu8yD7Uk2Ql864X9fL53TjCrUJOaNuU/VC3BTVOGRDi9Cnc5lNwHHL0MugTdPfbOT28ky0b/pXb+CajEXpIZeP+N4QRi7kcPejMkIkLMxwZm+DKsv+KtuoPN8WpvK6TT436VDl2r8obBmm4m+Tthrq/b25Kc/bgAbCQEtjxFBiWwKrIKwIkp/JwO/G1MO8s8bWGl7Pj95uoDcBXp4FjF4u5E7HZIKfNBdn53EOJeDa2zrCWG3+uBZscFaQZYaNnXMKYVBLJ/baHZ+dDkenJ8MJ+/nYn6ckVfdFqPIX5QOI88BW/R5w+rQeIFZY4bsID31LW7HaPG2fts7YwHFGfJABg3X/3t18ENYD8SUvqSocWTxY8/B5qodTjFSPKTZYGZdixVb5h2GrPKK/tf5lvXDJd5amreKqd+Z4h2zlD18clyXMxsG2NQIQ1kIXwn277+NgJvNXgNCtyZ/KZ0ofw3Fvot8yeW+LKrPqYv9NZSA23CqnuTOU1SbzVn7DYTXep/0YlafCaWp8z7MMlLeW+TZpKw9pPedaVpVn4I9+QV+QCzm/SqCXA2o8cLzzdTxyqy5g/S/+7B/9PDpz3LaaQRo7LgBgOZ4w4ka+ecIwwnW65B+VzbPMxgJXxYHzArUykIEs9MS1XOcFD/K4tt+yzRdooyODTq1oELIk13rjOm1w6E/4xE9aI+KbHNKYDMdBkR6ZPPHLdTzPqAyY/IzlQTbkwoKbjMNGezkiggtFvEBMhBUZAVYbNeBubG0OZzK8SICOPht2/Y4mhUvOK7wz/OIXvxgOXx2FobS1uS1DcWs4k5HGmsKW7p/LZ9lRbk0aYdw1EB+rFeyTpVzijXsm+XnmKsbnxkwGZykSnyvZhCG/5sGqh+SQB3WkcMo8M04pH3qQF9eaMDgzkDN9FSGiLeUEEhOJ/PCvS7zUUdmyfjhH0kQ4Z0/iKrHCNGlxLmHMjGMbdjsCa3F/UncVViFI5j4QxpUmN6XhrWnK5rrc2tgctnlBTn7OtnX7A8j2fj7SUz0+k/JCerLXlnMNt7d3YrWIj2l89Nlnwy8++nj40U9+d3j0/nvD4/c+GF68eiG+kBCEXM5D5j4hr7bp6yBdlmaFFX5doEdECwwDgjaZlO1S/VnDw/Hpsdq2HtTPWBXlrBX1+fPT4f7dg+Hrr58OH2l84yhE+vS2+tmpHny3t7dyztDMwNnU/ApTJV9pXLpQv+ecao4R48xUuDnPez0epGUwqz8hR50pdGEoiz7MGCKX61PpQfzOzvawEeOjxqw2prJSzPwTZ7GTOfL54qPiGF5ibohQ+cvYATHOOizQxk6Pn6Of1FxnfKSNuHRjbCReYoijXIAzxc81ZqFz6GJ5umAcuXqd4yBzQMhVvTk9bvAonnlCqUMG43kcfyUx8JHWZ5jmeJrxAB7OcSWYmGI/NmRAlrboV8KZ8zmHlhBpFOGttmb5MH6SWdSHxkTOVUd/xlfmAsZawPjMsXKbGxqz5SYPSirSSggeL5Wt2lT6Y7WXPMSLy/GYnKmMbORSuDgrNuRQb9Rt1i91UO8dlDLzPtgPajz39UJ58MAXdQi/agQ56EM8evCyZZSNB8NYcU0e8iQN82LKyq14GYeMzB/qUePQP/pZ+NdiMY0PSnHNIprn0krA5XV+ELx5zm+2IcJGG6TVD14LMXzdhwNnuogM+2tYDxQyehlT6QirBTT6sCpjSg5YFA76dL6uNIWa/xTPohyXyaxQk2i+5VgsLxtpj1p3X3311fD8+fNodOdn2XhoKGHsygAzb0+GDbPaGEHqlK4xrePNSFmZ1n5otpVAxIAbh7DT+Bm01VHxc3B2fGVInV0zVhialWIMQo74uWZfHKu/l+qITJLE13LVshuE+Wtk1Ad1B8W2gYvswIRzTTj8DBh0durbMpy+1md26tGojvIK9sMHqlzzOG6FFb6ryN6h9t5coF6R/bIERl9R1yRII5j6Ix+ZWRs+/P4Ph/WdHRnBbB+QMaunRX5dOZMhLG/0WyPT20SRv8WHAbCVfVedKuIwbsmTPbvR35rBxhYJ+EmHnDWFYcB6qxbpGG/ozzxAx7jEA7TgPm3EtVzygXpMhfXoZfaoMno/1OsDHGf+ZfIrahpQ002FY5CNLeDtMaWf86v5gsrr9hR+tOGeMV4zt4hvSq4RctmCyLy0gA+eaTm0sev1AaZkOazGuVyEmSoc7zmij+e6zjk9Gfh7PoM8XGcmwugfgHltCpYJMZ95/gOeG8FUntdmvBr5NnBFgakM40EpRorrRBzESuJUPEC+yYWrYc6rL8eULj36+Cn+Pt4gb9Cn6dNT5bnNIF3WFxh481ZkWKxW4hLW9uqqGczymIIlOL9+wAdj/VBnNCpS6G+rQ8D+26Ojk9lTFiAuBvXWELnu670HaWmEyKkU4TElqZ6ULJ5s2yQSpLA5ko5JbYDRAMHwEkNMDBa6liHLl4HiLeM4OJ0vi0EyZukQcnnyVO8YLth+cXYq4/1kkviAAukwZs/5EtHJUdA5XyTCAKasrXLjtgm1DmJvnWhmbDeM8dkx+alyNvmJD9lnJ6dhTEPwRV0pWZb7en2ax3EQ+XDNWbjcI57Izef7t8IK3120TicwPmSvamhv37uvZb9Um8dolfta/eGHP/ndYe/u3ViFPVFfP9eEEwYu4wX9hKTNGAXR97iWG32RPobxKgMXQ1UpIm0cFaZxCCJMGedqLEauXFZf0Qejd31jHD9B9mH676WMbo1VMcYliAPxgSFJzjItptvCcqtrf0Uv3+NMz+v4m+Q53PwGYcgd4fIiI/1T8t4UllFlVT0M64Nr3pnOaku6VZpX8misOhbHhCZCbd1h/aH9qe0xWdCOQl6btwSu+3owGX18dRdhkZxF4RBtEjIcDm8tI66pygHmw+3zQDbh1JkXcwjzvMQKdp8GOE+ndR7WzzwOt4zIM3wNVXj1g/76JsBvmoIVA/CgmGkqXYSpnefxYvOdw9dQTWt/JYdPuUblBb7uaQoOn+KpOk+lXyTT6cbUi+F8KwHL6BsGqHE0Mq7jPFd+Mlfji8FYBjZwWijCW1rg/JBTG7LJk0ilqidkOXan4iDSxpMzqx2WJT8rILlCmyuyfFmMcy1fq1xXbC/AZUUWQ/JUhuxJ0sWx+OSey7jH0HQYdHWq9JKbX5aZH5AqCLdulJ80kY+IlWD/vEW9QcC87pw+uxZyWOUxuaPX+iAMufg5Kox7hzzzOM8VVvgu43V0P9oyho9R/QlGDIzTXBzA0NgY7t57EEf5bWh8Y8sPhi6rqBiQF3pAxp/XLT2uiGsJCUPWq7XkSJ9jrz39LF4iVZxPWOBFt+i/ShtjhlTAOI5xQmltkBvSMsYJxjG/BwABjy0ecxfRTbDMKru69ldUuVGeRuZ13uhmGY7r5dXrqrNlGjUOVJnfFFNynJ/J+fXlZFsdIMzjMIS/8oJeJjBPkozc8lAGWY7bc00P5QKY018vR42b4kF2XyYT98/3EB6H+XqKah6p31hndqtsylcJ2MBlzrM86wSBKg8yHM89IH2v15o9NZH9fVy9XkQVfTjK9Nd9AXyDzQPsH9NRIXT0NnA1P65XQHvKAXGc4HuZuG9LFYvCjZv42Yc799WsVj+1rtoCYlCPXl7Pa5kQ/twHleEXaiRHR0dR/+wtyr2Z1+vMsD6AuBqfsq93BPy+x/PxeZ/kbf6xHDUtbvyEhzFLWialWHUVyX0tYhtCkgzV05MwcsPQlcHL5zL5NraJdOZnZZfPE7Nam3ttxS9iq4M0Gtb1FJ4rs9JfRZd5OatcVmAgf3NdnKErZQ3jXsYtk1d8s7zVPfUd4a1jUp9jfcyX3TWL3zyVj3yQZ//du3fj/nkFF6r3coUV3mXkGEcv1LzAyhmGrsLO1He39/eG3bsHCt8Ig5U+ySqrXwoLV32Z/h3GbgpsK7mSg5HKpKzr5ME4Vh+THx5cjNtYGQ6DWCEKZ1tC9F/6LCnlhmh1S/omE71XsdbW0ZdI9Vtl5bE2yzVPNh7w3wRkO1/7F1GF8/LY3fM4vqZ3vN0ab34IEIbsXNksxl07dSDrKw2ibwLrMoVenzrGOs51bX0Zc3E1kWgayF8S16R/5bc/5ar+RLgzXVQ+ygnNfXp9AoQvihvzmL8HkHWoZYIA4S4XMI/TgCqrJ2AZRh8P4PE1bt7v1A3UtgUss+rgPMwD8JOuXxQCczMejE5YBYD++iZYlmkZKp8LaDLqdQ03pniX0SJM8S6iKSzi8U0CU/GGw6biqoxFqHInZfDzieRAxLu+aRg0ED7R61W/zG/soE4TciIuQZhl9eHAaWmcboC4tTGaLGeK0D2+6+50rNaKIgzjrvlz9TZXTuPn/lM1fFwZsK814YSBzMsn7MGbpUm6ONEEoziNNGG7qvThrje/ByaXzX7TbMWbMoslSLLIE72dBv0ZHKlzG6auI9ehZRr2OdxxuMhDlv0HBwexAu9VY+e9wgq/HRjHLU6B4SWhOD2B1VFe6Nzdy5e5eOBsq6qcpnB+pQfdSz3w8qAswzQ6sBAGqvrm5vZW7m/HKKavyo0+z8tmzehFlkay6Idh3NInW+993YZH99M0dsY+7rFAklN3ux5TOurDbwPkTxEInURc263keMeBqov5eli3Gud0VW4Ndxpgnm8K62c9+rzsOr85Xj0s+d0Gx3suMt8c/4TseZljee0ib0qG4bieekzFXc8/QTj3DgLwQMDtq/KDKqOmN38PwhxuHvJwezdcn6CXWWWQxnwOA8izDChWcEHNpMdteIyqgOk2gA+F7C5CldfLr9c1HPS8wGE1vPfXa8NhfRxl79P0PL6O/VzjfQk4rk8TcjVwzodOgxME4hSBTkYF8qyrGwIDP2/J8nIZjaQ2LAP+ShWWQ1oMLRtuJjc63PDzRRiopatkvXp3Fs8+V1ZtY/U25UGRzxWroYpvK7Oxnzb24ObTXZQmVmTVxjS59MTT94b6+eb6nWGLc3TlJ4w0uYogXeSLJ3HlkwbvOCixShwrxU2/0BeDGoNZFPGUv5TL1/BA+F2PXuHlmvBF98R1YD8fe4iX2uQHzm+FFd511P5hPy6UpwBkH8O/wdcZ1S1YaSU8+p3Iq7j09TBaMYTlxotj6oOkhyy79ktfx35bGb0Ohz+MYMliJZjUhLnvQuQPqjz8vr6JboLHgCn3JgLoW69Bzb/yVx7DYTUNINz1CRxe46fkfZvo9bFONV/endBNDL6I05wQ7340npGXxZ5ctIBiD65guSZjxqcw58m1Yf9U2ooaX/mq/KnwGu+2CPp2vQjEuZ3W9tqDMC8CUc6aF6j1PSXTaTwfAuQx13m+gywna114LV2gEW3vhWisyvEJbfwZed6FJ7HITaB8rYBMe92tkDbNNx/f81YZpnm4Ei2vu+YnEa7b/hgaMaMgrmVVmdVf4fBqyFbD1qlmWxLi7+0xf79GjLU0D+qbvHHDYFa+Jjcc4jbX843/TQZzaZUrkXyXPQdfw+XDhQeXn+HDwG17TmOfK6unMuz88pTJ+eKaMCRjxqG+MQwxHsmXOPnDgFecV0WTZ0zPMWMpM13EMVGFjalr/U0jtwO/hAW1juTJSd10VjaE4F+TYU7+6yFOAehDrctlm4O3PLDfF+Ma/V0GVpA5zYG82HOXdZty0C86aKsr6pD6g9g3DGW/kRwXor2EiH4XGPcY3hpwt3gJZkP3mLYLW9RPKfnMP90/V1jhNxHXxzw6Ich+wLYEmOgjGuLUuXgxNPuLTNphd/cuh6fEqQkcOcjLYowPvB8AT36KVbyQ+FjEdd/wfOV+eqFJFnc29jSCj7GDMcQGMeHwruvBmWvLcji/QCEvxjbGhBZPIWJbhAj9mJPwm0CEF7hGFoE8r7me6+SfIuog3CAqpi0SkK7odB0Oq3GZ7+gi1vmMmJYnTfKmCL07hZp/+hl7qwbpV/kUPZcnY7tBGZVwLGfyjTpTB/jRJesk74vmoCaSl8nDTlK067RHXwce35MXavKDpkF+U/UJMjzTOj63d1KidemGfqKIu71xW6m27x6OhwBtP+frrNvUz3qN8iwz+kqjnM+lpeI21nNLZZgPNM8mZ/3P/+k/+nmIo/JVxDW5uiW6VCIlYG9SxOvG5NmbhNNpN3T/MVQIojCkZ3Cg2SNcykbK/NkGfviybuFHeZROZVD4Qh3c1j17kJCf55xJY/ERnoWnQsibwWX0x1uoMizyBsJHpclpfmiNJ3E1RCrLjcQrcKzIxVl2So+7FoOk9Iy0MLK6h95cZOWbolHBEvWgFDBxU2IDFWEYWhgh0rfVAW/1Rn2LN87BUx2QjvSkibMNVR/IgR91o/hICx0S8WKE5PphJOtIbtMpFIYIkzhWKODkH32SQfjk+GT4u7/7u+GrL74ctjbVWBTGYMut3dxgXykipIAmAMLQMl11C+nHGYGcZfi6HYO1RnuR7lsb2yGP8wTjvnDwrHTxOX9BqJjaqR7yZ3bLp7LifNpYGT0PObQb6o2fHTm/N9tRhnFYOw1fd1AGHm8xb2U73oCyk5Cn2w3E9aZ03VS7xjCkHbEHl7ZHfJxTGEYqg7p0o9HrXknZNFhVn7EHWDqib7uD8koPhdPjKDZ1hLwYTiIuZVLuCFOcy0yLIQ35XKnc5Jn9T5Mw9aE6iifXLd0rzt5UOO335ORo2N7bkVl7ORzqnn796sXw0z/6x7FStb27K8P5Iu738dFx7NN99fLlsLe3S+7SLe/HJGLWzXKtsMKvD7TAHN/oZ3ktCufO8OrV4fDekw+GFy+eqc9exjsFjAP0KD5aw6D4i1/83fDZx5/Grxyc+310ehx9nG09JyecEU5vzLFi7U7+JI2xE31VWcY52HQWusSoQVCMm82f8chg/PScpjnqMrcN0Q85j3dbtNHGNcqwK712YwvFZpSQcZTzdkkf59KKB9bskx7TmLf5eAUpUoPorfxn/pDLmMvYlkmllwKDU2XhPG1oHBc1/iodackfAeSzQV7OQTz2Z31AeU16SDNazoWxRUT68dCv8l9pnliTwbjFSTK6B9wrzmdnTCMdiHpX/uTCuyLYCJxKgXzGQqLJkOPV/KuhHygM66HSKFzlUKKM537mnBkLTPwnPOqz3XvUUBzlJEWk8kRPvkqvv/JTltTJcwb/yAtZ1h97Jl5UjoUZQtdiMYm2gQrYPy576oU6eQ/InRjqiFql7MyF1B0Vgnz2ffOAlmf9kljtRfnHfeRS6dkXzgU6jsh7G/WDVs3FhkN/Xqyb1anS4Q+ZSoO+mTbPU4+5V0RZuF8g7mMDZ+oDeAivcdz7WgcAP3L8K6bTOP9o99E2lK+Ic69dhqAUk4IA94+OUkFc3sosUNzkiEi+/nrKrenCXwhY8akwQFg0qGaMmsfuIlS+9PvGTrvIT4zh8+luB+cXnYdr6k5EeaKORRHfXFZUK5weqtc9FmmltnkNvk1SIhx4aCjIZSJ48eJFDLSx+tA6Bh0I1dZl3EZXpac0WCc3av2JNKRFhoa0GBwIx5jjiK5QmM7e0lgGK7FQ1I8MNVYtT2WEnclIw3Ak781NGXSSq6YdvKx01p/vMfTj62s7u7H/dI1DuMV/h4erKHN2CtC7AD0sz0+IhAH4gpRvLAGJYs+vdJgRWyEK8cKbPOF6qwSrvgycEPVDXW1GZ8z6pmwxGJEtIxyDlfJkfzD5sTIgthjIo2yaOGpdssrAHkIm0s2t7E9s24CXT5ZShovzPJCdNAwCMfG3Mq6wwm8y6BbXxzZ1KuYa0f7+3RwL1H/ZZqRmrjSacDX5n6svnakPnZ5dDs9evhqOZMxuaLzYFvEBAsYLVoLyAzQYWnXFKLc4eXzwmBN9zmODCB6PGTF+Mg424po4qPZZ+0kb7wK08AqXWTExBvTxfNq9osaaFxZmZK57SszLHMMZGzB6Eiz8aJQO6lHHkEjf7ss1tDLM5zHO/33cDIyJwmigcT3eg2vpFuUvVOk5N466h3FbweJOQ5ZxnEtA5MuvZZQLF8zSyG3zJqukeRdSp6qr5dWwWE1tFGlCZsY7H2sR5ddFuLoOavUx41Gg5TsOTL+kn/HmqajhlY82Tv61LOYLvQqvw6dQ46fk1bTE5fzpjzyMfLM9uIavzXAT3YSpND0ZfQWMiufAwABQUdNWuDIM86Xc8Qa6oXFzTQ7raeR/c2S+18sJ+nBg/krGVBioae1WHvsZPDc08Js/DZ/L4eXLl8PTp09nhpMHZPiSl7LPNzQPypVIhwye5urTtAfxGLwxEmfGm+ToaZ6nWsjG4mwvKwN+G/Shiza5mAgD5EN+GLgcceZjztADnfwkjP4uVy2f62smm/Kgawuv8ZRzxidi0jPFcUEi7501r+NqXVl3YB2sj0EYfPAjg7ogPraQiABhHviJi20NypO64Jp01A0yANekhYc6qJ9hXmGF7zLo63yo5tmzZ9F3aPdg1tfUxmnzjHdfarwDnBkN4GGFCRlw82sbhjH9xH2WFTDIe3Rfq8tArE5CNdxhEKsE9C+PIyb3bfIw9eOCXftJZ1hO74czuUc43kQ+9veYCrMOlA1S6mvpq56grn5Wo9HpavqQXa4Ny3T8tN74F6d9E0zx1/yI7+cOdNKtn/FVchoWM5ymRx9OulrOKitcz58tzGntEn7T/XW8QZnMb4pyiRzfo+eFx3XjeOdDWL22bPwVDod6wGsCyHSeMc+3fElLv5rT2ImqEJMznIozev8UWU4vD8VcAZDhynJax1ce4ILZNcy3KF2F01aeRf6b4LxMRtVvKs5hU/UEHG+6CZWP1WkbSEA1GxMAgyoDPi+YuaHURgrm5aR+HvQ9MEOkIT1yTZYZ/qay5ZlcTgxDZALr4HD0g2woOi+MNYxZiDDSmZhc4DERbx77DfRwWB9n/aquLn8ljEd0tYFLnTjchmcNR47lc02eM92LDq4n5MKr2IizPrj5U1euQsOHgYsc6ou6t3xc6gKXeOuwwgrfdZycnAy//OUvh48//jj6gPsR7Z0+wFixd3AQ/e+TTz7JX63aGEVaw/2KPjJ72ayFG/h93bsVyCE/9vkatV/P8hF5XCDcPIb7eyVw03WFwzxmVJ6qk137ifMCAXBcT8G3gAc4jvxNgHCPRfD2+lluHw4cB/VpjOpfhmV8yHU+sceb+sjNZdJr3GIAhZ7N4GXOm0vT8jAvIGwqzuV1mOF4EyBtHGXZZChirr4IXybfcXaJoy2ap6YHVYaJMtDXcIHDzTuVZopnKl+o8pgIJz/Xn8OREVo4YMrfK1HJvDVNRY3r04zXVFhWBsqBiL8UXzfvZloKMFKmTepXYB0/z59yetS87Vb/bWE5wGU0iKvxU3C+0FhHY5jJqH5jKsyY6aOnP3ShUWA0Hh4etgbiOmyg3pREt0PEjyLSS0XA5exHPk2ZKx3qDIrnsPP4VjsrH4onnBzZS+yJhHzVBYLo/DI7Z/WysbapTuotBVkW14PrItJLng1b/KBOENCsHtaSH3KZqwsoD+RJEDfkKj72Q1G+JrOvX8vANR96WBfrbTeevC/Zj0VNSw/Kj0jCJQqKFZ9uBYhtLEzayEWW87Jc548fo9ZGP2kIsw6Uu4LVLuByrLDCdxX0hy+//DLatNs67Zq+nP71+AgKYZ9//vnw0aefxKorv2LQP2LMErkfVVLI3JgBIrzx9n2LMI8FfugkbSXzkda8+Pv4Sn0Y8Iu3vp5BYTGumE8y7Z9LX/IDNQ44Pgij7rXmVX46b3zm7etHmSuOBYtxHjQ/5XTdkYa0NawHPLlFsdK8/pZt+HzZ+Gm/bDNYBMsxgSqTD4KwpxhdXdaI59dH3b/ZlgIN4jUdfLVuCM+y4s8w5xk8ZWuF5RBufyXgdLM8FO66hAz3A1DjLcvpQ0bhAQ6vZDg9YcgY+1vq7DwMh9HmPYc5H4fXNDUvQHgl62M+0tKXrm1RMHoBkDM0TaGPr9emKTlWrq984qviNQ2o/imYv1INr7LtVvT8t4X5l6Wr8X0ZXf5aDybz2G+Qfirefj9JAmQCGhI/6bGCu7edezGB9wRbryQMxDQmKxzPvWMg9wql/eQR+a/ndgFT7QimrZ3tOJ8SflY8kEP/x+jkp8StnZ1YmYy9tm3FlrJg0GGo1/ydr2Ed7doPAXh7fcxDnO+DUeXUMgHydicFzsd52d/n0afp5Ue6xmde0lm/6NTipz5wqTNOZICXtPBQl9QR8Vx/9NFHkZ74FVb4LoP2TlunH9QHalz3F/wbW9vD0cnx8Nlnnw2vXr2KsQQjl3iown3L6SH3OZPDo3+KCIPf5DSg9jOnhaeOWZYDLNsyFlFFfx3A2BVq/sB5US8VVa554kWsBuJquUCVXdMnRn9Na56Q3677cFNfDxU1va9NoOd/U5A+5Gkipa6ibTGpDjmO+t5FPjJ4g79lOVvEaUa2+V0eYya309nXwHmYjLpQ5LiQ7fsuqnOU401cE+9+A2ocsnv9AHF2zWc5+AmzHKd1GHVgov1XXsIA/H1+5rPfZD6nj1IQYXcRTQkzLcIUr1dSe3k0EownVwDxQd1Kbk2T6W5Gzz+Vrq/Ab4KaVw/fLPMs4qvxla+/nkKN6/1hKN0Z99pgCH311Vdh4HrPZhBP6bycFS9fYJheN04hX3vV0+HOz/ex8m5IHucJVhp4sUPhXh1WE1GYZJH35vawKeN7c3s3JiHyYlVTLSh+PvSeuNz/RpjyRUbJ36SEQbx4Fm4Y7OMqPy+iXESVUYZsk8GDqzpxvRnUlcvsMvr+Rn5CjXO4O7X1ulDnXmSc1zy4R1F+hZHO8iyTtNwHtkMw9u6Kn3AbtPipQ1aT4CPdL37xi3BXWOG7DvoGfYL+QX8D7ju0cdo88fQBjFq2KHz2xVfDybkeDDUGKaHGBvX7+NVE/bX1M/oVfQaq/ZS42k8hQJjJ/df930Rak/su4aCXZT7/0kMMZFkANxcrx2vH2dCyTMPXriPD6Spm+qzdmf3i5TxMVe8AuqCvHEJnMkoa4HR9eI/r8Yxb9cGC+zGOZc7vtrCcHlUf85iPuLiHmjgIqTo6HdsTKn/aQNJcfypfnNqBqdp47cpX/IvyaPNEaDEvGyKeNggPfsJC7zbX4Kd/wANVHlzgdmIZJqPm47xqPrpUPLKQyfzHXMcCTFIN9yq9+ZNGWK7JOgLHzVp0jawg3HH297z9dY+azlTDK6gQQHhV2hXZ878plqXvb5R53zZPy7htepfP/IvS99dvAjdMgBwG7FcvXsaJBTRu1zPkhmxyg63XlUjPpFGN3Son5GPQavIIWfITzs/vwSvC4OYFL4zbLSYhDLptTkQYdUNvOosJzOQr3lDriUG4dgJgHsurqHJrPYd+0okwU4VlRbkoU4HDISYxyBOk/Z48uXb+1tdADhPz7D5JBU9m8Eaai9xXa/25F8Qhl3D8pOcafbjmAacvzworfBdBO3bfqf2Uto9va3dHRuvasLmzPezvHwwnZ+fxci1btEgDX3z5LCj7Mduszi85guh6P3U+Fc635k2foy9ObX/gGlkQ8FgCAfNYHnBao/p7VN4q1+jzM66nGw2vtwY/8Te5VT5Adg3r4/p4o+rUpzGq/zaYksls4nAc/L62XnHaQeOPYzZxdQlpBokHEGD+2hZAlVndWXg5EcJpQNiAU2jzg/OlLVou6PXI9p9kmAdUXaocw3yWYR7nUdNZruOgPrxiUVrI6fv81v/LP/2Dn3MBiPTEqKYUYcCJSMBZnkYthDPCD00VEIpzAoMnbn24Chb5RuMnz7FAUIYxcY/7D50HcFhNA3DNl8RTfcqrFOfUNSK+J3jEqQbcBqFY3RvzkScc0rusRuqQBk6e3TsfDxxmmda35qGrUDbO6hUirvGQNu6PjTyRZdjoIjj3k6qjqi3dv3tv+A///j8M/+7f/bvh/ffe16B9pfsjY1K6bm7wlr6M1fVN5aeBTWGscJBfyEWmaJ0VVlZgJZxz/rjmnGTScv4s5xZy9nCelazJgqcyuaGX4lgZZn+uShKrtrsc8aXJZ3trd9iQsRzlaW2OdOSFLNdLlFWwe3KcX2LjjEMQ5+1Sdi70h7Py4K31ElC9ACavuE+6PsHY1qTGxOTtEBeKB1EHIuqd/IiDDyKca+T4mn7FBBmFUJrQh7TdxMYZxfaHbFYj5KcOIn+OHFO4ChV80WbVJ5DFP87LfKEHlh1N3pyDe2dze7jSvfvBj34iHnTKl2l2VMevXr0cDvb3h7/+678a/ugP/6DlOW9Uz5DVa2eFFX5NUAvUbJ7tkM7kFpn9gW7x+eefDYdHr4YPP/xQHPR1TlLg4S5fwHz21ZfD5598NHz1xWfD5enxsKU+scsvQ1ubw/lpGq4cJ3YmXvo2/YtcGO/of/SzCKBftnENTeiXuODOuvKV3ByvPP6pP1/xoDmO18yHPLQyVtD3Cbv74H6cycuDf4RFf6ev176ZYx9j8wbjWPuFLWIIp9z0Z6XjGsT80jRkLiV8Rm0887UBN9eev+IcVsrZCooTPHGd40vI4DLKyNimfFWWHFfn5z/nFXIsVKCswSe/x1roguMXY5Uv+cY49OZFr5TveRaQR4Zp7Fc5EmNehvnDLf6kfAjxkZNoHbqr4CFb8wq2Sd6DrHuYQg+Rz0LmvNZa98Y6755ofnV+kZi/4p2VUW0qv+J5EeeZs+cXudw7kjD/6iL1UZ7RXsKeofW3EhOPKyRf1rP1cRsi3HFgpqvycPiUyzwZbO3a5LCYAwXmdUD/8vxHGH50gNd+th1Rfha/+PWXONIhy7KJdzrg/NvsPqJWvJl7EG5ahKm4GrYoreVO8eLOKlqofJUfTF1Xui2u8bO5vl3XuDmehhr/NnD6XkYN6+OA42ucr6k/Nyr2rGLsMMDu7R1EA+nvf22k0cFbfCVgP/IgGiMNkDRuhPlw23QSb3RaTQA0bL4oROdgQA4+XLHZVU9Of9PF5enJeuCHj7JitKKP9YIIQz/iq7y+PIRRBq/cYJ6b3/AARP1ZP0B6h0cZRZZr1Gtc3wPLr/HIRV6EaeBCL/THheKotQanAbGSIHE1rOpf/Sus8C4j+oBJoO3ThxgL6N/0MR4qCTfJJIltT/jd1yB47Zpquiky0IO+DCLP1o+n+HGdVw03+utlqDKnqMei8GUwf3UhyhBjV6GK/noKfbo31e0mLJI3hs/Xh/VJneZtgzAum4FZ0ZcBwF/l+rqGAdJ5vpnNBWKJcAxr8TiNV20VMGufRtUBfsebar5cu807vNfL6NMC52P4Gv0934Eq32HOm/Bqn5gIh8xXQfw1A7eHBVTq0cdVdyrO/nmgSlWHxjJO9DMQpvtUyft0obCCGlUek29AL7deO75SD4fdxFdR49803RT1ZeGG1jBTDYuPCoiXxsXPcuy99coj8bOGI64r1SGfF6wUn/htxDaCay46SL6a5BzFqQoYk2qDUkdh7ONCvph56melQ8QzV+RNgchH8tJlP9x67LmdK6Oig1y+7Vz1tTFJGA2fvGMSuzjPPbttQkFWgHLXQUOEH92Y8DgZgjSEA+dnPqexbg432citvMEjWeuNl2vrTZ3F6q3AtcuBH+CnPNVIB8SbAhpgSVvRX6+wwruCWbsX7J/rD+1ndohxg19QGBN44ezw+ChOgaE/uU+5P+OyVQG/yXEhVvLowzV+igzzg9qXwVS6yF862Why3lBLlNQBI6cSqHJNyIMqCDfMJ8VnNMaOMJ/Txspu05kwl9vEdfDJrWRUP5hds9VBoyRwXiD3uub1vC4jz02wvF4XkPUuY0rymLvuxKtd2aaiPGwhaNsUZnlH+Zn4cvtYhU9dGOuf/ObztD64rrNeN+cfPLpGK8cThmzaj2UByyDMc+SoR4K4Pn2VAaoe8JnHOjmfyuc45kXrXfVzOvTiwZPw+uuoZRFOntbf6c0zX9uCEwKYK02FVZqKr+jjTBV9eL12GMDvmzEVb9Q4qKbpUcPM63SO63nsQsvk3jbc146rhPxFcRVT8SYGBhoJy/6saGLgAjeQilkjaQ3RDWwZ8flLn3DgxosM8o69tQJ+yuI8TVy/bs1vyrUcw/pVCmNdRi6fucRvY7cSelm3KUIObsgqZXYd4BquVwj9KVfVp/IAy3ZcdZ0PQFbUR0uLXOoo6CxXm7wSDR8gLbyWCUgH9eGG9XI+K6zwXcdUOweE03d5kI5Px+uaNo9hyVjI1xzpT2Fs8kDLQ3nrP/ofrvtuT+677kfuc+5/Jniti/u6jVv6seMtBxDWy6p5mO9tUGXg7+E4E7pU6gHPFKy3ai/SxX3o0le5ph59uPOz6/tTMeo0X5ZFVFHzI87lAI7zvcdP3ExOcyuZf0qm004hwtv+W+db0y5KRy7E07aYO8xrGYBrx3vOAbVcU3lVGcByIOD4Wl5c+CD8tAOI65q/8+aavkG+zN0OrzJdPqcFznfSwK1KmCoWxfXhk9SeWHIz9nz2U/n67XaTQZwr3ESY4yr1fOaFpvgrmXcRpvgcZjLw+6Ys4unh+Kqzr02G688wb8XRq8PhtQbvrc314VgDOkYSDYHGRQMK6L64HdD4CMdghWoDmyL4cUnr6xo2MzAZ6HiyvVQZzjWZnMuAE9Wn/dSdNjLqA8LPqq/I+bLKG9Tg/MnPhmqWgVMItuN0hiH2YzEplfbFSnEMw+xtE/+mjPVGNtyRiXzr6E7I5Gi4vNwfdz4IyfGTUiPSR3kKAcJJy0NBJW+1gMiP+wYf6ahXpw3ZJe9oJ6VeTeZfYYV3Ce5HvUsfof96HGIa4uSU09NzjYenwykPjq1f8U4Cn7fmrG9+OaIfua/Qn3qa6lc3+UlHXp7E0ZO4KhMQDs3C2Y400Z8pZZb0Zlh2TQ9cV0aN96kycbJMG5enYH2lpNJRb4xBuYDisdFpa76VesDntL7W6BtkjGmd71jGN8GUDsjgTX+1hLgmHn2S1J7u5B7auD8zG0f5EvY6VxdDf80tYfs0+8dpaF++Hgkdcg50nLXCPze+N1h38gLmi3m2zRchp5SRMOLcxp2+zt3mc/oKX/fys27K/W4r71EfcpmCYxpWOGGmWIhr4Xx6ns/NV3lVLiC/Wn8geMJX4AQARiv7JlQxFQ85zqiKTvEtuq4VjltR+Uy1PD1qWM+bcWODmaI+/2Xo04JFdWDq9ak0hXovDbYlMJhiKH399dNIyx5cGiYHoLPZ3Q3HVBvUTYTR5VUQ9CV9NTIhTy7WDx042xV+k1r5XNl6P7Bu1hPUDs++OWC+vrMiB17KbiLOeTkdLjrHCQYyegkDVV/LcToTsDzHGTUcOA3yax4uD6j7h+OzxopzelzzWe5Mr7I/t8JpV1jhXUDtX/ZXN43brWF9i3GIX5nyc9f0Ez+k4p6fj+MIXSr6oYzc+Kp461Pmr2TUflX96OC+CTlfXIO8LNvhpGNMSH2m54HbADm1Pnr0YZbrPJalr/GQx07z+YEeOI5rlweYv6YDfbxBuOOA4+z28b6+iUDNizBG0Fr/wDwcvUmZqoyeSGf+OblNZpVb4TBc6tCoac1j2ehiAoz/bre4lR9YVo2vcgzCnXYKpEUOcHrrBEhb9QDmsQ5O77xn4TJ8q0zHV1g35zkfKzgCmNkuqH6DMFN/XcOm3OtApXZTSvoehLsyoJ6vXltOkOoutja+VhkL1XD7KwVfhzm5E2RMXdut4T0cX6mGu9wOr/fOcJjD3WA43JzjoQjHcGMw9epkGoL55jF20cWlGuVFNsw40WBN8uzSwJDdiGqSVjMiLN8izkYZwHiVYJPvIUauPK1MCIIIG8sYvJLr6+r2BGr5Z/kLMz4FQZWHPChrJcKczvG4zgc4Dhc57oAQdUrdGpF3IYN08PEgQBrinHdcl/qa0UUOGFCVR5z1NFXUfGu6FVb4LoM+ZFQ/YHtCGrka59pYB0+en52GpQ1O9xn6hf3wMizJBIg98rxbUCmGLJHfRYBm/qZKlQeRF2Eem7m2wVyNX/ImvpL+zK3o3QRkmG6C5VWXdy0oh9MTA1EfgHBOENBoH+S8mNGn9AuZjUCv17LrKXnOD1S5t8Uyfsszj/Pivtk//ho48gY/81hJA4GRh/F6ed6AdJ5Twq9g4hxu2dUP4KGtMUe4vTm+8tDm4IEXOA5YBi4E+vTuN/gdVwnAQ7t2PoRbX66dnjD3T4cbi8ra65WW5DWMgpzALqhhNRz012AurC1R280455cFG90EfpNhf3VrvNGnqXQTpvhiAOuqbZEswt08VPVBRk2zKL1BvHnCCBT666pR3lhusPKM6LGxsveWwT333x5GOMeTcK3xORpUHN0lXkA+/CzDzwQ0SH5ecZz9lbyVISYQyaLxBSSHn8w5dutScpBlqoYuAwFluvNaxjQU1/gRMT/pVLIh7E7hvK3X6Je8oPRTT+sqzsYaWxIURn0pHzohP4uEjq3skTc/oRQdQM3Dg4fDI1/2/G2qPrY2Zwa1UgcZcR/VJ1gJ4NmBlwE3xBdTI+WXS3jytnD8TKroEy/HnEV9uV8lyV90nbl5C5uUFVb4jkN9J0igbfMTeo7TMhrVWwBjt7pj0NwY4dFTfcd9m5/T62Hz7k+xNUppSKdMoo+7L025jseFn0UB+r3lOT8Q44eMZsaQC4031QgAIcv9t6W3P3tyK3/7exWDWZbbZCDLdBtQB0AjfhDo01p+hLNdLIiXg9GMih/1N1wOE6h6ZRFY/JC/la/mO5V2RN5XxyEBWW+CmS5lO4F1ArP8KGuHXjfGZVrbvI7mY4xu96+5IOud6xZGPrFanGc188Dh84mjTQrW2W0U0ObUirNNX2oeb3mgD2hNJee71ubc9p1/+N3PSn+rqOUF1sWIrRuKd7vHbx7IcQ53mQhjkQ1YXk03BcLX/+Kf/eOfIyTfPESoCq1rzudz/WSFZ5z+ZqAqOc6U4816xcb5qnhm1/AmwU86FV2yLvXkrBskY4Jz2/LsNgiZ3Ab49VeXuBkvQyTOFRQhS3kBVwRAZ6gfEPrCc+1KA6Q3GU6X9VL52w0QK+UhF/uzgSIHVx1SOlDi1h7ZdUPpJYs6a3rhIrVdQ9Y93npVbKuGbIDKjMHF/yRORANUuNJuqF7Pz051qeFE0dTXVpxdq/RwqXGfnx4P7z15Mvzb/8u/HZ5++XR4cO/hcPjqaHh4/9Gwu72n/LMuMbTI40pGHunIg3JR3njSZNSShpQnzuoLbddkJEsA+ipWCZQWA0sdG34pxcpk1Kui+Xmd+4XBm+f2XQ4721sZfn42nJ2eRjz5k4IyXtA5XV+oEbpQ/myzeTZg3rMgpYv7ooJRt0xq0dX5rVF3EN64k9L7UnlSv1u0T4k9U12hG4YvE8/x4aucdChP0yFKjdvqC10of5yJKWLQZ0KMUyZEtAHux2uUD52y3JyhyMDDmZbxpMGNoN5VHij6oMJoiZz5SCbZFhV3RwawFObszcOjw3iIOT45Vbjqe2dP/vPhJ7/3+8P65pZSqZyhxWs9iGwov43h3/+Hfz/87E/+RFWQ7WYKBC+IWmGFvzfQg8Z2WFuk+pOu6WtffvnV8PHHnwy/+3s/VajGss1t9YuT4e7du2E8cg7upx9/NDz99LPh7PBw2Fafe3jv3vDowT2JUV/Uw+KlHmQ3t/KlUoaYeHBVn6Xvc8733u5efCyCc1/pZ/FgH3v02duvsUCq0fc9BgD1dPVRjVWbyOUrggrR+ALvuvoi5/BuafyLs8KVF9e7e7vD/t0DPdyuDa9evho2pStv6kdpSTirA0JE6sDkEz2cMYZoDRqePxlWYr5qKeCEPKbm2JJAd/0JyvEuxOsy5zYkeJz1ggah/Am36Yefl/U4o3ZzOxdPelrLwXxGeZ8zjDGOBQA0jTrjX4Sn9jlBKi8G1shSdSSd4iLko6MeZqTf6cmJRDJncptSd+CHiiwueQnIVLxyUF7KSWW4s6YxEn2IhsgystU/8cY55qGL7mn8WsD8SL1ftjPOaS/UW94PWHNezXkgEsoOqmflkm/od3kWZaBNoycZx/n0GLrwRTWo1tBffs7cbdMjDSDyvDiXfSAJ5LuusPyugcoW+82zXMzhzLnYhBsbeW8uLtkadxz1R5lov+hNTVEO7sP5heZPdFGG7F0nX87D39riE9ivhxPNSfQP9Lo4V3nFE/aDykM815SfsuM/P8c2oC3k/QOUM7hU1+TNnHVJm1B/5Ro9+JttgtpeCG4rlYO4b4YqIyufGxnNphHo3Wks0qeGc5NBz+vr3r0Jld8pcG+TGmOKFch82lleth6R34SO3LtwWzln13I90MQqJY0mjCQab+6JRR77cE9O2N+VAxuD8+ZGHjZOh2dFFzkbm+NJAusMkGot1ik3v+d1RaRrOoQsmqdY4EMfVorZRxqdSXmbLyAezuYNw1aGJMbqFXrLvVTniRVKpYlajLKpPHRiDZweoDwY+BrCKPXPfWfnJzM39rMeHw3n6njkQ4l4AOAzt6zehuHK4BX1LLm6m315DThs9EIePKF6HXXT6ihWdV1PyodJjIElPlKhNhMrrwx6GkjiiVt+ykUZgdjjvmxIPnqxipufPIQvXeoG/lwJF48U5dYFf3NXWOHdwDi+cqShOp58ObbEcKUJPn61UVD0OfW9GemaMB4OtzmFRR2Sh07GCfoS/ZWXTOGlP53oYZixBWGMn5zaQj/3vn8btaNxm+FMyEzBMXZFSI4vkK89VsDBGAWB3b0djTM50QP6bpCvIy/VQVlZy7BRD4P8KqbGgcqTeUmjJXyOIy9TbmmA2rX+pKx5OVNhAFuB+UOp4zrdsXw9XJcUfL6MtINsCxV9vr6u4ZYZ94VxeIbr9VHz7OUAyjMdnv5YfCFOLvfRru+pXzrja3wjRVSks66mgO4BPA5Lk11ousCV4b431hE7jTgo+00Y420egqfeD2Rk2DxCtgzf7Dvipg/Q/sVb/QC/57jUIXlyTnOe82VdhrjjZlzEbKHAmZqMqbQ9j7Eo/E2wSG4Ph1XXVK+nUMN7nutx1zsQ4eazv4ZVTIVPhqma3ViBXfPauCSca+8NczyD8fPnz8PQrGHwX2jAzoE/DTHC2Z+La7lO05N1iMmikAdr61kbadXdjdh7gPrGTDzh5sNv4pqVEL4yRnztEJUHF1kmrj2BkK/zgPCjH1Tl9LJxwxBv+XqiJJ3LXuthimo9WLap5uc8IOA8cGta62r9IOJ7TIWtsMJ3GfQFk1GvcekzjGeQH+A3Y1V1M74gxkovhi687kOAfgzPVDjg2v2TvuX+VV3i3Cf7fgwRDp/HT/zk5TAMxvg1SAh5ItwKl5VFAMfF1qWOd8bXUOOJMxk1Lajxjut5DPO6boxl8g3CTT69YYbZaQQZlvJUr6z2QA1ptOWiSl7nvah5Wj/TmOd4f7wdoMI8lRxe5QDLNhwOzFephhvV36PXoyfDMi2rxhNW6wBQ9toeoVo20sJjOBwCxNF3qtw+D2TUvlFlEMbCVM9faQqlpSSq0IoaXuOqn0ymeCoc3vMsUnAZFuXRw3lBfcVBFb0ePW/lX+QH9do3Uv+v8dX8iPM1/kqg8uLvdSWPmr6WFdDIdnf2h6+fvYjGAi8Nh3BcDD38lr12p63kingCo3NXedXt/ZFesugUuCaMZRo64eZHTzds8435ZhM1T6zEFqPUE407HeUyXYpqRzSQWXVw3s4fkMZ5WjaThPm4vozjzTIPh4NY+dXTMHWwoSdsrsNtsqsuLr/zgnztOFyI1SFkxM9RLRz4foEZby9H0ZWnwmlWWOFdg9u8Qf+BGFsYi0yMBxi5nCRz79694cG9++GHT70pxhN+XXI/qX2J/s9YxJhU+1ztU752H3f/RA76WJ7j4GV8In/iLLeH5SrHFqIydl3ZPJUMZNeyOM7hNc7lMhxnOK7KsGtyOeBxGOC6T1flBb/GX+B0fVrz17gefZpelz4cAsR5/AaOc7zhe0l4LwMoaC7M+gCnqekqb/VXOJx0Lscyqmksj/BaPusBgb4tes6rIH2V6/T4SU8fA1UX8+L3fAxquK/dZ6wTceS56L5AmnunGwIwU0VN3Mf1cHyfxuGg+pfpYkyl78MqarzJlQ7dBjWttJRLGDF5gwz7q+vz8OpPM6aKPqzy1XDgesK1XyUK8gDpMgJ4asf7/PMvY0CmQcGHO9VIgPNwWstxnPlwkRWGZdOBMHhIQx5QNVqJt0wav1eKIevkPJBHp6oGLNfkGfuzRPhZmY5tDm0rRBjE5r24HI4PjxSXWySQ7/xmOq3diRVvd2DkAvYys5odaWSsenGA+Pj5v1CEEdn8Bts1XB89EQ4ZpAtSEOR46oi6AehHmUGVaznEsXcYRJjirM9MfrsG1b/CCt9VuP0vcukj9CGPOSbGgd2t7VjFffjw4fDw/oPh3sHdYUdhr9XXTjR2QGxhwoikP6uTxa9HxDOC4BLGtjB46rhAf6SP4doPrBdAD+I8bgHiKwH33Z56LIuv8noQXseTqnOVU9NPheNWqmOWQThp+3Dg/EwhR9nMSDxBZE09N3dGpEPvRkouIIvyoAtjPPkiG3bKmFTjMj7zN6xTAtnJg99xrjPgctZrk+F6rlTT+BrUtL1cu9VfXXh7WXXucDwECPecTFidGw3igGWYD7em7+d3CD9hENfIrroZ/ZxXCRBXKTSqTBZclbe/xtX4HjW+53Nc5XkbTKUlzAUF5nFeN9EUlvH4ug8HNY2JCrcf9Lo63JgKM3y/DPM6D2AeyPGvXh0Nn3zyiQy4q2Fzg8F0GDjblcGePWYAGTSksTFlwwVuhLVx1nyr4ek8K9lwhLhGlvP2ionlGzU9L5M5jAFs5MowG7UYuib22J5rUiKcL7dxRBpGMCuwGLS1TLXswB2PiWefr7RtFiNccWHslnqOcsuQDqLuGHTbQEtc7cjIoOyVLAc+k3WD4ittuva+qh7xcqDSA9eZNIkh2oi6W2GFdxBu+3aNeo0/+l97x8D9Ofr0xtqwqwdZvsjIVoUHDx4E7e/vRpqzs9zD73HM4xx9k/RcO6z2M1+jBW7lM/AzzqAfeZjgQ77jXBbLrDJqOY3KZ94qByyKNw/h6GHUeMjpplD5ap05DjhvXxvmq/E9D6h8diu5vp3eYY4HvWzHOR5M5W0Qx30yj/OcyeDlwE5WT+bvdbO/hvWovNVdBOKdD3mjO20cv+NqPEQbBw4Hds0DnN79xDKij9H35Na6Au5DhDl9L9uyHNbLsM6mah8shYXaBdVvTIUBwnt6Wzht706hxuHvaRn6+Ml0WBmiMZwqnTbORp5p1LjbprGhU/nihudbS+EnnIZBY8Pge/bseejMimRtRDQ8GgzgJSvI8ciB4DGfG5bzNq8bF0S+zrtODMCyar7uAFzbJYyJiAF+exuXyUjxvOGpZBD7q3ihbnNdOs6eoslbeV6eDecXMnJF6IxeGLyePGJfm1LwAggvgPGm6gYGp/Kz0emyRB1gRIp/Vub2olu87Mabn63MleALXqXB4JSgeBM07hFv2soPUd6o20a1Lno/9QKFDBnR1G3ES7Z1i68wOf85M3cEvKYVVniX4DGqh7pJ6Udjn4KfOF7aZry5t38wvPfo8fD+k/eG9x4/iYdwxgT6FA/M9DkQ/br1s74v+RpCfr028JOWB3Tk0K/JH524hgIe70X05ylZRoTxgE0UD9minq/WTy+HuBrvshk1DvTpgXksq8pwmNGnNRyerm6OqO7FrfE91VVaXFbdWVn36jor7bhekTdVnhlJHsi8nR+yx729LpPDx/Kmrob5KoHUeb4N2V0G8/dperfmYwKEe+6BAHHoYn3gcR9xOqPKcR6kc9vFDzx/4VpOLa/Da9qaF+GW5bxMwPGmN96iABaF3wZvm24RbiPP+pocVl1Q/T1q2oplaSpukl3d26DeVIP0bqAmwI2mofB1Hjra+Vl+lpdP1qrPxyANwWeZyOIa13lBVXbNH75ef8vIvHM1ApCuTijwEceEQZgNt9TRhu12rPL6pbcthRMPv0FeESciHTpi7AHrx8oM8cTBb3Jnch4m5BPPxMOqL5OEeePTh2fjSgsEb/0YQ/w0pmsGUvyztI5vdWT9XM+Q69j1HTpTGE1ynMdJ+fO7+rkywE+lhuVBcZRKDPCZzwor/DaDPmVXXSf6j/scFH2E/qpH0S09ULMn99GjR8OTJ0/C5QU0eOjv7suMnyweuM+B6u/Rh5v3xYsXIYtxiK0SjEGEe3zpsUh+xVReFa6PCteFcZt8FqGXY6qYCquocVP61njLmiKjvzb6coNZ+iviRuO2R5/WPMt4axrcyht5djIc5uspTKWpLsBfrwH5174wxeM526g613DgOa7OO5ZtXsIdD5E/IKyfJ4Fdo8oClmNa6xNYYBUKuKbjEYa/TtQ1DHCN34aTw1GECiIeojCuMIf1CgPCkQ+BPh44vWVYNuRKqzyAcIwEXOvQ50+elIHBBQOMo7WS5p8slGOQwXEeqAvB77qo+dvvPGqd9WU1L+XBwFGtx5mM5mMVj2OnMHhOL85jYDw6OspzG7c2hy+++jIMu+M4D/K+BuOz6LDIw3DDIMQ9PHypsuZKJ/VCnpSdLQ0Yxw7Htd641CMDPyscuORFGIRsBmzCcW18QtWAhRdZ5Ol4iGvywcjEJW8bsVE/8XQ9DJvrmZ4yIa/mheztza3g46MOhM/Sl/pDPrzIJ1/OweUlsZ0mjzBSxFN+0ZFrCB7rhh7In+UhIBt+3zfrBg9hrNryZrT7DHKQd0eyuOfnlxxNlOcJkw64LSKL+n/69GnE8xPrRx99FHLhQR/4XEfWATA5k88KK3yXQf+l7zNW0MYhxm333ehrGqZp6/syIAmnb/Drz962eGTYuu9tb6gPi5kxQAzRpxjD7t+/Pzx+/Dj6F/2WvkMeyDfoW+5r9js+xgvpheuxwWHIZ0sE+lkucSb0h+Al7Wsl5+HVsnEJ34BXZBAGOU/rVYlyh8ymt2XVMBv1Du/5DcJd/73+8HJ/kEUY98vjP/cPOeaF8BNGHGlIj9yIuyN5ul2EI3PUi/pOG4V0UC0TMgHxvt+zOhUPVPmJ4/4DBc/kmidXa9Gdukn9wUxnZYFxXPMlrWXXvOFPWyPfE3Ec1y4/18ThAtIB6sDxEPkT5rZEnSEPfq6R57TIx48LAevja98T8sBeqHUOn2W7XqwzLvpSh/AYTgs/utYwh1s/h8EHufzI57qmoWzoFrWNAFO9XoY34e3hND1VoGhF5el53wSWW+X3ed0W1qnXzf4eNXwRj4FOvV661UvTEUej42bToLjGzw1n4NzWYP7s2TMN2DKU10bjDteNgsYH1c5jIM9EHHxu8E7zNiBvGqk7HK791h+w55V89TeuQfz8VkC5nQaDF4Mvjv3R5IV+Ll8lwk2kswzXo4l9tcRP1QETElTrqCdgmb52HeNWf69fz7eIkGt/bS9xLRGvx6pbYYV3DrRz47q/PdDh10Mi/cogVtOy+pv6noxa9+skjBs9NGtyZh8+YwrEr0F+oHU/9bjBOAGRr2VhMHssMJnPhAyPp1X/msao8Tehpqv+HovinJfje74aX6nHVJmMPo+3gdNa1lR+lafm6fCKGl7j8XO/GMt97ypfT+bp43tUncAUj+E4y3IeJsJuU8YK2p8JVH6HV/2cF3BcjQfO13wVvU5OD/XpCKt6Odx9r8I6XFvBnULlcab2V1joFJyupu3DQPVX9PymN4Urr8ei8B5j3tyAvAk1nC9w8OKlw0dwA/JJ9HpcwuFVD/udrhLAaJG5NAtjcAXxVK84rumEDJr4P/30c7msuGKMIZtGmfu8MCrdYCHCerI8N67a4AmzXlPoy1XJYYvy8SQxzA69Ji9KzqNxCxPx1RU+2nB+dhJ7b3maZs/ujGT0QshC955m35eXcW1CD4xb62Od0Jc0yIJ4OnX5az343kCWx30LgxMGyfH5lpZJeSFd6D6O4WxNMK/5TcQDd3jyc17wrrDCbxvoFxUMeYS5j7ifuF/j9zii3hYvkUIYvXQv+ji/5uzt7g4HPDzvHwwHezJ4d/fiITr4lM7EAzgU/qKLx4OerBuE3+HA+sXZt8gQWWaEW/8CRgT2jsb+0RLf8wFk1XowD+EmQHjNy+GgpjNqepNh/hoGehkg0sZ+WFzV72vqWuOdwqFaVoezqQvyp9+HRjz+90R43HeRr2scbozBkutfaJmnIL6kRbuZUQO/krJ6yzgMGbV8rhPLhoDrpucFNQ7ifjiPGPNRTqjy6n2dygf0bY80luX+YiLe+VWZjreMyuc8e/lO73SgxlcdQJXnVWHLcPqQh4eISkb19yDOioEq2LC8SjW8Kt/HV/T8vq50W1Q9+7SEV5m3paqTdayY4jX6OjOqnqDKqOkNh3OzvZLITQdugJ999sXw9KuvIwyDjHDrar34KcPEEj+E4WuD0x3aMiHSYrjB6zBTD5er8tBo0ZmfqdC5b+QGYeQFkT/75HxtPq+mEJ9bLg6Hk6Pj4HF9TMG6AMuHLBvCfxtYTqQhrYqCkYkfA5pwyuJymvqyWw/cGm8CTuswBnfzkTa2NAhcW68VVniX4f5j+NoufSEeSjfHfkQfc3+bUXvJFoq+I+MqTkdpfYyxhhVcVnJNdRsWPM7TcrjuqQIeQHiMH85b4K+vexmEzfia6zgwFW9UPutpPQziPYY4Hr/T1vTmwXVe5vHYBGo8IL5eG1V+muzTgMf5+trpnBfxRh9f4wynM6G7CZCmz9PxU/KrLBOockkzxbNIVg3z/IwfWCYgzOHWzTIsx+GglwcRV++h+wrpibP+vRzLMl+N7/PvdbZ88+BaL+AFpirXsmMFtxKY8vdhZFzDgIX2MF8lF7qXYxdUeeap5PDq3hZVjtMu0r+i6ptEI8mGMl8euOfl9TzOz26mG8tBeB9X8zdqHCcAKFEYnDREbrwbHceDYfSxesuHG3jpjMZjneA95XvTUDNuZyuOLd8+P/tpbP0KcM8D1actN1LIjbg2bq5JTxw81qVPB4+BbBvLyKEM7EXGYDd/5KWJygZyhMnwjDNj26oowHVnrmHsk2VFVFIiDfucz/isZzMmlyHSs9+3yKSc+F1ugCGMPJf5tVj9Qhm83ImxBaRcp0dniHSUmbRiSHeFFd5huE/hmnwN3NfiE9dtbNQoMxtrIFYJGRviRTPGFsWxNxee2fghP6j5QJ5sPW6Y3CdrWJ8WRH9tOlof4Hiu+7yB9TccbjjeaYHzMfBTNvOZ1/lAlmMCLgtweM3HgKeW23lAjvM1cDjo0/RwfM3bYYAw6wY5ro+fgvMknj2/bO/zvazxwPe53m9gOyH9ye80AD3gJY11sq7m63WdCqf9+B5WmY53OuJqOgO/r3E9h1guQOas7zQe5BqWa8BDvHmId/30vIAwZOM6bW2XAD864fb1BvCHHBI4kV2jvwY9v8kCayag8kA1DOVMNb4CeVP8TgOm0i1DlWe/6SaYbyqtw2ucUeNr+CLcVJc9HG6DCMOOG++bj9EXb+jKcOLavOjjBkx+XJN+iqw7fjd452vAU8nxJvKujRcZ6IFxjM41nfMlnjiMVIfZOIUPWS6n82AlJfbIbW2HXsggPS7kMiOr5hl1LuPV8jxhWV/CK6wn6UMvoPSs2CpRymvA78nP8kiDHs7frmHdoCmY119P4xr5UBjfkh3xnd4rrPDbgtoH+fmYvjD26+w/9C/6ok9dMdwnTZbla/qXxxTI4bN+2fLyL2ukrzQF91/iLWumR/ODKsPxjquo6et1heVEHo3MQxzlgCynj696VAKOhyiXx6LKA3oZPdhK53C7lmtM6QURVuNATUt4jTMcXuPR3+UgvesDcj05ziCt8+/lWQ+ncbrKAwjn2nnh7/PzXEQc1/18Q5wxlY9d4pzGcxQu14S7jQLCHWcy+jzInzD3iaqbiWvKU+Osg8vmMAjUOqg024Pbuz0s1PD1Iv4elX8RVVhBY4q3+m+LKgNyhRl9/CJaxFtvQI/K5/haxgqH24V/7uZyHTHzcmkEpMEPuIbW1Zhw1RSUYDRkAa6NSxDyW4Oy4WkDkxVgyKuixMPr/C0Xt5LjmQSIpzF6pRXXjZk8zd+XvebjeHeE+NLYRr7lShy8oHYkwpHPW9HhWs+2Fmq5ANmk8QABvIrTw3oG2l7XGobfhCx0Bq5fyPXCqq1KOcsbIp3LFHtvI/W8vgbXzsN1FuEl3QorvMtwX+vhsDtr40Mg/YQ+E+NAI/qMiT5qqgas43DdB/s83T9NRh8OIRO3jokeJ8xDXpG/soH6ffXwVEQ9KChseLZXNDk9ZvUi1+XreUNW4yPcPA6vcX3aimW8hE+lM7/BvlYVPqnBcmv6DOOaeQ19R+NvjB/TEVcxpUtfbodlGznjKsIqLJv7V0G487A87rnlOt48Rp+ONCbycTlqOASq/oblmYir/QNY/xrvOMKcr2WAmgdwHOGe26BeDrB8eAknb4h6tnyHkQY+89d8xxbSoS6n9yBsKrwKBuaZlpGK93FTvKDntX5jEXKgqtfT7ihrim6D6TTIT0I3Pcu1pi5/qRZ+/SJsRpSjo6zH0QV3CFfaS5FuZwvXTb1SQ2CzvYif1ljJ2+Tg8jvcbI4CkVEq4xTk/k81CA3w+K/u6FqDJC9VnZ6f5bFjygeKsIvz4UThx2enw9HpmehkeHlyNKNXpzJ0z09jn+e55PpnfkltdYOvkeKh4+NDTRR5tAgDOausfit5d2df5Vf9qe74KSg+uEAHaJ2NrQEGdRr1I4qGzccSRPBdqBNghJ8eHUcHqJ0pOkXrjBiS4/1r8rhBIvzIdacBY7lUIlyFheEoim0Hyt/X6BXpHN9khFzuLfnIYMbYDmodFd2RT74Y5ugcL5YpjPvD4eMBXadEZRH3TPq0AF5KCz0Uhs66mOWfaAMgstRG1nSfWNmi1WZcpV8FpvK5LX3XcH38+W6X59cLxsAktenmJnLsZfyLK+LCl3XMqAI/0PQc/SFpfl/+mfqftxsx/p1d6OGeh3yNg0EKw9Cln9JnAX2VfopRymkLbH/AiKZPsY/XH5k5Oz/Jfi+ib9KHcU28qLSxvTVs7WwPG+2hP8YS+rcG/ivSCvAiPrJwv24yZ2VUn4YM55GzUqWE5cAzD4wHwtKtn65NKjoIzsd+I+tad4FxCf7ZfTOm+gnI6/4+LULNv8LhnocSLv/1eujh9NwjmVstlHmN+8KizPiwE3kwuzR+xvXgUduJvDWOBxVk/YjUNissL3XM/CqRpp+nCDccdx3cT+aIVh+8GAcJTsM2xpQJIYN5CI75PFOX9vDQyp36JqxXph91rkYsSDmpu3lG+dTzaEQDXNc5GPNJP7T+5z/7g5+LQwODFMYoojAYJpGIBElcQtHp5LFQriELtwKOB1aUBo4LD2fDRg5rpM18Uz6VCl+mjY5LxyZS/2noxLvyuc7K8r4Y35S8qTakfR1ChEzrTBaj8oRf/19HR8/wlE+5PQAR3sKUV3xJRRf8Ixo91/7/7b3bk2XJdd6X1XW/V/V9bgAGmAEGJEFTJAWSFgWaEsOkQzdbIfuJtvTm0IPt4H+gV1rWG60ISn5wMOxghEO2g3ygIkgJESQogaRBkAQwGPTMdE/3dHdduqq67nXqXv5+39rr7DynT/XMYADJCmNVr86987Jy5cqVK9fOnTuP2kw7wSvZHtEZ1jVtxUgPe68PfaJ0UcSBhV4oieo9V5oQd8kOjHSU/WLysUpnf7dcu7ZgVnb3dsvC1cVysN8p3/jGN2SkOT9OcpIRFkfiKfBUZQ8OO3J+h+T8FjmsF8ZjxYOHMugdDVDWgLk/E5+nSmcl+UT3p6dnMuKiPXqlHB3ygdqh2n7isxivYNTOj2Xgj+UMn1ge1IkOMFnEXmBaJ6eOLQWSB7LEWR5Wf46MjchpV//y05qeREbLmCYCfm0MpxLdUSvcfrpoTHrAD0GM4hzqnt+Hz3YOIyBEpj93p3BY/IG6DCNEnwnPMEp2PKM8/a5sjj/VBAiNK3qYAM+VdoqhEG3uh8fFmya7IcnZcXJSOW5IDfUPMpyqnjPRGBLP0Myvr31Wr2QG0H56XK1S/QyFC/HPzytflBHpxSg6rxA60DslXg8N9Mvw2ES5c+9BebiyXj7z+hvl1U+/XsYnJ8vO3laZmZ0u2zub5aUXb5UzPQDdffdO+cyrnyizikeSVE+fgfBifYU/6eSpV7HhjvHDOI30xCM9COVYyHyJyJpflsMIRg9gVKMfHNIvajNpoPtHcYTBC+NMSQhU9KDfj3W9GcIjoRECxF+CrQ3kXrSgpzKE52o7/QikjYNcthcdHqX/oJGIMwXvTahBqzDaGhjtSuThC8kkC9KM4F+IrTxtxk+wG/mUwaHp+/pyvLBj0cikoVnzSxrxl2JU2MUsR98TRv8NguhXHtSxb/wha2zcsMr6Z681bo8OjyznlDt9kM0kVE6PE5w+qYzIxnzir9WVfURjYuPpZrl79275kS98wXUxNpRB//jhhvGyu7NbNjc29MR/XPa3tsrm+noZ15glfXKKn+RtJ99TVSUrYO4Z4/BkeyD0A3yjB7QvHugVrxIXcmxwCPmVNBBadA9t82BWLk5noBx2AzsxPDZc5q4ulMXrV2VDRuxMj41PSOwa46p3TLYRe2RZqL2IOmSEfNAr9BfyyiOesPHINvpFnCkvzvcFkwVEaI/5p03ocPshLuPUbWSsKt8V6yyha3cZ7A46D2DbcPB50wdDIRMVpa/d36IrOtQBk9YXoagaYd62Rv1n6TTjCTKUZ153Gbc1eCZMv8VllDl9ETvRRtIihHXy4shBPx062ngqm3yi+Sn7NdrDUZq8aQtbTU7mFJiy3NOONc4dcxlA/alDSvV4PWvojimerzdSLsk7c/i57k84ilL5Pd+Ipu2l5hvKWIfQf/sJoqd0seexQxh8qTz9ovbkmHKXiZ7EV46Zl5UPWqPSN36aGn1hTrMtosGAC4HIC52Qhmm+RgfpN8sV/YH76BQj7eQXRvlFUPQt7JWSlN9yafoeROfwG0Cx5DwZghBMu5o2FlmMIFvx78yNHviBibIwIdvgB0Lh8E//2Bv/SJQMMBCKqUww3cRlPIhgUnm5TkMAApmvBspnui6V7ktd05De9AzNrYOg19IMYQMptBAYPIRyZzphlA2+gibtcaIh8rdh1pP3QM81He/bkIsFyl2jBNExDQ0uyW6MnDiuGN007s7nzmMwm1HlEzZ0PAadFmHSi6NrGPCh3H5iV8iKqIaFlHlYA06DFqdTRuPp1nZ55+59KfW0hKyBK4dxdHyyjE1MyYGckHGV4o5NllHdX4hHVqCVuYxMyODLyJ4PjZYjlE3xhxrwB8endpaPpXynUiSQ64ODjp0gK/epnGMN+mNNJF4Z0bWdt+wry5LBgtwitEFX2+hPPwTISSQv+oiBYMDpSn/oIU5r6EZIvDF4vhZtR1JHP/qfLkPv6v5F0KEzgeFM6K/po+HREcaP6bCy6p/2xcmGDsbL7VMPKk861V41FmJEPbkzUDHeIH1qcsED/FAW9DYUoVfFG35QqnC6GfSBnmgo20ykPHAMabJZerJW1jZ3yiuf+nR59bU3vDI0MTleZmZwZEVfBv30+Lh865vfKD/8htL1IHHClhOMvQ0PjnMYoDP1Jff0axxojqjgA7nEREc4rv5jQsfRi8mdVegMwxlHtZnwaHJOfLGig5zhLO5FuRsS7+4353Qsfaf/rSvIDT2JkEm8vq9DDD426zJEnh6rwtDBeIvAQxVI+4E2LeJzBY8J3v2tp0RkEn3fhMitYPBTbsiM6/Y+bRoQYVwnIIvU2d58AXXaIDw+xnEJfjLM6zr+MkRfY9VHvDjknrS4DiCkj2oMoP+zzciDeyZBEAdjalo2iAdajTOQCdjoSU0Pu+7HuGesOSRNiP6jY7s72+Xx40flM59+VXRjQpyVzs/MzPqnq/fk4G4/3SjH+wdla/1J2doIB9dvvpTX7ZFIGXfYMus9ocqOeOKnPa3MkavbHsZa1+EUKlq8Ive2j3xcl9BHWLmvFKdQzfIbqLn52TK3OC8TPWZdY0EEQP+xh8gt+lLKLICqUf95YUS6zz314kyEc4JuadIXj1JZJcIbuQiJoHzQa0FpdmhjfMUqLjYo2kozAOoJjLmX7VZBO9vX6B5WWWXhweIztLIJRPbUoSTlq+MJAT/8NJVnOpD2sRvXhEGvGWuMHaTT9A3p8O489Jv1NuglnSxLCDDmfY2T7DRsYeQBss2EMS6wA+g8fJxJp5t0OKF/kIvuCXHKo64oJ42LlXr1qReKlI0HVKqPPsj+ib6jbNQVaWm3qI83CegxDi5Ad7t9mjmwR3QLHZP6EPMrNGl3yiTsetyrpMdvjOVID5mBtCfGOeVF1/Ze9VV54ZHyhBkHpAxTrtmeSIvtDeTJ+JBB0G/tFzJSf6WDm8S7YCVIZgMgVt+ncJMhAOL90EsnGE0gmjRP/ISiBWQHkp0wkQ6o6eU1ipdxNZhGF/I6wjp/0umHjOuGEjBX8T9h8AtNsqCETkd+UlGubQBUpaQko0MedRIG2XlpoNqqjnfnq4NclrZG4/W/ZMrANk2cJNE1Hco38saoCsYnWOErclAwyHT+uIoOl42NnfJkY6+MTi6WU8XJcy0jkzNlaHRSU+6wqMpxG5mUEysluSIlVvrw2JSxyPG9GJYDPKpyGNwhpQ+P6V55hEPKf3Yhh1oPuYf8DLBoDmkgnIjWsXg516A8J51BK6a7r9DFPwPWxok43Y9oUqNhYazldHhF3mJwX16o/8mHwWayjfFDb+hP6Tzp61Iyo190gXFEP5kYse6SIQTd345XPueHT8rz1B3XidwbVMZP3IoD0NXUuxwD3AOUSyA/A48nfFYAPHGqr0GvJDTgrQwoCEAbqVvop3muaY7qh1YahhjQTKiqWxMkwGo8E2Svg/s5O7jbmvxPZegmJyfKwe6+f2v/7Tt3yl/+iZ/02Z6slI+p7KgeesbUj6Pq+wjHG2TvdDp8+YtwEeLIxoeAYUzZk0bIlpRYqVf7pUdyQyRHGV71vUaCQykYAlB/K90PgdIvjGJRviZEAHYSG13PUJKyLAipg/pDRhFSf/LDWLJhfi5i9NGtFjOO1RzkHfap6RfyNHHIlZUfnN0Ia1RbG51pkTdPsc8bVDdKl9AndFTdqhCd5ZoQOWfetL01hhwuh+mZKdsIcEL60H9N+FwcHy+T5NODzITCyZ60MfWbnovtLEonnkE5mvMzfsgCs25+DjfDo2Ppj/ognV47vuo3kP4Lh5gHMN1309G3uF5be1L2O/ul0zkon/7Mq+pv5HGhh/Gjsrcn+ye93t3eKdubT+Xg7tvBxdkdkxMBf8id/C7F+MJmYWdkfwnbXwcLG+Irhdk/Lis9IKQ/Is2JwvyfMuEsOUl14sSzaruwuFBmF+Z1Lzuu+rFnMc7jlBv0zDSZTRwGQId7O/wKUx+GsIcC5gRaZfadN/KpcofcJ4QOSecUFbSa9hlCx9xE7pp60sFgnNUQtKlQNIVQBlJPIZt5wIzPCrrlG/AK+ABIW9mlRdubcukIMfZZXCCatOwfwOnGljfSgSwPZBy0In+GDd+CmjbRlPcCgPSWcUBeVmHp91zYQa6i5PJJT71O7zjZbxiZ+5p6kqeQffQJcehHzg/Ej43Llkq3uadveLsa9OMBgj4JWiEHz58CPI3Il22LekNnycvYwKbKXqpdkaeVD7Y6ykZ7aB/lzjROe+XT1hH5Qn4A99nONi14oHy0N9KxoYwP+IlyUWbof/j7f8clIVpXyBMKRJLhJNRtgIBriIJZaVZgGg0k7cBQwjY+XivkykpLv2lYY1iy/iEmxh56DOpYZSHkvgbKZFkmxLjOibHljXpB0hNqWnmdDkg+6TAp1/nCUYdPntKTfrS567QJ+SiKn4YVx12FDGw7GQy+FYehlcIPXZGDKz5ZveW4kityLnntB5CPVY8LVXzMsr+UanR8uhyfnJfllfWy/HSzDE/Ol47uoc0eWFZZ9/Z2RD5+ZhYHYQznRhM0fNbntoLnJ3pCl7dO3UwIIwpxJI47x3o67JRRGbpZJlEcXPbaqvw4EztlT/k52JjowjGSU9QcuRJHl10pk3KiGNRcs0qdMvAAvVDb5YDRf/nBF72BfCmDFJAr8d2tKSi6UwEclGMF7VMuoOLde3hKY0AdALzAB8B2B2gCxJEG5j0ydT82BoQ06EKPeE51iH4OlJVwWQnU+amf7mT1lnJevRVvhNwjp3DiwsF1muSPc8xqN/cd1TU8NVO+9s1vl2/ffVj+45/7hfLXfvFvlemFOTm/nFhxWG5cXSwrjx+XF2/eKv/7//a/lv/q7/2XZU79Bm09O1ivgQtmOV87Uo4Iet+OEXiogfYD/fFxrzaaVjNJNnnqsCvnKq69lvymoD94kgPQ4cFle8PLAL3vL58IPJtejVEB/RwQ8usFHmx4jQn/g9ID+unnNZD0e/O016ygPQ/4GWcg5Zxhwu7ubnM1GPZ3d6wJbfmoO8E6beiNT9jSAxZQ8/xBYV6jgwd7HS8WANZTwszb3KOD8PezP/clX3OiCquhR7KJI8OTZenho/L+3XfK7pPVcv+tb5X33327zOjBbWpCjracbL8BwDbLLoWFUc3NeBhVHdDG/qddCFmoTzVn+iGK+SVtftqHRk94CCfEaWTOIomV21E5IsN6QPjkq58q11+4VUbGNBbV1yMj4x6TJ8fSfek2ezpdb7MiRs3BAzTj4ZMw5+UreqDEJqA2J/7hG9kNr8yGTfaDo6DWM/KzMmk7b9tMG6gHB6txljSHAJFOXWzNiRXcKB99Ai/ksQwExGYd7tfKThISbx1S/ZaX2xbIfdrkTOuWE2XKAo5r6iSf+ZUAnI6DpXZRJvkiT6bz5oV74qN/YkGBNMoQRxir9eg7D1fh6JEHJA92grJU6Q+0NT+eaj5kfuMV/siw0qVjLA7h6GJjGTnBbywK+IeKND+7H5SFPmOezj4AqYM5A564p1yeFgQfs3PT3XmdD8N3tjadD/1kbIxoPrb8zkLGLDAQYvfJR7sI02dKv0DVmj++dTk+bn8emLEGsIAB5DbEctHIUuMDfqmbe+jnR+zmS0C8eWj6jvLJB3puvtW2TIt6o520kbx5BOrQf//f/G1rIpmSqIFVQt1TGUA8jcjKE7lPJSeEeObvhygTysN1QNBkzyQ0sj7iodHv4BZWfKr6wawfBFraAck7NGk0nRX3AdkGymV8TaO+5nV0c+V4NceQeXBYu7LTvdvaDCjql60wn6NSbF53K9XOC3wF9sutdgYwOpKvWBgZQtFUnpWu8+BJtZrGhJwb9mOygjo8MlF294/L1vZ+OcUozyyUQ8Vnm/f3O2VnZ8uOIz9pS3mMsfmGZw0+ZBK8xb4e/SujrODSeGU/kmN7eCAF1eDCgcOhHVYaqyq0jwENjdOjgzI7rbaLXZTc/QZqMGFEoY1jjHzGZdj5qV1WBgBv46A+Bh7yxXFFJgp59qUegFeY0d/R7xK9yokHpdOcMznZufE/ZCpodIw2whc6bD2ujHT0p+TbDKiufASEiRgA6ECbe9oIhPw4higMB5g8ZFlojmqSI87bE5Ruw904C8Tz8FGfuhAYTimvaKHzPAd3amaybGysleuLC2Vrfb28eOt2+b//r/+j/NJ/+ovl2vVF8x+VSe/cvGY8MsFL7ufncqAa496VnyCvqT+hTge8/cBeSei04xTW1/1hb5yclJNDSSPkOwjTwcv7/ms+GHoe8MMgQJapyxIeH8Y+uzouMNr9rIPZyK+BjsYA7eiPT2ByCtqtfmYdwM7+nsM6rg7Rh0tBfRj92+ouUF/zsedlwDibnZ5qRlpvubyeno4J7lmAx6GysHhNhJox3ZSp6TBJAXVa91ok+NWwLuAYVEAXzM/PezsUE+a8dJyjEZEL/cIWqumpubL86HHXwX3wnTfLg3fulNnx4R4HN8+cxroAsk7m40IP+MTnNx85b9gWalzgYNQObo5/mMvxDuKwYOeG2K+oPDi4o5MT5ROfebVcu3Fdc0M45cOyg7Tl5Ii3LpPWfdueSxxc21HRy/kQB5f6MGc8XF1c8DBM3tbBJUz95TpskxxM1RW0oEkdtEVOiZxb8kA36oy5n7Ji2WmnqrBOzxVetIB42zZhxIgqbVI6YNo8tCsfcRkP0PLabma5tJHU6zjxQwiQn3iXY4GmoQnP5IFWtFn55LRxTXrOUcSDQP7EfaPCig/HC/oZUiYdQThG93Bw+XVNz3V8S6J+9UOU5mf0GNuoVpt20OGtxZEdXPQKTbT8mz4gTzp38ElT4ZF4O9SyI8DMbHzETRrOKA+odibFNzyOSefdRjm4yCEdXBpoeag9Ibvw68gbchGf0ifq4Xsb6gXQUcrh4NLviI32n51GX6ljXZ66ua/5pT3uO+TbhMkDNAixi5QH4ZcywMRE/MgKdEI2MTcOdHCtPI1TZqYExFFZXXki91RIg7LCBMrVwEBESJSJupql9IbpUArKxQDCyYBR6g5az3dwuQcyTMi6glavg0P9yRPpwGV0vN/ScWn4etNxYAEC8qUc3W7l9dNYoyTJL8ptRaK5aITAzoAh+iQuJZMhKYFEFA6ulNHykFOn/Dx1UX5yela0hsrB4WnpHF+U7Z39crCvgTc5VfbZX6v8PEECKASnJMAPAwFFog9Z2UX5pyZnCpvRMWr8AMTE+JQdVgy+B6EmfIw6jgtt5BWmtFkN4PVKwzfmR5OLppkyMXIqGTU64EHLoJL+0AfCSV7lipeJsUkf+8UWhXCqA9kHh2iStoqLfDijyCkc3BgY0cdNPyB91XtxpoEv3rpytl5It09anSBMPaB/qTeB+nhNCf/uu6Z89HFrfAHK9cdTPulnXLaNfPSDYh3vVVy1FQQifbzqozA+yB/jGHsQRy51cGfm50TzuOzt75TF+YUyLPpTcqj/9b/63fLC7Zt+Moav4B7IdmeIkZQD2Di4NcAbgEMxCJwuB+tYxszQOMyETKR5v7/X6cb3p1/oHiNNPPIBU4YgwBN8DRkPtFcAbaIdvSGGEp3knpCxlSHAT7ICtKfFtAmaUGZmHAZAsxcWr15trgaA2rW4IAeQdhuibTVclfOT0J8G0P+XgmTIA1LylTxnCCDPy8CnbajO/Dq/LpfXvBIdDGj1lbJ/wANAOy4SAUJ0u76vEWAFqAvENyGAXfDpKXJi0GUmUegx8TG++NbgSONm5WE4uHtrT55xcLunIKSdb/odeweNc9lKxn6/g0v76DfbQl/HuE7e/RPukl0iWm37j4MrR2cU51rOPQ7u3NVF8YEzq/4cnQgnQg4S31dQh+2F7Lhpw5xAUU19YVuh7flUDhT1ncmBYQWXB1QcXHTW+RsHlxYGnXwAl4N5iYPLKid2x+1Q/loO5AmbFHu9iYMXL8YoL20KfsL+yYK63igbtpb4c6+Ew2fEA9xj353e0HYbFKaNxFkyLw1PAHmzPvoPqPmu+cGphH8g52jSSTNoDLms+s31Nj4FZQhpNzQp5/5t5HHEPCld5A0oDu4Y2/u8mhsruOngUjboNHycRj/QUwDf09Qyhjf3M09MguQlVlY1306Olbm5OfPMfUcPyNhItgJRjjdi8ImDSxtHhvkGRrQaObdti7oAO8ZjrCbHg+ThYcd5SOcBlevhK+SJh2n0V80IuUnNaGPwHHXAF3kIyQMQ5jX0qCfaGzqZ5eEPZF6k7rz/QAc3B1LGwwjxXNeVE5cVIiiYqaFLr7mmGPlB7nE2oYVTk159QDNxPWcFFyA/tKibMNMynbCtPzqrdXRDaZMfaBGfkDSAvM5N//1prG7kddw3142DK84UE4PSr6QaeblOFQ1+FEqdze9F0xdyWgmh4IkPB5c2swKMsttA4eBSBCdAMeMT5VhGaGe3UzZ3Og47R5KhjOKxnqzOujJOHtvBnitYPHFzCgCbytk/yMc05MW40U+8ksLBPdyX8spwsqLL6sf0xKRfxZB3VPR4ymOFF2d1anq8dHbWxbvkgFzYtyiZYPZ49YfyT6AHQl7ljKnMiBxctj0gK5Djy2g/H3tQh0amdESyOxVqEFIPcqRvkSmGg3wXKkP2IVYw1P/6z+0EyIteWMfY2oHchdQDWkZ0Cf2gMGXVFHY55xEySAkpF+mt/gPoQZe3vnoQAGVxBYhXMwxsi0k+MDzp3EKDkC0HbCXhS2wm9uc6uOVQdHjCHiqTkufW06flzW9+o6ysrEhPtrqvsAGm4QDV7Sbo6VkOcUK2Oa8B3gL0x9X5bl6/oQiUVTSlA4R5T/jC7ZcuTxdclYOoofEMJH1W8BIyrgZ0F0eov94M0W/CfCDKkHQ+DDpjo7kg2xR1NH3DVfY70PBcAw8tARnWgB6hV6FP5quBpI+DltcJ9T125XK4oolPY7Pbr71lgVpX+8Glmrcadbm4jnj0vweqNiAPzRaSfyuvfuiOqwbqfDjYTKpZF9tyomuaPMpLeSb3hYUFH/XFxAkNJkhs2cTkdFl93G5RwMFli8LcxEiZlHMer/hFqxlzjAHK83Ew4ZBoxngN202cx6rmMRwR2xZGbuXgAnHMV8yptheqI+Ys0ZaDOyZHZIwV3Fc/VWYW5pXGtw168NeDvp12ObgsQKCLrl/8AFCnDkU1tGMFEdroulcIBTIJXsE9PT2UvKDR8N/n4FIu7Ar71Rtb6wdn2sL8KpuuMZLOFWWpzzw5byxyoQfQIX+0M2wm6hPyCrvpiUuQckJ/bRt5K0W6INMA3oB1ywqyXjuJoptOEvuZqY+y5IUm4amcMeKSV5cVkO52ay6Df/IivxxP3Jtvda/bwiKPy9ZOYIQ1feZoyh4fnWpePCmdvV3T5EGTI+FwcLHv6eBSznyyeKT8eIbofNhfHnhYYQ3HjrbS39QDZlvh86ATjizxOLi0hTJHnQNvQzro7DttcpqPgsPBJX1sdCrapXkGOrQn2hb9zTWOJHM9upgObsqMtnGNf+IHMukVfJwcR9tGpO8pm+QZmunAwgNAnuw/4tIBpr3E0R4QniiHPnNPOfJ3Hdz/7r/+WxZddgpMGmSYuCceTMEBVEwaQBzXNAyE2RpIr5FiNCzLIziuxxuGMx7FcZk+B/fiIhqd+biGH+pOgWR8Syv4gCb8ISQan20ln5VWSHrSAOprAMcuoacujFpznfH+WEQmpI67UMCrCfMrOfiYJw1ytibEF9rqICn6EApvnnFaRbdRcJ7Q4fcK+281eOjYnEitGtQj5eRjr63tvbKxfVD2D47k4Eq5j8/K1Vsv60k+5IBMcIjGZVgBFAhlxJCixKzsMhjYajA7O2fn4fHSkzIzPec8lD+QQ0w5/9CCaC0uzFnhcEqZLHC+GExTcnxv3FwsG6uPZYtiddeTwrkcQsmOB1DiJ9QHXsHlQyfRZLWU0M5uMyDc3zIKlGFPm08DUJ0X4jNXIc9ZZWicS5Vo+2AoHnB01QX0gDKgnzYEWU/IWvIVLfKdHsfeJtIAjvyq9Qi5pn5TNw6RB5romZb6kfychBA6GeVAJjTzLuZIs64oTv9FutpMm6jD+eBH137aZ6JQVveb4gY7uDPl6PSgzM1O6cFkr1xbvFoO9vbKzNRkWVtbs1HEGDaq1kDoVuofk7HlqPjQRe5JjHtW/hlnMRkyAdZh+xEK10EnrjNEd/I6w7wGKF/Tzfo9DlTv4SEOVu0oRr7gT/U3fRXt4ro3ZEIKJ4X+o4+YOCN0OrqkMOJDv9yPOG8K6fteoBz1K78uc+9iDzzjyNK+qO+Z9lcOQcbXYeriYJAM3M6mT/vKfxjguEKgt2xbZ0/9tXOb4H4KWVlugvoaev3xbTr7G6N+gLzOLxaSH8YJbxFY6WbSPJW+YGsZL9isw6OTsvLoYXl47107uO/f+bYdXFZwcXD5cI4hlyu40iyHPv2GMdg4uKFfwSO0vU3I+2OJDQeWcuQlTzq46Ach6dgQr442Du64xuErn/pkmdaDKFsLyNvv4MqsRv1p01SbQ48B7EfMp7SZ+TQdXFZwcXBPTjo9Dq63uKk8fQLkHI6DRXuSx34HlzxuB7Jp7CTX1MkYTtkTRzvyGwusMeUS+x1cyiPPQQ4ucrzMwUUHAOYi86M6CSmb+cETOXjEUSbtNJD21GcWi3+uU4bkN0/0tdpumYyGz4BtIC9tDT2IfJSBfi6IsYeaOWpve8vx4+OcWDR4BTfoVQ6u7iUQUeGBB35aB5f+tp6IV+qkbqBzuO9xQBzzNvMCacdyRre3t8ve/q7L4eB6fMgsQ3NifCZkcomDS53QmpyUoy094r52cOHffSAH1w9k4tUrxoex8nql0dPk2X3X0KUe9AYg3vkVwpffYijNPoPy0y+8maF9lMUeQ5N46KSDO/zFH/3sPyITQEE3TuCjI3QPkE48YWIC1zACcu3O6IMsAw2Ogsn7iIt4VpQAmIw034qp4Au6YEw0rSFNOuRJfgHigLosXxjSEfHVc/tUR56kU0OWIx0eaSNHbxFH59DRxHF/RU7YxOSUngClnDhJGoicCEB7cFyNGBHdF5SaJzuMJJuxdX+qieNQRnBYBu0c5VI8x3ON6F5mouzsHZSNzd2yurZdNrcPy37nrOwdnJWVJ0/LvUdLZX1r18d4nagJG1LshysrZeugUyamZ0RPCiz684vXxKcU8CgcQrZb8OU9r423tjbL9taW+2FCDi9y2pNzi4M5NTVux+7p5tOyKKeIL7tPdO9XD1Imy15tpsyx5MOXvDjvpzxIKM1n18pBJe1EBuKKZMdRZPTW5NR0mZ9bFF960pMh51UWdA85T5UMkiPHXuGU60Z0pfAMOAa++o8BwyqI7I2MH3pAPtWheplg1au6Rw/oRw1AtYcJiD6j/+GZEMcWPyj72ccRqW5Kx3mEoSv0qY8GUx4pjGk7pG5dsqe41qPUa8vIx21Jf0TLjm9z7aOXhHylb/0UL/5qmzLEg+YV51l6o3jL2gOb9oeB5+ty+B+Vk4/OLK+t6wFnr9x68eXy2Td+WMZskoUpNZWveTWRaSwiD75C51zhaekK9OkfJgh02lty6E/aZdlgSNsJ1o4dfzLQ8OKHLZpcxfskAkRMmwqv/DRJgS4TYRxjpL5t4tSqbhincAQiz6zXcm3oM/Fw0oFPYBCf5k96Spj8hCekUOnSFjrnmVCiDr6VN0wN+akTfZCToImKfkYOI3oI43QOf7FLTZJZR7qrzF0dcfusbxCLjyF4m2AtpR3wI9rSWNsIjsljTFLWH7Q6Xe2mL4TQiNe9yJ/JPcJE+o/0gSinBr4Dg8ZHxSFWMhUmX0bk11wzZuNEFCFtFL81nslpwnFSb3XRjnCD/fdeRccho3tY7ZRc/YW8kXpbu42IWSzA3qRdIs16KWDMsIq7Kydjc33N+zEPdrbK2sqyqjrVg/uU5IKOI+9mTqNigWYp0xlrHF9i0oZEyLzAnBl2xjrPuBVSDhYox3himxWSYW7gZBx4ZfzNzM2WGzdvug3og+2z+sxzotp7xPYI66pkIb7gj/Eb/MQ8Z94V5zGgePQ2gP4RVQVcwn/8H44M/CWvjlcyXQowR0MX3XJyDIye9lGX5eU6A+EBcJ8KoEn/UWu3bEUDSBqcMkQIJP0Y1y1kOiHyIR1aAGOppkto1BxL/USDkKA89VK+cxgOMDKPuGg/rWB85YMK/lHki34AiEfHkgfo5ZtPl8OG+5i+4IXxHWOpkbFoRT1Nm8BGj3xMnfTEMmjykxc6nr88VrCxjK1WL3nwSZ12/i6PsTrPfAqkX2W7jZwaScNDyC74YAGJctACSQfgDTQvAsZLyKFJ14M9D2qpv932CckXbQynFP5A6s1+IT7opwxaOtwrq/PglwVEeo+DC+Q1QuK6xoS8rtOSkWjU5ZCCTYQU5Zk8uE9lId5g4baornV0XXfQaXnKMK+BupMIMw7opwFkGpDpIOd8AqRnpyD4oHsR+700gaAg0kkjL+FlraQ7I+WACVIOrY/fkuN5LMXf65yUzZ09fwj2F996q7x1564c13U5dUPl6fZuefOtO4p7pyw/2Sh37jwoDx+vl6XVjfJkfbs8Wlkv9957v7x97175zjvvlMdLS+XNO98pq+vr4ajIoO/pqfXwSI6nBtDW1o74PfOTDquqI2MxAGkbK644sBz4z0TLUyrH9/D0juIwAfigZ4mGNvP15JmcLKYuTm8Yl5Fm8OZDiyRnWWMYJH0ZBTlmEghOybGesHB4GZUcPzUmXianpvRk2fFHIqxo84dzy1E93mIgo2N562kSZ0aEbGj48OuYVxhHGkDqQh92zUyrsvyJDD1mZLL0nXjp6WNQckj9izIRl3pBfq7p6+xvUpKO48VfD+22CmmBcrv9irRiqLwujUoPevwJHOHIIKH/VNJOjo+sangI/ppqFHocSk68Bl5Z2yjrmzvlpVc+VV773A+VCc5IvuBQOOkyf9JH192dBNVfWMkLeIj+y9DOvtB7/xRHGfPaF0Yrn40npA+lKZGHBzvq8pYjhdwrH2H33nU2+Yinc5XHHA2g/4Gh6VAausQ+GwKD4h2qLDrqH2SR3LKPLRe1DdlPT816fPHDKvFAogffcX48QA+Zyru7e4Da6gGDLT0cxcZKncap2kaY59TCBXXyUUvsQY9xiu5QH1z5r75u/ig7GPW/2w/fHx2t7eIhyGUo7F5gCTKesJG3xSodc8hETBuaLH2IQg6Kb9FEyCiErwj5kDTugTa+N8TBGi17O9s+GuxcD/a7mxojqytlRPVOcXzZBP0hp0X2DJvHgwB9ONKE1J66AHAdIL4VFfZO8Y0NbNMjzOOs6FP0BanyMDAt24qDO8sbFJePByQcXJdTv6MXcVA+dEPnws4C0XZsb/DX5GOMmwfGHjZDcxWWpBGVNMzpqc+99CITxcOmp95HXvixzWrqcn2mFeWcXjm35llyJDnLchP8BSAT7tEkgDxZBxD63QvO37Q7xk5yDt/BU6JPwWkg4iJMOG6214HRpro+tTmLS19ID8cx2sPclPVT3rZYMuM6+y+/QaAsP1SEfvlBTQDPyQtttowaml4EUVzKpycP8hEb0ExIvwR9tP4KKccf8SyGANgdyygGp/I08ieuqYc64uGt6gcFKRvS6rY7n+hl+wG/oVaeOO6s1ZfkmTIAvHXbpHzZXuKijuptaMUjxSnDmCVsyA1ewY3KooLEfqjj6sqi7OWAwKPhqXhBK1dmiM98DqUYwXCganN81h80Wh774xOyTdEJLY/Jb/ID1OUA7jN9gj0wrAZJo3JlxErcIJObTByF9G9UzhvnRU7LoZ2Q4RotYzMLZV9O7tLKk/Luvfvl7bvvyTl9UO68e0/4Xlnb2JSTulZW156WjadyYJdXnff49FyT61zZ2Nj3flr22MaZsMN2FvePDssBe10nJ8rOwV6ZnJ4u127e9J67d+7eLfcfvF8ePX5sefLK4OCAVxjb5enGetnd3var9rHR4bK7t1cO9RRLHg6FVi2SQPQZxn96Sk4xssBI8rpA8kTRx3jNxqTggYSczzTBx2sHkCcvQlawYsVKysekbQMh/fEEwsqhJv6xSe8j9mHnSvVZlKqRa540/TSsa7rJPcXg86BgAIhj+LK+hLaQhyFH/0XJFogDefVFmE+ArMDQdqV2ddKgthJPOoRJ82qu6qJOVmWj7kDioRtF1Qal28cWn2awD+FDTfQ15W1cqC/1VvXh4DLYgaBNvMLkR33QdXC3dsuLL3+yvP7GD1s3WBhToRhvtE19oVK6kv7aCRFmnEL/kh4hueXcupLnYIwH7EGM8TpkgruQQ6tMyiuZ2thRJ2XjvrHU3TDS454VesDZdB9999FD/xjIJagcA+NBytJG9JHnE7QDhymR8X+g8cYK+uzcvN9OIO6DzqHG4XE5OT71R2j0b5zlyoMavRu0sHnoUtoT3mr4IcRjJOREPmQR9ibkktd5fzlGQPjdIONa0mGRhxuhOO/Lw9h4Jh6FV37etng1Vnnow0GofwPjQa/SaULmyGQ3ZBi6Ebp/qcdR8Km//hA6kuXe9o6PS+KDo105uqzghoOLrR6XekrXNIY8TzX6jIPryVZ9lHrUC/AQk73rEcPko2yTHOO5KU8dpPGATp/Pzs2UuXnpzOw0WdUI6lZ9qjcIQ1v6gRxMtxlXuubeFVCsSQdIrx1c+sWveJ03yqVDwz3Q5dd5apogaeipo90eIOhEW8UWKfqz1ermcQOgIX56y8dN5kPGAO0E2vIBjEOA+LpeXThMu8iDRJenCmsHF7DemGbYW+apAPop2laDujd4kiyhRz+Sx3baNrqFSA/5M10Ax4ecstGURcdYtRUtxj5/sBJyC2SeoE3p4HquEZim7pWqu1YWifRz/DIb8zN8tCv+0IvzvKkPXUQHGrrNA0/t4Loe8xMyijrIHH0DnXA+QwbOI33L9gPdN3xNf0ODeskT9KKuXAHvnd+CB4D+yfx1OZLJgyNP2GQPBzcuA7JAMgIDQEuoFWYNg+IGQ1s+Ghd1ZFnCFIRDM9uicjsfUJeprzNMjHJAKAuh7xqamQ/IEMhyme59fpqd4JeVT5wh4hlM7lx1K78ANTQcji0rqBz3QvzOfqesP90pdx88Lm+9c69841tv+ZfFNuWAxGTJ0/FQWVp6UhYXr5WFxat+Tb+9ux91D4/J6dT9VqfsHxzKET0o+x3wsBwed0SD1VARGlGbpHgv3H6hXL9xveyzteHpll9nH2uCnZ6c9MR6qLJbO1tlY31N6XJyd3d8Hu7TjTXH8wpvc5sz86Rw+mNz+sH+Hmpb+IgsnuhYjZdTKKVi9XaCVVhNEsjt1E5tKH0OKJ7iJqenPKmzMsHPYrKtg5+TxDHl9TQrx/5BARxcObuc84sTz3YObASv9yjPXtQzVm9tceglpMzTKQOkiUJ36U+FebB2OK6KdnLonXVcIYOatsB/d6CSR+XIT0kGJfFOUxny20BQnwBDRDwIRMkArnyuYajVM0C6fwpWtL0vW7TMB6HqtlMtfnySRE899LkGs4wl9+ngLj9Z9wquHdzP/VDstRYJ52kmPmmyeRxSiHztLImWX0U7Xe3XXzi61IfMQm6DwjRag9CTmxtK/pR/EyJjaPSFXUcBhwC+RCEn9cv5eA66zgHxHxLZ28UX2t6KYp5ogLiyPp6XmekZH0W2rwdFwsnxqTK3sFBmZ2bLhPQdx5Z9nowVHEYeiAEc3+vXb/itCPUAdDf9TOcSZx1WmeQl5Nd7DWTcs0jax0G1UxhyjvtepHdb/ow4l76WmJTKQ0qUH4yiOjAe1H9uJyH0km4d2ikAcpD1hMqn8vu7e94LeaH+2dEDfu3gsnoLLfrUdZmfkD0hxsWh4hPCHjCwsBthE1NvE3KhhmKMEewGgP3C0Zmdny3zC/P+0IytFrxJof74ap6IqIeL5Mfpwqgn2km9kU9VKT4dWEJxIP7YIuKR3pSjjQDXlM/7qCvsHLSIo104QlFHovlpylF/Qp0n6CkfbzeDvQbaPGDSyVfZQJ2Og9YPbl8jh7TbrrGhV+OzDm7WE0zxwBEQ9dXAPf2F+CTJhmbIkTSP1SYfGHKJfqLtitRDbns6RD5ERRL2PeITiFOFpptIO2uAjwTyu43QEp85/wJpl5lr2/lYbZXOev5CP1x/oy9uW9RFfDq4Sc9sNmOLNOJJhyYhNsv1dR38aBdbCwHXIYy6I41wkINbYzq4Nbi+Riez/dyTb/gvf+H1Z7YokAHBcZ1Yw6B7CPfHD4I0QEk3ixC4A7s0Qngq0ASpcM8qeA0t3Wf5hmZ0UD/NFrJcxmdI+6ys+uNICpwJnLjDo+b4ChkkjP+kJjJepeOAHRyyb3W3vL+0VN5+973yHTm27z54WNY3tryySltw5ryXTw4Fhzizh++FF18qU5ooV1ZXy/LSatBXf+/t7PuaPbTsV8Uh3dnbKvv7u+X4lPPfZLD3tkVvWA7yop42z8v62oYd2wk53FIlTaxyHMXnmHjkdASkeXxyaBqs6E4qHanxup+Pl8abLQx7O5tleXWpbG7K+d3cUN4tHzfFKxdkMTU97a8mcTp5zcMqF7/7PiGH2vuukKn+4J9TFTCymc6eOc7h5en8sKMnTznC/DjFkZxBtmmwtYPVXM6E7ByfWLY46bTrUPc8qXpbQ6M/1hLro/pLA+iCp0gcRxkj+LMzqHR4yv7mGqAtfmCBSsY3xjYmHjnZMh5sRaAcjhfOGHpCuVh9k5Y09JQQaeid+G7r0z+MI39ZB/RUNmnZwW3KWwuVRS20g0sceQE/bCjNqwECHFxx5xVcfskMB/e1z37exxApW1NVY3wbg8ZDhBOlEf4q3ffwRlsoE9cevbq+DL3CMCAeJIBPSSxoipR/stS1xjW9141XngyJixU6cQChS9ATwID4xJT/ZQgMiu/isB5q5KCyJedUuuSfMVZfAIT7eggkfWF+QTo7UlZXV8rX/+LPyh9+5Q/KV/7tH5Z33n2n/NEff7X86de/XtbWn1j/cW7YX7m8uuwHQE/Wwq4ONLroPXu6ho+0t/3Xz8dGDHY6m+uPgu43LCA6oX5SXC+Sg7BKo4wRGoRYoTZ2IFonB6GpSIdC3oOAcQGgKvBSo1ptuR7s7YeDK7uBg/tkeUlcnXuLQqzIKX/KlPEM37RbcThIHo8NC4xrMByAQMq7wgbME/8UMj681UG06FvyY//mF+bKjBCbSH97FIgXtra4XghSr8Z68BMrcm3fq8omTBk4tNyIVyiSXsG1/IiDTjggyTD0ANOJ0S4gf5Th4yF6lfuQQ9TV6lTQwVKZArYS++S8Kqn2mFQXgkbKMXilngizjsyD3a7juvU15QDikS2Q9FJOsKXkLlJ/QNDDaSNseW76s8nHXlhF+R6auRIfeYOfKB/1p4Mbei3brQfk2K6gCV1t9Cq9QpdX/izfBeXF2eMbA9fbbW60S/8MWb+q4q57T9mUq/UFG657HNxTzZldB1f8EZ8LH6n/LW10NRauAtr+Jp6ymR75Q+bp4MZrH1Zo21NWiCeP5aNrMB3cpJfxIICDG/QrGQnq2ygXdJ9ZwSUyCj9LPCHvsxLuayafDy1zkb9XSNAJaDhWkPkjDP7qeup667DOE5CK11s+gbi2/hYyHqGx/w6lxUGjM6HH0UkTU9NlnHNmO4dlQ07g8vJ6eby0Uu4/euyV2nfvPSgPdX90ojaoPOcbssKDs7u88qQ8EeKMsjePV/Db2ztlZXm1bG1uWgZ8kTg/P6d0zksUyvHEb2My4XzQK1c0IMtp6bA9YUpGUgNxeXlZNJ74kPALDZDOwWE5PujIwO+Wo0M5mTxN4fDpDzr8whg/0oA5lSp5pWludtpp29ub5mUHp3pnx07u06e6l1PM142WjwYKpy6A7D/EmYbvERlwpI0cWRFG9MgQiD6VfPn4iJrJo8FxeHxWOkdSdsmC8lfk3OLcufcwGuoHHAo+ZPMqWDMo4okQkhpYukbWGHn1eIPUDQPSD/oa40L+RseisAL3d1zDY5SL1zvmOfMLnC5DRBhbNERb8R6kNmYxWL2dQ2miHHm4pg54ae4BeiRXcCmHY+00ocSh+Hi6zdcxGCvakA6u9yqrDn6qlxXcF176RNfB5Qc4unXTRvOiNsCx/kVd7Rg0f/qXPNPqLD8IB42fGqhH2dwHVNN/jcEl7Llvrl0HUYSXYIzTwWngB8GgMon0E32DjuF8Yox5kONNDo4J/XHt+nWNjc3yJ1/7Wvmd3/md8rv/6vfKnTt33J/zcmR5U8Lh6/D55re/WX77t3+7fPnL/1rja8v73/PDVfby80EH9Xb1R1h/fAPkdfL4fGxkLYF+T9D90lsHPFJPf3xiPCgxRgfQE6o4rRmMBALr6mWogaBa/EdYoypQ/XJw9/d94D0OLj/Vu7r0uLuCGw6L8mks2SHA1qiv2KJAyH7/gGhroh0WOIMNj5KMj74jyjKAtsdIOB/kZ3Fg8eqCj/FjXyZ2zR/9KG98GMi4jrHHVjLoZDwYsg36db0AsqY+Oy6i90EObtBq6DQOLs6NG6A8cYoQbW91EqRIlg2kJGVbGehfOLhN3VkP6bWOE187uJkOsgKZ+cAuNPSyTC4CRFKbVv/qJ/SiXdxH/VIPx+NIEfbUIb5rBxd6uUUh6VlHcEib+nscXErJgJOWNtu6oPKGDAXQNKg+8udPRWMPAdJNt8kWPMfbA7dDCWDUFU6pdUV/wWvES4rxwCU94b51cFOvIn/Kx4ttpp+2BAbavkgH1eNQadl+by1UPB82J0R6OKJBp5kzXd+zfQe0Dx4tBrTlgax34ApuwLMVQCzT23wBEKvDy6AeGNBIIfk1rDDLJ3mlOsyGeOA3QLl+fuqwFlyUb41KxiXdhDAmAXV60OPrel4t0VlKF2KQ/NWuFHdPhvMvvvXtcuftd8vbd++VZTkYq+tbZW39qbcU8BX4+vqmnDeO1jj2b6Mf4HQey0GkparjsNOxLOBjemrKB/LzepPfsKbCnZ1NbxHgGJHTszhU/IpXtqSw58f+nXiO8NiVE7qytCqDfOHXpOpuD67lpUd2SndFhxXgfSF7bimPg8v9vhxgpvKFxXnVPalJmfNR161cTBBM1uwn7MiZ35fDbGMiThj8OLd8IPd0c7vwEZnmf/HFw4D6V+VYJZmbnylT7E9UIs4xr31JZ3sHx9pQRqTsRAyzWj4q+eqe486oiY+VGIg8/fpjDfdN9JH72zrFhIRzS0ti5RG0g6e8sfJKITWdP9VFfdJOr5TxkYnbqrb1rAZkiG6B4pX7XOEhh2mpHPqchom4xjYZUGNuzW8DrJxSv8tJVjlYaQP5aDcOFfLmPh1cnoqhxQkPBsmFUxRwcFnB7XVwISejBs/KGvWrHtXNshd/cOZoHpwUcO/VVcUpxWUuww8EyUnTgvISNlhdK0M39LXSMoS8pKCwre+joh1mgkvQvUI4CAUnrCCIhvtHOKIHwrHxUT24Hnlrz+///h+UP/6TP5bz+qb744s/9cXyS//ZLzn8zGuvlR//yR9T+Ony+mdfLz/10z9V/srP/pVy9frV8vU/+9PyG7/xGxobc9LzPdOcwOHSA61X8VU3zmG8ukUvmj5ySnud7RiM+m9gwz4sqi+8EpP9A1TpjYJHXw3CyJk8D8LWmRqAKixR+K4fvGKbmPz0IQ/P8N85aBxc2eGttXBwWcGdnuKQe9HCftjRFc/NRJlbAtLBDJoBjEHz7fYHYiuxHaQFhP6hMwDpjG/etvFh2dVri/7IDLuEfeVhnzEZJ17EeAE4EhE62DbisX8xz6kG/Udo+9PYDn+s5jw4uKSJJ/MZ/DzPwaU9wX/2C98o8FPZkR7tbvIob5YNVBZyNbx4a4RC3sJRvq4n0sNBIz/81g9ytsGNPWVrUE+9CU1eZEK+3MZFnpYnyZPFDsVlWrQLCFrIKOpLB7eRY0OfKpm3yA+f6eBGWtRFeZzFuI/+yTdlONg4gf6YVGT8kZd1TQRMJmhnf2vyEj3Jp2lPV85SeMpm3aSB6C6AHKgXXsIpxaeAj+CHe9Kohgd0Lxjpvt/BTUBfAbY6AiQFRp6QZesA46eRhp4Swjr89a/g1ggknYSMByIt+i36JvJFnqCB3IEeB5eJlSys3mBEvV0CQrrmPkOgrhCgEuJAd6R76nJIBoEogwCoDiHwlR1fTUcHg7oiozK4hMq6aA/UPNW85HULEoAGmnuV+IaXug0oRkIvn7RNBkUDlFiUgRVFaHWOjsvS8kp5970H5VvfvuOPx5ZX1hXP14qlHByp02VCvd90LM7W47iaSd1z7ihnzPLhFsrxxhtvlMXFRTsvdBY9w95JFLBz1PFHYCdybvkBBZR5amrSHyhMz0zJkR0vP/0zP11u37rp1drtrV0N6FGa6QP9Nzeeqo5Dybj4rFlCnO293W1hOLb0gV+zytm9JTr8stjqyorKrnt1ku0UIzK6XtFQ8/koiomcH2aAZz5OW1tdFa6Uzn6coYtRPmfvjCQ2NT1R5tW+ObWZV7yc78j2ApyeU8l7Z3ffvxmPU8keXG9xEO1DPggRfzjU+ZrODip9oMmACSH3rRHGCmygNNt6g5Hl/FyiUj+Y8NAxjA2mzCvG/MAFzqPv4QX+MBoYtGZiaQxIfpzmnxymz9SHHnxCGx0Zp64e+X9U2Vod17DAhWj4mjKKyQHsshJ06B/n4LIVg/YHL6Qf+TQKnsTlDEGLVSDJgwestafbcnA/WV5//fPN6iD8IrHQd6493uFCIZfwwyNB5Gn4Jm+T9jywTJ8D0S++0jVyUGdwxA1yxMGmgvgSLuIz3WHILfgejB8EOWE9F+iIqKkXqUP8h+6rP4SMIz4cXF1ZLff0UPt7v/e75cb1a+U/+bkvlV/463+tfP6Nz2mMz0r242VmhrchQ94GxEPr3OxsWZifLy+9+GL5Sz/2l8ov/MJfL//4H/+PfgB1/unZZpziyIR+eTBXvZBt7g8vg+etnn4wqv1oRV47jDozDd6698+g0gfKNjSOMBYwLtEyyis/tjTyA2Gvh/jyjKI9dHvR2qOxtC8H92Bnxx+ZPV1bL6uPH5ratOxs1szbn7bNMV48Fza2J3gEmZMaR1b6GW2IcZ9OLJCOBbpCaewbaSOybezRviqdmZZO4Eb4QVuk6HMWNvzWUPG0gD2c1M/xTqDnT5wdeBNh8mA//EaJ5tpuhL2K8aVU5dWlEqVToi2CugneoRB7qYG0QzEeqZdf4EIuOY8nmoSA+qKv49420Bj5mDsYQ/BLHuKwy/HqWeNcyENc2FfSGzlKbthitgbBV/CUPAtFC3rYN+cXPbaj2brLEeSBnj8cOOpk/iakbPan+Vad8As/oMH2yRJQmtKJU/201U4jjBJlOfQ6uDFnKA92V3/K4Te3IP1DGnOHF2tUlr4PfkCqkXw8B6lNF8GP7abyuE8VZnvgm6J1WjjTse8X+2FbojTaSxn6El+EkEWmcJrFq+ecGFuUzf7mXHvKQjvyRn2kAdSXOgMd2md9iaUpz48JyWfqDBB1tfgshE5GHZFOWeoAaFOt88M/wRYFGFSihauG2cbQmS7AgAkidIKodoknY3WFxBFGpS22EMwoi68JzWjDIPtQI4l7yjXOh/5j9SrSgl7SdpzA9bvzeoF48gQGPWgBDDQLRCleOdU1CsUTPB9BsTrLUzfleAXMAN/c3C4nysNX0utyIP7w3/xR+cN/+yfl/oMlGaubKjNVRsZnxOBYufAvfE37PFqMGSuvk/zil5zbCV69qyn8WAFOL78CxdMUK8GshMbTUqzaHctJPpZy8HEKP0UJ9zNyElnlwVFkJfnqtevllVdeKY8eLZWlx6vq4BE5wJxtyirTuM9BnVDdfBDGxxQMGM63xenFcMMLhoGn55lpDmkeKhtP1kXvcdlRm/f3D73d4WhfDrbK8bva0xNT/nBtTArFlocVTRaExx05qkJ+uWV9dbkcHeyVazLkQ3IeV9fXyvr6BsJXe6b8OhDDgzOL/k1MTZRpyZZ4nMvh0RhwR4eH/klf+ixXtUZGJ8u4aYyUEzmrfODHAwcral7dlTE418PA0DlnvmKAQ3dYIUauXqGRY0j/cn6xnUTR5igyJimRsFMstl0vumc9kq4AYagVp3s/vUJT5ZkjSENG1jFQxLq6qBC9YqLzZNdch/GJdP3nERDOVNRzwhYPtQEqbANBD/nSekiGn6OSxiTDA7X/ivSJ0znYw3zjxu3y2mufK/PzCyqlCRbmIJwYHOmSCQjDIF13nYE2eGRs2vA8BHJcDkLE72q5l2UJFkKWEl4YPEWaHqHLiDfnh8+PB7FaUiHOQ91W/honEM7c9rzW39TkbHn37bvl5Zdesn4c6kFyZ3un7G7vlvfu3i3/xd/5z8uPfuFHygu3b0tnpL+a6KSAapsmPOX3A5H+eJAiDRrEMYYW5ez+vb/7d8v6kyflf/ln/8w/mnL71gvl+tXr3jfKsX7s4QP6+Wv5vExGxIe0YxX2snz0RejDQOyWTewDTx6XY2h0HxLgwmVoJeG+F9GBcqGHi+6fdEMOLqH7TH8MG2V+FqVDJPHxJedxnh7y1uzC+2/fufO27NWh7DlvOOLNyKjsiOtQft7aUUesojFR4xwxZsOp4J5rHF1strdMqX89/jU2fQIDY4PxjPwkYmwNvMwvLJZbt2+V+avXNGbH/WYMGYQuqgi2QXXapqgm2wnVEx8VxzYl20ddK6eqYL6O8YIcRcZzolcKdc+KMDbqVPUwt4ug4rCTYNTHKTT+VoE6oUPNyspKIj+6Q/dEfvhUmsr4wVvyyVNoKGN9FLqs6qE8iwdhI2NMhA2ItinB7by4wEnCTtG+sAc4uCzsxEdg4rlx8KnCLZaM0imFllfhFRJPv9lplqzCRsGbUqnL0hI92iM5ubnUgJxFi1/HRB7wwHzkLSSmS7+obI8tDfsGIBcaDg1oUe2w2s5P6OPjnDL3yn4jG3QNWZ2hN8hKY5xV/OhDtZ12oQOqK+iFDMDgN0LaDE8sZIQenvq7GOYlFp7wHeDTZ7mrH6GAX0U9YO6XdbeRqrSUH+1VhOJpC/mjyWk3PW9oLuX7IP8kscrwcI48+J4HGbKtEvNwxHc06Arf90gwfE8DL+Fr6UrE6ZOYGy1t2236Dz2iLL5Q/N4A/GrOdBlYFo/wF90cDq47W/dAnDUZ4suQdHvrYiYUMFJDWZSnus8JOoGyNVipmvwAZcIwAwgOlNDENGGkBX/mpeEs8gXmPRBKOjgNQLnUZTBiWt2Uhi9PelIAD1TVzetzOiQc76EyN7dI1vJoaan8/lf+jfAPy/LqmgzVtfLCi58o41Konb14dT/KCu3svF+xc6wXE9oJvwGtgcKTKIO9+6QhxFihmGD3SUisYThQAlZD/VO16uzYqyVlVwNYIbp9+4Vy69Yt79v13t2tbZWMp7M8jJo62cLAoMZoEoezy14/v6ZQ2+Nr7uv+qUv45adb2bOGDMdHx8Ub+2hO/XEZiEHOHy04laN8IgW/YBAKMWKyQXLkRzRJL/g13BZbJ1aflGVNLBveuiFHXuUZIJwLCi+qTDyKSw0KlFmELIv8EQmvoMko6EZpvFzk1XEYYJ/SIKHRPu4ZIKDbqgHlXzxTB2qcGGxedY8xQObouEYjCY1+KKPSpU2RH9ooACiwIQMaev6BCaAJsH8OQeVl0AKO1r11swlzPLnfRSfHSTh5pDd18wSvifLMK52aMJRg4yT9wdnFxHP9UA85nLN864WXymuvv+FXoTzURJVRp+uvwOOxuR4E/fk/KrTlG8H0hS35wekfF55lvz8i+iBC0nrxsHNcXnn5lfLevXtyQBfL+tp6+T//xb8oe7t75Ut/9Wdt5BlTjKf2VAH6sGmf6II0R9LXny64Vh5q2Fh/Un7qp77osfovf+dfepL4mZ/5mbKt8cyv82G8XZKAK1309mPUMxiirDEV8xl4XjzluPZ/3yX0y7Wha6jCQfzZuc5ywLMhzsRAED0oksppMPu7u+VMturJ46VyX30pj8/7nnkoCVuMbdZcIJqMvSENfB6UGb92bpsxmk4utsr3zfg2l57H6r6BjWYyFvJtgY8Hu7ro1Vs/pGPvqnYgBhwIHG/zr3haAk3z6TkEV13iwTaoquCLGKpS/RJbOHzQkb1UFX7NrjxuIxlUEXmxmwCla76hCY6NsNrXtinjca4BeAIyT/IVMjov49gp8w9PzO/OoX+UD3kCSjLPtFsEPPcxx6Sjnk4WZUJWQYe4RNri9ijdZRTJQgqTZpfvpj5IwY/1RHFeEZWjTd3Qsg+FrK6wANLYYSXkanPKg/9TH6g7nFsemmKu5/sRuaqxCMR8I2KUhTdduTwtUUSXpresaD6lTr5hAVzG/CDDyAcwj7FYBg+5msm8BoZNigc44jMPkHu1kUnStk54vDagexzshsNuPsJEthziv0A74hBh0EROvKHhAZA47l2PgGv4Ix4IGQZmHDSA5DvrgEbykXVl3uGf7DsHNwxoC5mZLA5VV1aYzNX3WVGNmU5YI0B6AnF1uaQPZBnUAKjLZX4gy2RcnQZgIESIC2WCXsYHTsvB8yre+ZD3hMoEeFWMVUI+DDtW3Nb2brnz9jvlm29+u/CTuJ/81KvlhpxLXq2zMrm9s2dl5agr9to83dzw6Qh8wDU3O+OPGTjrFaeETkIpE+Pn6MJYADlIY7BIBmKYCZQ28USLUX7hhdt2SnFm33rrO3ZuccxRdA6Z91O+6iJkdTZeqbFaGU4viHPJkx8/64dzOzI85hMTdjVx81oJOhgHfomMLzo5KQFej+SwG48OvZeXNrDPBsObT9h8HHfr9k2foft0a7Osb6x528PG+nrZ2drxK0NWhHltg2z4NRmOE6Ev49W/HAbJDv7HR+KnhVntHeMAffHEw4clpvycqoDxZnsDPx5hR1iDV8NJhoXXMMfu/5ikMH7qdF1TH2j9Unlkna/VUBk/u1IPA46BpTR0p6tjvhOgRIK8p79srPhTvhyUNdZjxvSpm3pNQUAeISShx6oBhgLD50lf5TEQ7BsmL5MnDu6jpRVdD0v2L5VPvfqaz9lka4tJQbOqFwTqMTcIMt9lUNMbhB8EHybPx4EueXfMoLoybjAf6DS6ztjCyP7zf/7r5f79++VLX/pS+exnX7f+czpJGHNVoz6KtiNrJv+ot20n14TR2xz4D+3XXnutrKyslj//878oOzu75Qtf+FGPw3ZCpp+ibK9su1rTB219PYhB74EPW/67hf6yffXx0PYMTwkfXHc4OxVU9Py/9Jsj3Pa2t+XgHpYnSw/Le+++42t+6IbTZbyiKduITD3uBKxIMbnH25awxYzVRPraTmPTnhz3wbL6R4Hzqd8oi7M0JnvLnuv5xYXCD4jw1tArVox9tcP5XBxHSv2t0I6VUbooZylXzrj3yiglunniPlbZ0BHpoOsnSf+ZNk6u0hqHCh6bhAgFxAdPvOFpVvkazLmElpGO3mcZUP85PuXECjCAnQn741vnyXwA8aTT7oxnvIWTGQhkORDo1isgrnaElOpVQOXWX9uPQMOGLqgr+1fOnNMlIxb4JD9+WpduZgsXc0XyArpucquMVz6btpBmpxLZMR8JzuUr4AiyOAS4rPuA2viLOOUUPeFZyC+P2QLqegFCaOIopryAlEO2lXT4qeNxvqGVskoMRW5AsuFBA4BU5Kl5iC0RgSykMMfEQqXnJ7Wda+8p7vZJQDq4CaQnWp4N78kjdpYQiHqCB/Jl6HblBQhkOAiel3YZ9NMlvAwHpdeQjAP9aXlfC6TGXsDoNQO5Dzh6CieWj8b49aTxyVkZnzndl7K2uV2+/AdfMX7n3btlam6+fP5HfqS89Monyr5/UOHdss0HWhrj8RvPrC7Ga1f2nrIFAQeS1wYoWHZUrtqmc0s77YwyKNRxACH3pnmBoT2xc3v9+lXv493f3y937951CFAHJxgwWabcoI0TynXSTgXHub127Zppwgsrt9DKeHhHOblnlRW6tIvy0Nzd3ZZj/VSTMeU0efgDOJz2Q+VjAJ2X3b3Nsqv0s+NOGca4nPB6d6OsLT8uDx/cL/fvvV3e/s63yx056e/dvVfW1tZKZx9nV0/uGjwT7POV84BjOzU9W2Zm58sEKx/8iAaGY3i8dGQvTofGNYqny9nwZDkdmSonI9OBVyaUNiLUQJSVOpQj3hEv7Cvyk7F4YssG7Wel16vSzVFlvDmkDD6xhN/VsxrgMY+MSkD2oCx1tw9jsIdBcVofZJkaE/KaurNPaz5SfzKefqLOfl5rmgmD4r7XQB3Pw/+vA322ooez119/ufzWb/1W+fKXv1x+/ud/Xg7uz/o33hkbOKLkq2FQG9trNCfyv/DCCx7H9Ns//If/bXn11VfLr//6r5fV1VXT/tjgVdCPAR+3/McB2+zBdvvDAmMB4LgvbC/2C+cV28v5uPmb97YBHv/xZgc8Por8LqPxlWMssYbs2wydX7bDtHSBo4Ytxd7CU+pGYg017dr3H1R3f3nqTZ7BzFvne175vM4w295PJ3EQP4wFEJtXpyXUeZJGyhes82T5QXSAQfHEwXc6RZkHmiBAXCLg+vyhcmOjK73Pcv1l875O788DpiwI4Sf5ynwA9ylr8mXbwWxDhlmGurimHMA1tInHeUx9BklLupk3ea0h49owHmAAytQI5NxGfvgDuc56SEvfg7TUSTD5zvwg16Rl3jq9TgO5zrikN/wTfaco+BGEQHEZH9cNYWWgMJBM1/c0oIYe2oKsHMw6+vO4nr4GdqF5Qu8vl9d12I+A9680T526IKOQK9WjGM6nZaV2dIIn6tFyIIdn5cmGz7F966075Y4c28fLy+VcvL38iU+WmfkFpa+VpScrMr1SJE1Msl4SrhRXyL6XRT+hT9qQUgv7n7z6KaQT4A0FZFLDANZKkm3nGnmw1wneMY63bt0oN2/edJ7Hjx97JYlVVlagJ8abn9WVQrKyoP53OU5gyD08+aqHlVwMLR+9Ydh3d/bL3t6B0obLjBxIVndpD7yplAY+gzNeObBfU2ypyepTJKhJyD8OccF5tweaMPZFnzwXZWt7q6w8XrJDidhdv0I0Zmx0rIwLcR7Azacb4mG3HKs/vE1BpFlR58QJqbLkNW6+4JH4EzmirNDOLSyWEfi9GCr7ku/BoYwHhmp8xoeoH4kfVmCPz+IMY3iBPnE8dcdHYqpPDzh+HXnOQJXBET2rjNOCHzRKmhV/uqcfPNAUb4gMfjJ3g4Xet9bodQLlEut4gPtEPgZFxhrOYkP8iSF/lCN6NhrqR3jmB0b4YO/++48lCz0E3bhdbr/wsrcoqJRoBV34yDoS6utB8EHpHwTfb/ofBPQV/z8LyKKOpxfB3rw4QDykbm3tl1/5lV8pf/Nv/o3yy7/8y9YZxjLj2DZQxaI/w6jTLt0qmr5UKBsBtO2NvIeHHT+c+nfbVe5zn32jfPWrf+Qj+d74/Oe8AgVkuaAV+hFACHa1sA+i3i7UHpPhI5b/yADdGvuhP66x00bxhb6bv36IfMi8B6r2ccXq+vbOZtnRA/yFbOFT2ZoH9+6W44M9yTuOSqRrcmywKgqwVxrHgC18rgI+sAmut4a2vuiTyO+9g9KRI9kXaGNvZxfnZa/m/AMgzBus4LpDBTE/iQ/d285iM5Knpg7oMO6tbw10+ValKYvUD6+22UFxA1xV6k2u4GYZ/s80oCtX8UU0q9zYb0cpzW+TGsj64AWekxcwuyPTk4YSgw62WCEcOI94JkwHhr8sG8UafpsQqNOh1zo/yItVwt52uaxtaciEujMtrqNOVq7Yz0yWLBdl1EfUKeSaONQmV/ThxTZAcxXzkkr4AYu5lhVcyoyOxbYY16kKkCd8e46kLaLF/Ou3jE09IGl5DXiOhobAfJhGyAJ/A0h+CDMPlXKPvICk17+CG+m9bU/IeqEXNNu6or5GBhpLbT9HHhBaqctJv+6/bEumZTxQywDIPMM//iOv9WxRyL6vM8d125FJlMqA+j4ZTawhK83rOl+dl+uaTg9UAwmo8xAm3bxPHoH4irR9YnCc8zYdrc6cX7haRsYmCz9/i2P77t375Tt33ikP3n9U1jY3ve0AR3Zu8Wq5ceu2V3sfPl72nlv/+tjhsR2psbE4cgajNc6PLPD6WHXw87dsws4VAuqFx1QCFDR5pgN7Bqj4Pz49knM7Jsf2Rrlx44b5f/LkiVd42EiOEkHHX6sqLV+zRygFGRI9yYDBzooQq7w4y8pi57FzwBFmfCk5ZCMMLQbG4aEGh55iOXXBDiA5pPD+IEmTAiGO7OgYvDMZsH2BH3TQABbfnc5+2dp86uPLXJ42yckEeXUx5ZXhMdUVx6dxogOrt8iLbQi82uKHJw46ijs5tIxGxD9OHavt2BJeAU3yMR9GTGX4ZTT/nLGuT3VNu07OxL/+6N+O2ssWEju46gtWbAnjdSROr2QmhLbU347tEPoj3rNPEuOr6TY+tZY+CB3TNcace13XZcGEbt4mzHFgnVCUX5F6ltATMOT4yEYyoJ/QNSaUYU2WTKT3pbPjUzPl6rWb5ebtF6XbfGQWDm7S7a8vw8vgw6R/HPx+w+V1fLh45Mx4+bVf+7Vy79698k/+yf/k+6Wlx+Xq1avuf9fRFOOyHc+MYRICk5cI6dOhsrm1VV588QWPvfv33y9vvPF5P+ixWvwTP/GTPme3LUMY13nfQqtTvdDaQ0PlAPbChyz/PYf+eut7tdETbn9bgchXjyVD1T6u+MAGO7SzIQdXzgI/9LD84EE504MuP1Vu96NxKkwri2MHZLeYoLGjbT29Yzgd0xpIw57EpC4nW3ZrdmG+LF5dLFPTU/7mA72y89Q4fFkHd/DCVgR/QK30rM/xjYOb/HIf5Vu+Wv1othBIhrW+OF3lCcnfRDZB8tPQk52jrqwzIff81vWRntdt+Zg7gEhvbgSk55xI+ynH9gvCTKeemm7GJ3BdyyNtMmAHdzTO8e2hic0Gda0sTleKMfqT/ATwEx9nAeQHgf6Fi25a0w6nqS2SnspLHrlglPL0g1UjT5GgnfCFg8tDc+bPuRdIGfS3Bd8CmiA6l+nM4ykLZASSRlw44/FAUNNMBzfao1AtQCaWmeNaTNpAxgHQCtkEUhd5Yzy0+kJcv/4Gb1EX0OVLkHkyjbBO59oruNxkJl11KwTa0IEc3GbgC2AaqO+jIb2CB1r67TXpWSbvSUsaGV8Dq2xJlzCxhiybdFpUIquXqiN4UEQz4Vxc8HSlJ+vp2fJkY7vc1eTy9rt3y733H+p+U47luZzU8XKqzp2enS1zc/NeMdze2ZVj2RFt1SVHg9+hZ8vAwvyiP3jC4cShpBr2kXZ8zFU96KLNbDlgTy17fVAiysSer1ixFdPOz488cIwYSFmcW1Y8cd6YaGlLKG4odyqT2wplOXhK9ioR+78mJyadb1/OJCc3NGzZSUR+7KXBuWXfLXRZLQXg2UbYDpP6bFgD+QrbMYbsqI6M8sHalJzwa3bID+Tg4oCPiS5zDh+jHR51YvuBhMPHi3xIl1+eM6BVgR4Oxn0e77QcV/ZELa88Lrt7235IsHq4HK8Olb9ZrfbPzMoQcbKAz11UH7ASvy3HGUNyTp+osH/ul4FtGeHcnuCFuO4wePAgsqrD8yRtVh6MNF+8xqpvIDLEOGd/OnuFSvATPm2jvtC/AMqkruK02qagMKDiEgk8kajdflWkdI7V40gj9zmrKgpHpQcdGbP3HjwqE9JnHNwbt17QhHpVhOngdoyDCf33g+D7nf79hmfrR4mex1Pdi9JH6fbdu++Wf/pP/+fyD/7B3y9f/OIXvZ2HY73oA8YadWQ18cDJFhFUK7YrOc39D0ZG4ijH3k/Ol+ZHH9ARbAvj+mtf+1OvPn7hR/+jJn9TTvwbm/paIAKkjhr6bWqT7xlH98OW/x7BM3tvQ097Qfx4cIAJvfm64+oZepHrQg/4Tzc2ys7TjTIs+9rZ3iqrS480puMnlHmgtj1KgaqQ55KmTo121YFtiDFsE6E8GYc50ehSPa0NiBNSZB9kI/hOYmp2xtu+FhYX5OyOmSYQpx2EDmH7bbeVBC92fh3G/Av6g1vpC05BspsOAmXJA5AWyNygvNaXKNDNgy1RHXl/4VfykgP9jcwb5It+5JGONXQoE3IJNJ9+vd845chDZEH/uBAx5EGu2DigKRtzFry3Di75Igv2Oj6cAvvbAHCd6QC0LEcBcyLtj1VRymL3QdUnuuZdxYIuNAOJ91xgfiRfhcS5nPgld81T5G/SnUp92Gvl8cKTKlHaKfOc5p3UN/KbbxVh3seZRcbemyo+YwW2bStlss4E6o2Frit+I0wdAHkon7xlOiH18uGX+VVagunS7zWg18oScovrRO5h3u1T6LfY9hea9nOltJQ5fR1xUQf38JSQMkzMOIAyYPKc6UmLdiG70IIKyFw3MmFQ3GWQeS8rk0zUUMd9UPn++EH3iYMgY913Gsgc15JPVnffe1i+8a03y9f/7Bvl3v1HcsxO5DiMKS+rgOdla3uvLFy/UW699IpXb/nVshEZqRu3b8lo3fApBCjSpgwnT1J++hIfW1tbZWlpqZzKsbNiKy47gbZzT7w7pVG67LwEVp9xbPloizz8YhLOLbRRjtzmQNgqbhhKyuLE4WiShhMOUh/8st+WgZGKQkg8bQDIBy+s+rIPGKcWeny0xcoqYTjkJ3LCh8XnfPnEJ14ub7zx2fLSSy+o3KhPVOAVIJPJ0eGBjxE7O1bZk0M5/ntlW5PO/u62t1HEL6tx8sFImRqfKKMyApynu/zwfnn84F55dP9uefz+/fJkdalsPV33T28e7O/aENBmeOeLdx5MLq7wkdpEGZ6cKkdXJr0f93x8rpTJBT0xzJSzYR5chsuxms6ZvD7Mn4EpmV6wN1ftLOeSgxADDf10aEGerBORUeIgyDLZt/R96kFMVDFwByEOrc+s1jVlcpLhOvNwDwLQzzSgP/wBfHTgV/x4qOSB8hd/8RfLe++9ZweUbQt134NALf+Mq6G/Lzj7Ft3ljQzjk4dO9uH++I//ePnqV7/a5Ppu4Rlz/xHh45b/uBC26bsFrLxPfOFDVE+84RBi0+hDkHFdj+cc69F3TNqxEpvIOK4RqPsf4Jo09uczV/CRLIsfPhZRNo43RtQFPexXlk+aeU2IviTWkHG1LejPA0ADGJT2YSD5SDpAXV+m1ekJpNflL8sHDEpPnj9smZqvwIgfRBPojw9HLXVeYdU3CVz3yyRp1rQTBtlqrqGR8wdQ063pZNmErDcR+qmbWVdNh5D71N3aPmW+GoH6vq6fe8okvUTS63ZlvPx13btol0ZC5kseErK+zE86wD28g0DNS83n8I/90Ke9gpuZfcpAU6AmrJiouOlkxzRhVgbUDBLPdSJp2fCETAOyvqSXNDPO17ih9X2VF8x7DBfOHvVBP+KDH9IQJh+UDY9OytDMlM2dff+c7te+/udldf1p6RxJ2Ci4HFse61gg5ED9T37m0zJOk3IGD/11M08ms3PzehKf8GtvjrKamp6xsWQf3ebmU+XdV9sxkuc+WDs7HF7gFR7j+JPg2+c0ymFkxQaecRwnZRTZc/viyy960nv8eMkrR0f8iITEx8oA+31ZaRUl00beiCm+6qYt5+Uax3Xxamxq2pP0xvqG6bkds7N+8g7Z8DqE8iHXMzmKOLvH4osQ59bi8UoJrxauSI48MR6Xacnnthx+6mHLwfq6HNC9PTmuchTFKzrmo29YZRV/vN5nbxFnz56oXlY61WzzvLhwVfKNnzh9/PBBWVtbKtvb6ypzojZMqK3FMt7ZxjHG2T7ulj/gl9bkuNOe+MUpObdqyzl9cMGPfjQ6rH+sYPAa8FSy5kMzjmcaG5Pzf3hUOuKdlQsf1SJekUsi5cHUu5BN7xgAfS2kvLTU90CWlzZILu0YYdsBwlFqrK7ongcXtihQnL23qkUU1Amql7ppNCsmHDXECu4T6fHjlSdewX35E5/yCi41ucFN3QldHpvwg6DOl238MGU/LP3LoK7ru0HLy/JP/CDAHiKnQH6U5Vd/9VfL66+/bgeXDyzZY49Tijzph6iLXo7+SzmnLQrIupM3ysUe3xnZD+uxaLFFBv2l3t/8zd8sf/VLPydnelFpsTIGT9BkGxRjNFfa3FRD0g6+4qm+lkHNT4WNM9AbD2Q4GFLOl2G3/bnCmtiFlHc/EKe6vbLIdWIDDT2NoEvoRRx7XR8/elD2tjbLhGzu2uNH5ehgt7x062Y58XYojSvGj/qVL8Z5rcyqKatOvCmK/mW89TooilC92N1mFU7xKuL5gG8x+AaDLSwvvvxyuX7jhm0tcOgPXM80vvWwOto84OpP5C3plFfKz3tfHapu1YPN8o/SKN+p+Msy9X7QfMt0Lv2AJ6+OmkUWdXAsWOULmnzDgW6lLaJ8xrucSrBYQhnuoQEiZfKfnnAVdRvVkODDnGEAu3S77UHPm/oyLeVI+8gHEB990ax+dnmLONt5ySLzUi76i6Op4mNuvt2w7BqEJ/qZuYk8rIgD9C9lCcmT9L1FRdeqwLImjnIA9KgrER5YFPO3HEo3L14BVl43Semaa7Ad6CnnMFO/inqYRv2Rj3T3Fx0ooN50iLNerlN+GRKfD09sR2Q+JA45geSjflZaoz5OGgpZkSYpOC7rVLd0Mc7yps/giTbTj7oU84TdvLpO++NffhXCM/wl/1kHIfmIg79sFwjAE2lZPuWf6TVd8gbVf8eQzNSQcclcIkAjwRTC84AG0zlMFOEotkv0EpsEMFqO5NjKzS1TmjQ0Ysr99x+Wb37r2+Wdu/d8SD57cYlnb+dBRw6OkNffbF9glfZIjiwrOfBHJ1AXH2Uh0DhtYMgOHY4jykO82yJFgD+QuOwcFBDkGp550oQu9+TDYbx2bdEGktXapEt5ALmkbFj1oX5kQJ3EZ30oFkeAoQSs1trpVB1ZnjxAyjpDMBUuV2951Y+DyZYJf7SmCYZV2uSTLRA8QLAStbq65geCWF0ek/MYqyX8pLAfQsS6V4OP2evLqQmsGl+UUZz+cqr7ozKkNlyRcRwpJ2VherwszE6WsaHTcrS3VfY318v2xlrZXFNdyw/LyuP3y9qTlXK4v63yHE2jQSIjtq82b+92yu7hRTk61+C+MlmGxmZKGZdjLxyekOzGpsqhmrOjvPQzqyxzC7Nq+xXzxjYS+gr5Zp8h51pWXCeQlmj59jnIYKYDlAcyf3+erCPrGVQffUVfE1+Xr/P9AL47YHwy/tBxwA8d0s3vjWzbvqS/APqX/mScsNLI+E89oF+z/9MWfDD8ezH5Hxpo2/PQjuzHgnAq+JYEuSI75Iq9mp2dthPANXGkpX1G1gByTsy0DDMfmOkgfQTNBT3wX712rUxMT0WfiRdCkLIHu3uuI4F4gHbnGAYyPiHjgfoaSPpxQ32RTr5+zDYCWaauq4dWH9T56+uE9vpZe/U8yPTL8g2KJy4xIfniA2j6pJZnjjGwLdvyOGjMZBsyzD5PunXdCXnCTqYlT0mjrfvZsgl1/oQ6fz8t7mkfCGSYOpx5wFomhJkn4zNfP5KWmPkB0oCUzSBamZ5xXOc9UOcjLmkRAqTRpsyTaYk9x4Ql0YT+tEH4UaEu008j72tMqBvSjzWEExbnvKGwlElDRuNxWPnKfmpmrhwenZXvvH23/D9f+/Ny5+57ZWv3oByeXJRDPZXwxavE7JW0sYk0gLN2Zi9YJZXDyxFSOzt7RuizfQC54xDv7eyXzr7yat4ZZj+SnGvSsk3Zvuz4FuMrycgjB2tizPu1cFwxUKurTzTJbYsPnrCksKLNmbWErG5QlgEMLa5Vg7cNjI2P+Egx2sDg3YXv7fi1tJRrzUfLJ8qmijSx+CcCGR9DPO2d62kMeTN4hjQBj3iCuH37trdpIBtWmNfXWV3dk5OKLPkRBxkSnNyJyTIxNe1Xdcg3++jklPN090rnYEflVH5tpawsvV+erD6WY7GhJ+2DMjU5XBZmJsuo5HF8sGtH9rizU/Z3npaN1eWy/OiBtzGsryxr0tgqp0dyTI8PvS2CZukZUO2YKFfGJkuRg4tjOzIlx396oUwt3irj/JiHHN0T9dqxhHyi9p+oL/i5YJZWbPt4sq8w+wxZWud0z95dOol9WmAOutyzC3bjGn3wl9TQbIBhjGFkJYD930nfdTQyS3R+5UP3maBJpw4mT9Nu8vwAUOLEywDJg73AcXibmxvl5Zdf1B0Pdfz4Sfx86kD5oiyJl8LlvPBmh7372AGcL7ZH0Mf0f4SsWMVh7jVw+kesdipADy+FS+qmbFP+ewpeaX1WrpfJW0w0eAl8RHrnJ6d62MaRVJrGE7aRc8Cx79hYtpqA2EkeKpAdsj2VTTXoARXkV8D8K5/qg7SXIG/9ZOq6Y5pV2amZ6XL1+g3Zxhf9cRn2DueWOYYPi3LfreeWpq/oX/QJteGL+sTUs9Q119nU1Q91vhqYV8hfl6nbAaSN6dcPO8iSd5avaVBX8p31xrFSUb5OB7J8zX/Wm3k+DNQ8JK06Dkie6Mdwcpu3kIpLPwFk3GT5mgbtANk6l4ipTj6pF9qE5kHxPo+8SU+o6ZKmKhW2zl2bznVvP5En6UXZkGvWCWQeymRczhPEMTcA8JoPZCnvzJ9l0QfyZbuCD/IiL1b6WWGN/qVojgn8i8xDyD3+QGDvghDXOQ8Sx3Wth8SBQPKUCECjbh95Mh/hM+fgXgZ1vjpvfZ2MfBi4jEZe13FANjTxMqCxTDp8hVyvYiHY41NNAn5FMFo2nm6XP/uLb5U//fqfl2U5jazaXpHjhVLyMQCrt9BhpYbTCjB+4/LoNtbWvXqKcrACSogxxChSN6/jWWUhD/f1Ngn4gJ/slFTQbCtpxEcHn9lR5Bgw6ubHFDgKDNqshqaiQAOlpSzlOIuTNNNuDBGrrvPzs3Jwr8nJOy6HXpXudFeXKUs+lJMTCigPLcJEXkmxzQLDwIDEcT46YoX8xGf89q7cHnsi3tjYtGPL8WPj41MyHjLkGgycbMDHUfQPMs79b0zirAozqUN7e3uzLC0/Kg/u3y1LSw/V9qdyGk/KxNiwUHTOxL/kcoWTGsQjPw980jkou1ubZW15uTx6eL8sCZ+sPC57Knt62Ck8aoxqErLkL/gidqSc6eHguIwZz0eny9jctTK5cLOcjk2ULclru3NYTlRmXP08LB2gT5Nn+E/5Z3/kNbJN9IA7bQ1WjQlZLq/5eCwf1Ijvd2IA8gGkZ13khy/ky31O0HVd//+FGHPfLTDmGTuMSwBdQLZAjufnA5OIUGMooC4TkwdAX4H0bz6woG+Mb+Kpi77N/k8e6j6+7Pp5QL7vJ/77hQuf7HJ4cKAuuLBDSV9mvyHf2dkZv+VisQK7S1zdr/1tQf6MN5B+Im+m49wyN2AXQX5ohfyk4dyGnY++TBoZR77MC+bYJo78yVPGZ5nMn+X7MdPBGqCRdQP9ZfrjgP66Qfiq8/SWjTkv0+rymW9Q+UxLyPtB8YNoJr1BMqshy6eT67F5EXwAyVNCP810GAHS6E/SM6T93q7Q1Etc2negW3/FV39c8kCY155blCf5ibqe1QXypI5SBn4JM3/Wk8g9dgUkH5C0wCwHZv6kQVrqdKYnHTDzANxTjnyZXseBCcSRBq1MTz4A6NZoBzehvk6oMw/CjwqXlcv4ujF13mxoP/YDThuNp/O4TicOQfvsVDlbj5ZWyx/9ydfLN775VtnaOyijE9PyeyfKQSdWYvjlrKmpmTI9O18mp6f9k4ocd4VxhPbmxtOy/mSN6ai8/OJL5ZWXXtb1cFl+vOLDwo8Pj0QHg8cXgfFzvyDXYkVtajsD3hK5xzmkAzGsXrmVY8prcX70gJ/ghY5so7dbxJeq7ZOUHVSVt9zkgEITp9Hn8E7GnmAcz91d9qXyKps9vuzDQXFC0Sxvr4igPMifuEDuefrlzD50kzM7WdXlpAQOqIfXeIW771Xto8MTyUAPGxOzZXRkUnXw5Sa/CDeuJxE5l+I5Hd6hEbVIdNmOAc84seOjquT8uBwd7GtS2iunkj+S45QDvnbe29spncN988ZS+Yn44ReJyL+/s1k21dbH7z8o99+Tg/z4obcxHO9ulpPdrXImp3VITjur65KEfyBiq3NW1vaOy8GF+ntytgxNLZYLhefjM+XKjCY76cOxhE/3sbI/Os5KdPz4hI/oavQxVm4lO7YjyKnlwxY7t0KfZ9nkcz81mJB6gIAxRjhQ1EWdOSl281TQT6tbVnTqcfAD6AeMbBjagND9ZwCH1Pp/5odnHM4avtey7e9P3px49exSaNtRl8sQqK+fhX45/LuCXnkn7/nmqL1v2/R8uKT/GjjkFBvRYT7o7O3bVo+y51Q2lv2e2F1Of2HBAicXB3WSX7HkLZnG0rO8MJ5bBxdwuuI5i9wrwnKYORpMFsAfsBLysSiL7DlXJU+sMHuVWJBzXF1nxBFSP/LBHvDwyvwS9ymDzNfmb+WbZbKOTEs9pk0gEGW4ah1r5hdjQw9IRyPo9eqTutJQOzzUlZh0SK8dFqCu44PCtI9JE0iejJqvBq1AEw7iB5QL1eUn4wDi4oVblKUvQ/KRRjvSoWRhjbi6PPG0FwSgwfyKXBP666tlY7qC5DkhaVKuni/ALj+CdHCBmlYC+YOnwTKlTM1PpgFcE099INfEQctyEq2kkfUkZh7CpJN1AOTJdCB5qPNmfreKhMSaUEKdDmbcx4FBNIF+gfXn6W9ADZmHxjOh04HQY0LCcNHpD+4/Km995+3y8PGSFGnIHx51jk/KHk/10NSgJj9HgeEg4DCyasqeW/atnogu4fjoaHnxxRf9ZM6qDntNyUMZVs6y4+DD5cQLPBNm5yRmh5OfdPaysorAaiirDKwKs+8PgC4KQ1tSBhlSnomXPADbBhYW5svC4pxXZh8+euBtA/BD3qSRisU1camUXGd/EGoeMLIi7ONpmqPAbt68bucWmtDHycUB93m0Fzwtqv/k3A5fkUMoo88PUHBmLZOA3/hVcgjZxI9d4Ozy06XUeXYeJzXgVHNM2MbGRhz3s8MWBPbs6ulUZQ7UF8d8IKI4tiXs7Srv2mp5srJUnj5ZLXvrq2V3/UnZ31rzii72joeb8yuj5Ui87p9ekYM7Uk7lkA9NzZeJxZtl8uotb2XYO1V/4lwzSYlf2gsgH/CCbmhkmW0CuaehhCnPhJR9IjTzGoBm9medlnUDWX8idRKi8+giOkWfEP8D+HjAuGAbDvKkD9BX4nJ8f3RoJxQAmn4AFmZ/Uwf0QRwm6iEevUg9gId+yLQMvy9bDv4DA2z1iJxLHtLzGwRsNnaa7sPuMGaYA3iDNqeHWsIcS3yAleMs+4ewviYNmthvfoKXcow9dAag3+iv7Ef6FT7IQ0gcQDqQ/cctcbbFjU0gb9YLJC8AeRMDWvuSeZJW0oOHunzSyzJJL+PAzFtjXS7LgnVd/TSATK9pJNTXQN7X8f31AckTdInLPFkvaUCWqTEhadT0k2bSRXb98ss8CVkWIK2eY2vaAGF/fSBQ0816Mw2aIGXSbpAOHcrUuoe+kY94yvTXVfOQWKcn7/U9eaiTkHv0P/kBkl8gyydtgBC+6rFAPjDpUD55z7r7wfyQocYa+uPqfHX89xKyIclwf511QwY1LFetyEuIYSIPK6DffvM7PiVhZXnNDhYfmbGCyUojeRcXr8lBlGMzHAYJ53L/YNerhLwy5zgs4qZl/G7duFlmp6fL7vZ2efzwYdnaeFpGeI09Mq5QCnQuXo3is0GpsjsM3voBHuEBx5YtEey329vfLcvLy3aweeIek+PLq/1ceWUi7N3v0soDRzdfs1Efr/txPkO5kGWU9WTaPKGm3AmHR0Qrn3abp3VASSoTigvt/HlfJgicTiaNPNkBuuin/EHRHfXKbZxeoHicW+WAsmsQTaP48+C4iCPTOFaMYewDwi/OvGIqYt4PuyOnn6PSwM7+fndAsG2CvXUYdFYuOP2AI8b4ieDO1tOytfx+eXTvbnn/7ttleemR5ds5PC2dUw204Qn/pO/RlfFyrGtWb4em50qZminnYxN+A8CXoDy685ObPACBtREBQ85qXbNym1/edkHX/rK5ygsif+KgB91sU9GkjMzrcQAiI/eXQpC4LIMOMB6gxeRK/A/gIwIrX83qFzAxOV5efuWlsik9QnPReww4skX2zwLa2+DFoPTB4H5m7Egn6D/qoQ9v3ryt/o6JiH63bgjgAUj96EKzl7Y3/nI+Ml8XeV3bty/x4+D3DNKofmiIurEVOXbY8kS/MW7ygSX7ENkiU+YPO6qycYynDNmuxsov+SlHP2SfkIcHEewj4490bAV9CaQsKEt+kPvsa0LuE5LfRNVqDPOc84zmu+aeMNMzL0hZ6MJn0qfutCGk12mEXPKVfFy38gEyDgQyLe9NS11kbPJlPQD3WV+WqdMTMg2o8/YD8dCr25AATRDZgmkjmR9UpesF+/mpgfI1fe6zHEAcdKGfeZjv/Otluu6lja609QI17YQ2f2DKJtsD1GUI6c984IWfem6iTPY3ebMs98Sn7mXb6jrAoEMMaeF3hO/BKjTt4BQGTlyiXuYz5iW2imKzKBc2Db6yXurgmvi8Jh0kDkh+4BEgPni5TF5xHZL9AKgL1TAo7uMCDUmsoeZhUHoN2RkpPFY/79y5U77yla94pRXnCMeuI2cVofN16/VrN8NwyTghOMrgrHGNsvAxFYOBn5Odm+Gr+pGy9XTTTl3mSUXKkPrTyeAa/uGH6+ysDEHqYFUYB5dTCnBIccxxdFJh67bXnZvxfOCGc4dR5pgu6t+XoxzHg/CKInihLApECCRPKeekTTtajD2g8KMUr7BixAH2BrLSjHIzGfMgcHKMcjJRxH5Q6ubjuCOcTTnZgI87krOYDjp8Iy+3UROY2yVLTTZWjlk9Y9WcBwD4o5/YdgFubay7HvVUl/8RFcyJCezsis+V5XLvnbfKm9/8ZnnrrTfL+++/X9ZUdnt3r3RONDA1oXMm7qEc086J6OihYmr+arl+63aZnV/0ig71QJ++rp1c6s2662ugDjO9V77tAIcWcoQu8QAfo5BmmQizz2o9Ip780A69jaNgkrcfwMcDdPP69evdNyrIFblnH304+HD9UOtI6hkPwPQx8fQ5IfngYRCQ9h8SwO/z8GOB7Al2CnmC2HfkCjDWsg+pp5YrY51+B9OOYFPCpoXdSuAeG4ZdxEbl+APYkwtN6sH2AqRDN+lkvQk1ba7TUc178tb5ayA9sQtyVgHKZBp6lGE/vbyv43voVVDHZ966XD9kWp2ePPXX0U8j758X5jWQ9NJxquWctjPHUF2uHwbRTSQ+dSvpJ3KfejCofEKm1XlqqPPmddaR18RnW1LXkp+sjzYDdXz2P5D5QID4wFbn6jx1XmgyrqibfKlf2X7CvM5ySRPI6+QNIE/2U+ZPOdeQZQMvyv8LY+RdgnX+cp8AAAAASUVORK5CYII=" alt="">The users takes long time to load.</div><div>Please Fix that</div>	2026-02-26 12:09:31.21087	7	2	\N	4	New App is Slow	2026-03-03 12:31:10.286312
\.


--
-- Data for Name: user_profile_image; Type: TABLE DATA; Schema: public; Owner: issue_tracker_ssr2_user
--

COPY public.user_profile_image (id, data, filename, mime_type, version) FROM stdin;
7	16575	support.jpg	image/jpeg	0
3	16576	female.jpg	image/jpeg	0
2	16591	manager.jpg	image/jpeg	1
\.


--
-- Data for Name: user_roles; Type: TABLE DATA; Schema: public; Owner: issue_tracker_ssr2_user
--

COPY public.user_roles (user_id, role_id) FROM stdin;
1	1
2	4
3	3
4	3
5	3
6	2
7	2
8	2
9	2
10	2
11	2
12	2
13	2
14	2
15	2
\.


--
-- Data for Name: users; Type: TABLE DATA; Schema: public; Owner: issue_tracker_ssr2_user
--

COPY public.users (id, created_at, email, name, password, updated_at, profile_image_id) FROM stdin;
1	2026-02-25 17:16:46.785834	admin@example.com	Administrator	$2a$10$t9r6ueAG9SEeJhq/yjbRKOuFYvNryN4BbRJ.06SOoPPnYv8WfKKam	2026-02-25 17:16:46.785862	\N
2	2026-02-25 20:49:49.438359	michael.anderson@example.com	Michael Anderson	$2a$10$EppmQidyhUV9viaklmufyul6rEYu8eqiGKg5C7i0gHjDJNuqmPm6W	2026-02-25 20:49:49.438426	\N
3	2026-02-25 20:49:50.93038	claire.dupont@example.com	Claire Dupont	$2a$10$itf/phEu8jNDFIDkaK.dUOTysfQVOxbp.s7HrOp9Ql5su80XVAE7m	2026-02-25 20:49:50.930396	\N
4	2026-02-25 20:49:51.740522	julien.morel@example.com	Julien Morel	$2a$10$yY3LA8.1KfqdNzrCXr65KeoNJDjlVxut31BY3o7sgUnjV6o7vhMQC	2026-02-25 20:49:51.74053	\N
5	2026-02-25 20:49:52.737817	amelie.rousseau@example.com	Amelie Rousseau	$2a$10$.K4nK704bLAzsgmKhr6dleANkK1cxEs5Huoykv.AdcT/BM2IsPR2m	2026-02-25 20:49:52.737829	\N
6	2026-02-25 20:49:53.639839	emma.johnson@example.com	Emma Johnson	$2a$10$EixSQQOzCmdHeRtqHw0KiudtfJDDqBFuRCqeK52Cjx4XkaFZTHeXy	2026-02-25 20:49:53.639855	\N
7	2026-02-25 20:49:54.531884	daniel.martin@example.com	Daniel Martin	$2a$10$YAcvSDaAL3CDV8TvcbDoUeAKvRXtK0iry9LrT0rkWzLzDwZI/Kn3.	2026-02-25 20:49:54.531903	\N
8	2026-02-25 20:49:55.632314	sophie.bernard@example.com	Sophie Bernard	$2a$10$mptDeRcTg4cWsKfUbwyqtO17GyW1EMXiGJSgwR41xvQCD6Vr9ibcm	2026-02-25 20:49:55.632328	\N
9	2026-02-25 20:49:56.531291	lucas.moreau@example.com	Lucas Moreau	$2a$10$kkbf9VLPD491on6GtcaeI.5zJzlGg8nzB9vyqTDQfzGaEO7dZ796G	2026-02-25 20:49:56.531301	\N
10	2026-02-25 20:49:57.434351	olivia.turner@example.com	Olivia Turner	$2a$10$ijs8yuwv6ekYMJ/WoookoOF9h9V7hal5Y8HFygPkWQiYcxryBwGpq	2026-02-25 20:49:57.434361	\N
11	2026-02-25 20:49:58.233329	nathan.scott@example.com	Nathan Scott	$2a$10$rGH4M7mbQEFL4EhR9K7GF.aqyEkTRYHFVsxHR0QUf.kIFiA8k9eaK	2026-02-25 20:49:58.233341	\N
12	2026-02-25 20:49:59.034121	chloe.dubois@example.com	Chloe Dubois	$2a$10$zJ1jtEtZIap6WLgPJEiwD.O1yamDGFEqexeep8dZdj6WJB10v.8tq	2026-02-25 20:49:59.034132	\N
13	2026-02-25 20:49:59.842636	gabriel.lefevre@example.com	Gabriel Lefevre	$2a$10$Y8GVkiXbxonIkHwTLDHgN.sbVZCtVNIOoJ/38r2d601W1EkNdjqxa	2026-02-25 20:49:59.842646	\N
14	2026-02-25 20:50:00.729361	isabelle.laurent@example.com	Isabelle Laurent	$2a$10$qfDtmfX89xbhBscLzjnsmedGZpujz/DKHZ4.kjMdrNP86U..H7lgi	2026-02-25 20:50:00.729371	\N
15	2026-02-25 20:50:01.439328	thomas.keller@example.com	Thomas Keller	$2a$10$csYtO1vTqgJujJhJEDv57eDiRRGG3A3RPn/lYTqKe8BaPjQ.AdCWO	2026-02-25 20:50:01.439341	\N
\.


--
-- Name: messages_id_seq; Type: SEQUENCE SET; Schema: public; Owner: issue_tracker_ssr2_user
--

SELECT pg_catalog.setval('public.messages_id_seq', 4, true);


--
-- Name: notes_id_seq; Type: SEQUENCE SET; Schema: public; Owner: issue_tracker_ssr2_user
--

SELECT pg_catalog.setval('public.notes_id_seq', 1, false);


--
-- Name: permissions_id_seq; Type: SEQUENCE SET; Schema: public; Owner: issue_tracker_ssr2_user
--

SELECT pg_catalog.setval('public.permissions_id_seq', 42, true);


--
-- Name: priorities_id_seq; Type: SEQUENCE SET; Schema: public; Owner: issue_tracker_ssr2_user
--

SELECT pg_catalog.setval('public.priorities_id_seq', 4, true);


--
-- Name: roles_id_seq; Type: SEQUENCE SET; Schema: public; Owner: issue_tracker_ssr2_user
--

SELECT pg_catalog.setval('public.roles_id_seq', 1, true);


--
-- Name: status_id_seq; Type: SEQUENCE SET; Schema: public; Owner: issue_tracker_ssr2_user
--

SELECT pg_catalog.setval('public.status_id_seq', 7, true);


--
-- Name: tickets_id_seq; Type: SEQUENCE SET; Schema: public; Owner: issue_tracker_ssr2_user
--

SELECT pg_catalog.setval('public.tickets_id_seq', 43, true);


--
-- Name: users_id_seq; Type: SEQUENCE SET; Schema: public; Owner: issue_tracker_ssr2_user
--

SELECT pg_catalog.setval('public.users_id_seq', 15, true);


--
-- Name: 16575..16591; Type: BLOB METADATA; Schema: -; Owner: issue_tracker_ssr2_user
--

SELECT pg_catalog.lo_create('16575');
SELECT pg_catalog.lo_create('16576');
SELECT pg_catalog.lo_create('16584');
SELECT pg_catalog.lo_create('16591');

ALTER LARGE OBJECT 16575 OWNER TO issue_tracker_ssr2_user;
ALTER LARGE OBJECT 16576 OWNER TO issue_tracker_ssr2_user;
ALTER LARGE OBJECT 16584 OWNER TO issue_tracker_ssr2_user;
ALTER LARGE OBJECT 16591 OWNER TO issue_tracker_ssr2_user;

--
-- Data for Name: 16575..16591; Type: BLOBS; Schema: -; Owner: issue_tracker_ssr2_user
--

BEGIN;

SELECT pg_catalog.lo_open('16575', 131072);
SELECT pg_catalog.lowrite(0, '\xffd8ffe000104a46494600010200000100010000ffdb00430006040506050406060506070706080a100a0a09090a140e0f0c1017141818171416161a1d251f1a1b231c1616202c20232627292a29191f2d302d283025282928ffdb0043010707070a080a130a0a13281a161a2828282828282828282828282828282828282828282828282828282828282828282828282828282828282828282828282828ffc00011080073007803012200021101031101ffc4001f0000010501010101010100000000000000000102030405060708090a0bffc400b5100002010303020403050504040000017d01020300041105122131410613516107227114328191a1082342b1c11552d1f02433627282090a161718191a25262728292a3435363738393a434445464748494a535455565758595a636465666768696a737475767778797a838485868788898a92939495969798999aa2a3a4a5a6a7a8a9aab2b3b4b5b6b7b8b9bac2c3c4c5c6c7c8c9cad2d3d4d5d6d7d8d9dae1e2e3e4e5e6e7e8e9eaf1f2f3f4f5f6f7f8f9faffc4001f0100030101010101010101010000000000000102030405060708090a0bffc400b51100020102040403040705040400010277000102031104052131061241510761711322328108144291a1b1c109233352f0156272d10a162434e125f11718191a262728292a35363738393a434445464748494a535455565758595a636465666768696a737475767778797a82838485868788898a92939495969798999aa2a3a4a5a6a7a8a9aab2b3b4b5b6b7b8b9bac2c3c4c5c6c7c8c9cad2d3d4d5d6d7d8d9dae2e3e4e5e6e7e8e9eaf2f3f4f5f6f7f8f9faffda000c03010002110311003f00fa001a5cd333413480c6f1a6a474af0bea7788e1248addcc67fdac1c7eb5f196a97923dcba9625abdc7f68bf123c2b6da45bcac100324eabfc44e0a83f4c67f1af9e27959a42cc7703ce7d293d594b444ae59df2dc903a1ed55e66e708d838ea300542f2b48db509fc2a486d6e263f221c7afad0da4349bd8891ce492993ea052b6e91890703dbad6a496a63842b261b1c91deb2191f7e304034934c728b4325893ae1b23dea204a9f909c8f7a95a26ed9c7a0a230d1f262cfd69dc9b1346e728f83babd67f67cf1249a278bd74f9654165a8feedc31fbae01287ebd47be7e95e4b132b9c73d7a1ed532cc5186d664753c1071408fbfc1a5cd79f7c15f15b78a7c196ef75219350b43e45c31eac4746fc463f1cd77d9aa10e345309a2801d9a463c514d6e86901f1efc5fd55f52f1ceb1297dd1c739853d309f2ff004af3f9012e49f5aebfe22c2b0f8cb5d854118bc9b1ff007d935ce416ed75750c08bcb3631f8e2a5bb2b9695dd8bfe1fd1ae352b84544250f538e2bd534bf07ec8554e17d38aea3c1da0dbe99a5c20a2f9db7935b926d504018af26b621cde9b1ee50c3460bcce1e4f09e43a344b229e873c8ac5bef0120dc55719f7af5084966e58803b549246ac30064566aac96ccd5d28bd1a3c92d7c0a841320c81d30307f3a7dcf82a3581879637638e735e9fe5f9672aa3f2aaf71873934dd69f712a105d0f9f75ad126d29cca212ca0f5c76ae79ee0481be51927a01d2be8bf1269915ce9732ec1bb6935f3f5d59ac3773af421b815e861ab3a8acfa1e5e3282a4d38eccf7cfd962075b5d7ae4bb6c76890276e031cfeb5ef59af12fd986ed5bc3fabd96dfde4370b2673d5597007e054fe75ed42bad1c0c7e68a6e78a2981252374a2a39a458a2779182a282493d80a407c81f16a311fc42d73f87fd209fc48cff005a67c3bd24ea3acadc85fdc4072cdef9e2b5fe30bdb6b1e293aa58215b4b950acf9072cbc13edc01c5757f0cf4c4b3f0ac4cca0348cce4fe35c988abfbbbc7a9df85a2d55b4d5ac767679da146055d112100b1071d6b85d4efefa7924b6b350ab9c64679fc6b1ae62f14db444db5cc689e9b89af3a34935ab3d395569e88f588a1889f97181e948f6ff30c7dd35e71e1ef146a7044d0eaca8ee3a32f7aec6d7561240a58f18a992e5d0d22f995cd6f262230c467d2a092d23619c815c17897c457b19234ec7999239ac7b6bef175d26e792308def8356a9a92bb644ea38bb24d9e817d01c3a1e98c7d457cf3e2db76b1d7ae236042b1c835ebfa26a5a94170969aa4464563f2cbdc572df1934909f62be8d472c6363efd456f86fddd4b7739716bda52e6ec749fb2c396bad7f2390910cfe2d5f4266bc83f668b48a0f075e4bb317135c96627baed017f5dd5ebb5ea277478f24d3d45cd14945324933591e2c9248fc37a9342a59fc87007d462b4f34c995648d91c6558608f51532574d170972c93ec7ce9aada5a9f08224e551dd372a91ceee79fcabb1d0ad843a05a5bc631b62519fc2b03c75a4cd043788e8c5200c0301c023a67d3239aeb346915ad61ec36ae3f2af1a5750b799f432b3abcebaa39cd5f4dd51e4db632c76910fbf204dee4fb0ae6af3c3f752481a5f11dec8a08dd106619fc06315ebf1c71c98ce3247e74d974e8d9b2dd3d2a63394761ca9c65b9e53a5681324aecd3cd2267e5de318e7dce4d7a55be9907f660508036deb9a8dcc1f6a11205017b0ef5b10c58b0ce3279e952db93b9a28a8ab1e57e22f0dcb3485a0b89a2e72db17248f41cd64daf87af518793e23b98c127f772678f4eb9af5590209f6be07620d5a8f4b86421c631e94e1392562674e2ddd9c2e8b61abdbcdb2eee23bcb72387dbb197f0a77c4ab2173e1b8d641c09e324fb1383fcebd05ada2840000ae4bc7603e91b010099a32b9f5dc0e3f4aba6da9a6655229c2c697c2ab33a66b13db5b83f66fb2a861d81078fe7fad7a866b94f02d8c96d6b2dc4ebb5e50aa077e073fe7daba7cd7a7864d53573c9c7494ab3b74d07e68a6668adce40cd04d3334668038cf88967149613b6ccbcd132b7be075fe55ca6873ffa14449c0000e6bd5350b1b6d420f26ee21247d719208fc4735e5096a2c0cf6c8c731ccc849e738247f4af3b154f96f2e8cf5707594928f5474f6b74aabc62a3d4f54290948f991b81585692beec73d7e955afb528ed2601886949c63d2b8757a1e9a715ab0fedeb0d10c9fda8713c87218296cfa74adab2f16d89b55915d0a609e4d73d3dbb6a632d6c9260f57030bf9d571e1e265045ba649c82395ff0ab4912e6df4d0d74f11e99ad2cb6d017170dc292a40cf62091cd6b6897b24598273968ce01f5ae72d206d2e6f34da823182e1473f8d5f875382eae946047237031dea64baa2a3516d23a5b8ba0c85ab9ed40fda6eac78dc16e164200cf4e6a598ed0412793dcff002ab9e1ed386a3ac8123c8914285c8538c9e063e9c9aba3173764615a7182bbd8efec428b38429dc36039f5f7a9f34c8d55115106154600f414ecd7b5156563e7e4eedb1734520a298843452528a000579b78eed5ac75bf3b9315e0dcbecea0023f2c1fcebd27200c9e95e4ff00103c65a56b527f63692e6e2f2d9fcef3d7fd582bc1507bf5fa5635e2a507737c349c6a2b19d14cc9264101475039aa37f60750b8716efb2663feb319c7e15996fa9091c2b7fad538298c73fe15b564ed0ccac1873d79fd2bc8717167b8a4a488a2d26f5650b73a8b4a0700b46303f0cd5e8f4797cb751a8c423ce4feec807ff1eab72c535c640520907915ca8d17574d4b62cec61cee387edf4ab84efb9af3a82dae6c1d32fd4b7d92f957fed910a7f0dc7354f4eb5bbb4d455751dad26ecaba0da0fe15d0d95b4f0403cd62cdead59f717466bbda57694ee78a8e672b9352da334ee7cb3869187cbcfe35d67c3f8b7daddde7f0cae234f70b9c9fcc91f85795ea7a8484a5bc583348c140079ce714ef0c7c529f41d62e343be8e29ad2d6568d30bb1c73ea38fcc57660e3695d9e6e3a778d91ef868aada5ea16baa58c5776522c91483230791ec7d0d5935e91e58a0d14828a402528a4ac0f11f8a6cb450632c26bb3d2253d0ffb47b7f3a00cff008ababb695e139fc96db35c1f2548ea01049fd063f1af993c0970c7c656d1364961206ffbe4ff00857a0f8eb5ab9d5d84b70e5816381d00c7603d2b95f8756312f896f2e186640adb73d8135cf88972d36ceac2c1caa248e9f5ed35f69bab5c24ab9cf1d47a5655aeb3243220b82c9b4fd315dec90868cab0ce6b8ed77440ccc70403dc76af329544f491eb56a4fe289d25a788a30b8120e4614d3edf5928e49e01fa609f5af2cbdb1d42c1c32798d176239c5574d52f32545cc9cf18295d1ec53578b39bdb38bb491ebb73e232596342807b75ae635af122349e4da969253c1d9ce49ed5c8da5a6a37f31c34bb49cee236815db683e1e8ad40761e64a7abe3f954be4a7bea38b9d57a6859f0669333dc9bdbf6dd2f454272107f8d79f7c4bd225d3bc63757d0b1f2a761263ea307f506bdbac2210c2718c015c6f8bac9358f0fdfdc9c7996f24814fb0278fd2b3a75dc67cdf236ab8752872947c13e25bfd35d63b7b992349970704607a1e78aece2f1ef882c66df318750b4ce0e62d8ebec76d797e911e5e0546fbbd7daba1b8ba78d8c90e56651f328e438f5fad7ad7b1e2dae7b2687e3bd3b50894ceaf6d2770c0b2fe63fc28af1886f22b9c37cb1b7707ee9ff000a29f33172a3debc5f753d9e817335b48639400030ea326bc30bb4fac0f398bf53c9cf34514d928a7af1dc25cf3b7217dba56578358af89220a701c306f71c51456188fe1c8e9c2ff1627aab8c1e2a8de2ab210464628a2bc35b9f43d0c0b88d437dd1fe45568e18c95cc6bc9f4a28ad56c66d2346d51448bf28ae8edd403803a0e28a2a58e25b5ff50df4af3fbe95d3c11745588dd76e1bdc79b451574f75ea8ceb6cfd1995a3a2ee3c7423f95684dff1f49ef827eb4515ecf53c1e8675caac77d204181c1c51451548967fffd9');
SELECT pg_catalog.lo_close(0);

SELECT pg_catalog.lo_open('16576', 131072);
SELECT pg_catalog.lowrite(0, '\xffd8ffe000104a46494600010200000100010000ffdb00430006040506050406060506070706080a100a0a09090a140e0f0c1017141818171416161a1d251f1a1b231c1616202c20232627292a29191f2d302d283025282928ffdb0043010707070a080a130a0a13281a161a2828282828282828282828282828282828282828282828282828282828282828282828282828282828282828282828282828ffc00011080072007803012200021101031101ffc4001f0000010501010101010100000000000000000102030405060708090a0bffc400b5100002010303020403050504040000017d01020300041105122131410613516107227114328191a1082342b1c11552d1f02433627282090a161718191a25262728292a3435363738393a434445464748494a535455565758595a636465666768696a737475767778797a838485868788898a92939495969798999aa2a3a4a5a6a7a8a9aab2b3b4b5b6b7b8b9bac2c3c4c5c6c7c8c9cad2d3d4d5d6d7d8d9dae1e2e3e4e5e6e7e8e9eaf1f2f3f4f5f6f7f8f9faffc4001f0100030101010101010101010000000000000102030405060708090a0bffc400b51100020102040403040705040400010277000102031104052131061241510761711322328108144291a1b1c109233352f0156272d10a162434e125f11718191a262728292a35363738393a434445464748494a535455565758595a636465666768696a737475767778797a82838485868788898a92939495969798999aa2a3a4a5a6a7a8a9aab2b3b4b5b6b7b8b9bac2c3c4c5c6c7c8c9cad2d3d4d5d6d7d8d9dae2e3e4e5e6e7e8e9eaf2f3f4f5f6f7f8f9faffda000c03010002110311003f00e81fc6d07964fdd03a93dabca3c61e2fb9f13de18620d1e9f11e013cc87d4fb5644fa9cd369ccac76994ed515837330571044c02afe67dcd70469a4ee76b95cd4377e5b05b72ad31fe2ecb56ad2221bcd62ccdd72dc6effeb56758a08d46d1976392cdd4ff00856e5baed0a7059f3924d69726c5bb685125596e4ef94f2bb8723d80ed5a4b70a99f9b07b93fe71fa5652e0396623279273dbfa0a74ccab1990f10a7f11eff004aa11af14f1cb03858c7cc700e319fc7bd044e98360d182bc93b061bf1acab591d9a06e363330e460fa0abb0c93cb7820b719e0fd3f1aab211d2691ac45315819cc17838dabc67e9eb5a5713da5cced1dca0debfc58c67eb5c06ad24505fc505bcccd779cbba8f947f9fcfe95d0da5e43790f9578de4dd74dc7a31f507be6b26accbdcd59e0b547ff57b48e3a530a40470056678867bc834d866802b6df909077640e87f5fd2b81b8f1a5da3608c1e47e5551d4ce4ac7a7623f414d658bfb83f2af2f4f19ddb9c6683e2fbb27ef0aa26c7aa433c111f9901c7b515e59ff095dd1ea7f5a29a627133afee4a3058406931b13d14773515a590fbd9019b92cc739f7a7b2ac2c378ccac3247a0f7a72966da89cb3753fc87f8d646c916e1686de3691b2c17b9efe98ab06e248ca231dd3373b7b0fafd3a7e158d2b8b9bf86156cdbc6e013fde39e4d4f7779b6590800493375f45a690366cc6ecc72bf360ee627a7d4ff4151b4cf7771b1d8ed53d0f155adee36c7e52e70396c1ea7d3fcff4a816e963c8420b1f4a69858dc49f1708a992898503d5bfc9cfe75d1c24247e45bee3339066917aff00bb9fe75cce985434524c7e61ca01e9ddbfc2bb5f0c59b5edd24657efb73ec3bd26ca8c6e507d0256413f9799095e7b28ce6ba3b1d0e1d46cfca9d411b5a327d81e3f20457617b65e51b68d000b27c8c31dfd3f4a86c6dfc9b87840c1cee1f88ffeb54c9b2b95743ceb51f0c6a365652da4173324c30e0ef3891467bfae2bce758b50d21f3e34f3978385dbc7e1effcebdef5fb973a73b2ff00c7c41f301df20f23fcfad79f78a2cad751b717d66023b81b81e84919fc334292444a2dee7967d8c2c876138f434ab6993c9ad69e036f232c836b67a1a8703357ce676298b403bd15782f1453e726c8ad3b60125b73b1f98d4134f2c3098946d924c9763c6d1e956e4bd58658e182201dce06eea0573ba84b24b746698b1504800f6e718152a2db366d246ad94a91bab86c85191ef514f3b49745bb019c7a555b7667fba370c718e86b5ac34bb891f09133b9e49c74a1e9b845736c3a49cc168a83e69e419c7a51a65acd7370a817737520739ffeb5761a278294813ea52e646fe0eb8ffebd767a6683a7e990ef5f2fcc6e49634aefa1aa82dd9c8c565f62f27cd05a57049fa0ff00eb915e9df0c6c8bc2f7b2af0c7627be0f27e99e3f035ca49a35c6a3ab19564410636ab8607827935e9fa32c561670c3160468a0002a22af2d4d24acb435b59b71245e62fde42186067a563de03e6477308c96f90e3b3f057ff001e007fc0ab796e50aaeec631deb3eed74a904a0ddac2ce0ab857c66b59c6fb1945db7397f12aa79924e4016f7081b9380411ff00eaaf3eb6b8c7dba28e36f2e2c6df3792df3107a74f41ff00d7ae8be217db0f834fda307ecf7ca1251d1d4eee6b374845b8d1a4ba8d3749e46f6c772a79fd39ae7d8a7b1c4eb76a97132cd0124f46427e618fe631595e49cd68de168e77667dd938a81995ba9ad0c2c55f2b8a2ad150471cd1544d8e422790dcf9d82599c7e03349a9db15b581b1f7813fa9a7451fef930ec7070c13d8e7ad696b080da42a7a22807ea79c55b76686a374c3c2ef0d983717d6b3bc6d801950151fad7a068faa69d740a5848819464a30da47bd2f826d633a5a8d808e9cf7abd75e14d3ee59da38becf2b8c178be5ff00eb566da6f5378c5c56859b7ba8954c922ee5c950cef807d71d4fe959faa5c6992923cd8d25edb652c41fa55fb0f0c457364b0cecf2bc0c636dc70700f07f1183563fe1118619d27587f7ab82a735a45449939f432f44d45906d8e40e0f43bb9ff0fd6bbbd0b5db191a3b7babb8609546764ae1491ea33d7f0ae6adbc3fe586fdc22124b16c7349f0ff004b4bad726bad4a149c67cb8c3a82179e40fd07d734ac8a4dec74de28d723865d969729320193e5306c7d71d2b94d3b5fd2cdfb8b90e6553cb3c6cea3f223d3d2bb7f11785146b6e228e14b6bb857c9cae3e7524ede3d8923e954f4cf0304bc79e78143b643303d41ebc7bd3e5ee4b93b6847e2b96daebc22ca02dcda4b2461d633e595ef90df37a0eddeb17c257365677c6c6112ae2212a89467e561dc80076aed3c57a3d8d97836f6d5658ed5485933c9da030c90073d335c0e92526d4e7b88c111b45b230dd42e36afe385a89f2a5a892937a6c60f89f4e8edb549a2206d56214fa8edfa62b0afacc2c04c7d4576fe34b68a5ba89dc942cbc1ed5cf2da868ca86ce4524aeae9994db5a58e352fcac82320e738a2b42e74298dd1913d68ad3908e7665471476419ee3e53d42ee04934157be0ca0138f98fa0aa7750336d2ec4c8e703da9d69ad7f655c3c6d00915d40077638c54f2b7aadce85249d9ec7a6f835fcab055f4aebe0395056b8df08cab3d902bdc645761667819e958f53a625f82d7ed122900a49d37a31538f4c8eded5af068d76cbf25fca83fdd438fcd6a8594815c1e3ad6ec779b62c679ad22371b9ce6b362b0e16eaf6e67dc7010304dc7d3e502a5d12316f711c6b1ac4831803a556d7e2b8b974961237c672a0f4ac843accd32b305d8081b5579fcf34dc8145743da6f2386fb403f688d2658f0c548cf03bd67d8da5acaaa639242bd879ad8fcb38accd061d40da8f3656452a72a3a9a34667827313e46d38e6adc8cd416a6af8c2d2dc782758895238c4b6e549550324f03f9d78d7868e205661f71573f5c66bd07e30ea8d69e124b685f6cb7528e9fdd4c31fd76d79c785265b832c601594f1ecc47f9cd6356cda263b3b1b7a8c10eb564d1290b3ab6e407d7b8cd709736d7768cc2586455538dc471f9d77023556571f291f2b0aadac5f6f89a09115976f27b9a9526b421a4f53895b975f5a2a4936e4814569766563cfefaf375cc734606d07e55fa1eb55af635b957298dcb92bd881e86a38db7fcaa3b000d4973118a66c1e4a838f7eff00ad6ab40dcedbe1a5d931f92e7b715e9d68372e3bd78e7835da22a541dc8d8fa8af59d26e9644539e6b095b98e9a6fdd46d5aa91263d6addcc86dd77b9db181926a18c82aaf9c115726749600ae011d48a668d9cebf8c34a53833ab9f41fd4d58b0f1758a4bb8468d1f4c824ff4a926b085dc98d0293ed5634eb610be3ec71bfa36d02ad58d23c96d4d7d33c73a74929806ec2f05955885faf15bd62c97b2acd09055b9068d22de292d8ef8510fa2ae2ac5a795a6c77124a42410ab3b1f4503269bdcc2728a7ee9e5bf1975213f8b34ed2e3395b7872e3d19ce4ffe3a057336b7296dab36c8c8f35731951d718383f9f07eb5caeb7e219f56f175fea4e09f31dd97d812001f80e2b7ddb7dbc13452940ea077c0e4f5f7ea3f0159545a9107a1d7ab99cb4b9caedceecf5f635cf5eb90ceac4f5c56b69995b1c89030e0803dff00faf5893481a470eb8604e73554d69a98d4bdf433ae97203aa927be28aba93ac4080300d1576467a9e73e4c30a284391dd88c16039c0aa72a19275763c63e627dce6b521b59242aceab875f941f4f5cf4ace982b7cafb9b1d1718cff4ab8c1dfde346efb1d5f866d5a2bc60eb80c0576514725ab065071dc5713e1bd6159a28262bf698c614e7e571e9f857a569d2dbea36b943f30e083d41ae79c5a9599bc5ab6859b2d41248c296c1f4ad08ef01c2820d73d75a7b46fb9323dc53231711b83c9a9bb5b9a5ee7716cb1ca1490335d0e9a9071b956bcf6c6eae171f231fa5747a74f732ed1e44a7e8a6b58c909a5dcefedd228d0e31f8579a7c55d7e6fb17d834b2ae1a644bc653f7509e17f138cfff005eb735bbfbcb6b230c598e7743ce72547f8d703e03d365bbd2b55b5b952eff00301231258b2e70727be4835352a5b442853bbe66799d95a0b8966d8767ef08e99e8c7ad773e19b049636b79996373fc0c786fa1acfb2d2a159d953cd669b32c6e9d48efc1ee3bfd2b6b4eb48ad8abc8cc0498218f3deadd373b24b51376bdc9b4d85e249e072912c780bc632075ed5917d6ecd7133118218e47e35eb1a3ae9fb4c1770c4e1cf529907f1edd0d4b75e0ed3353775b5cc131e300f434926a5cad6a73cddd5d6c78a3c248eb457aaea7f0aefe252d6d2a4b8e8bd28ad9d29ae8732af13e79b6246980838f940fd6b264e63933cfcc7afd68a2ae974f53ae7fa14e224329070411c8af51f0cbb0d52db0c46e4e79ebc77a28abc7ef0f99143a9ddc9f77f0a8620371e05145711d06b69ca370e0576da528f2c7028a2aa2653dcc9d6803a93679f945733e0be35cd500e079b27fe8028a2b9ab7ea7552f84af12279b31dab95bb0578e849e7150d92afdb605da368989c638e868a2bbe86e73ccd3f073bb3ea019988128c026bbcd1f8f11263bc4a4fe668a2bab19fef50f45f91cbf627f33d062fe1a28a2b491c28fffd9');
SELECT pg_catalog.lo_close(0);

SELECT pg_catalog.lo_open('16584', 131072);
SELECT pg_catalog.lowrite(0, '\xffd8ffe000104a46494600010200000100010000ffdb00430006040506050406060506070706080a100a0a09090a140e0f0c1017141818171416161a1d251f1a1b231c1616202c20232627292a29191f2d302d283025282928ffdb0043010707070a080a130a0a13281a161a2828282828282828282828282828282828282828282828282828282828282828282828282828282828282828282828282828ffc00011080078006703012200021101031101ffc4001f0000010501010101010100000000000000000102030405060708090a0bffc400b5100002010303020403050504040000017d01020300041105122131410613516107227114328191a1082342b1c11552d1f02433627282090a161718191a25262728292a3435363738393a434445464748494a535455565758595a636465666768696a737475767778797a838485868788898a92939495969798999aa2a3a4a5a6a7a8a9aab2b3b4b5b6b7b8b9bac2c3c4c5c6c7c8c9cad2d3d4d5d6d7d8d9dae1e2e3e4e5e6e7e8e9eaf1f2f3f4f5f6f7f8f9faffc4001f0100030101010101010101010000000000000102030405060708090a0bffc400b51100020102040403040705040400010277000102031104052131061241510761711322328108144291a1b1c109233352f0156272d10a162434e125f11718191a262728292a35363738393a434445464748494a535455565758595a636465666768696a737475767778797a82838485868788898a92939495969798999aa2a3a4a5a6a7a8a9aab2b3b4b5b6b7b8b9bac2c3c4c5c6c7c8c9cad2d3d4d5d6d7d8d9dae2e3e4e5e6e7e8e9eaf2f3f4f5f6f7f8f9faffda000c03010002110311003f00fa7e8a28a0028a2b33c4bad5af87b42bcd56fdb6dbdb21723bb1e8147b9381f8d095c0abe2ef15693e13d34de6b3722253c471af324a7d157bff002af08f127c7cd62e6464d02c6dec60ed24e3cd90fbff00747d306bccbc63e25bff0015eb93ea5a9c84bb9c47183f2c49d9547a0fd7ad62576c28452f78c5cdbd8ef1fe2e78d9a6f33fb6dc7fb2218c0fcb6d759e14f8f3abdace91f892da1beb6270d2c2a23957df1f74fd303eb5e2f53d8d9dc5fdcc76f670c93cee70a88b926b495385b5425277d0fb9340d6ac35fd2e0d434ab859ed6619561d47a823b11e95a35f0d5cc7acf8575630b4975a7df444106390a9f62083c8af7ff827f14a7f10ceba17885d5b52da4dbdce00f3c01cab0fef01ce7bff003e4951b2e68bba3452d6ccf66a28a2b12c28a28a0028a28a002bc23f6a1d69e3b3d234489b02666ba9803d42fcabfa96fcabddebe61fda69246f8816208386d3e309ff007f24feb5b505ef933d8caf84fe088f5b73aaeac9bb4f89b6c711e9330eb9ff00647ea7e95ec17fe1ad12fe348eef4bb49150617f7606d1e808a9fc3fa747a4e8965630a80b044a9f538e4fe2726b42bc0c562e75aab92765d0f66861e34e0a2d7a9ccc5e03f0c46db9747b727fdadcdfccd6dd869b65a726db0b4b7b653d445185cfe556e8ae79559cf4949b358d38c764703f18f418f53f0c497e8a3ed761fbc0d8e4a67e61fd7f0af08d22fe6d2f54b4bfb562b3db4ab2a11eaa735f556ad66ba86977766fc2dc44d113e990457c9f776f25a5d4d6f3a95962731ba9ec41c1af7b28abcd4dd37d0f2b3085a6a6ba9f78585ca5e58dbdcc7f7268d645fa30c8fe753d6578522683c2fa3c52677a59c2a73ea1056ad68f7300a28a2900514514005789fed1ba5472cfe1ad486df323b916f20ee558820fd0107f3af6caf33f8a960da9c3790632ea892c3fef2e187ea31f8d44eb7b2b4be4694e9fb4763428a453b941f519a5af9e3db0a28a2900578878e7c34b79f1734fb284054d51e291fb05058873f92935edf5c7cba535c7c419b55907c96b6896f09ff6c9258fe008ff00beabb7035bd8cdcbc99cd8aa5ed62a3e67b5aa8550aa30a0600a5a643b8c31effbdb467eb8a7d7b0b53c90a28a2800a28a2800ac5f11692d7ea92c18f3d063078dc2b6a8a89c1548f2c8b84dc1f323879eda6b52b1dc2ed7da0f5cd475d66b163f6c8329feb9395f7f6ae4c8c120f515e2e2283a32b743d5a15bdac6fd428a28ae7370032703ad69586833b5f092ed5561539c673bbdaa6d02c7cd905cc83f7687e51ea6ba4af4b0985525cf33871388717c910a28a2bd33ce0a28a2800a28a2800a2b9ff1478bf43f0c425f57be8e293195817e691be8a39fc4f15e2be2ef8dda95f6fb7f0ddb8d3e03c79f261e53f41d17f5fad690a529ec4ca6a3b9ea3f11fe20d9f84e036d06cb9d59c7cb0e788c1fe27ff0ea6abce9240125077c3280c09f7e6be6cb9b89aeae249ee657967918b3bb9c9627b935f4ef86264d47c2ba64aff3892da3dd9f5da33fad2c660a33a69751e1b15284efd0a42e477534824926711c4bf31a96ef4e9229d56305d5ce14ff008d6bd859adaa7f7a43f79abc5a58394e7cb25648f56ae2e30873475b9cda78ead7c31e284d0b55c2da4912c9f691ff002ce462786ff6718e7b7f2f4b8dd248d5e365746019594e4107b8af957e2a5d7dabc75a91072b195887b6d500feb9aade1df89be20f08490c36f32dde9a07fc7adc0ca8e7f84f55fe5ed5f43f554a0b90f1bdb3949f31f5ad15e6de0cf8c3e1cf109482ee53a55f371e55cb0d8c7fd97e9f9e2bd21583286520a9e411d0d7338b8ee689a7b0b451452185788fc5ef8a9358ddcda278665093464a5cde2f255bba27b8ee7f2af48f893aeb7873c17a9ea111c5c2c7e5c27d1d8ed07f0ce7f0af8edd8bb16725989c927a935d387a6a5ef332a93b6887cf34b7133cb3c8f2cae72ceec58b1f524d314e1813d01a4a2bb4c0bf14864c90b803bd7bafc37d7cc5f0f079511b9bab369235841c16e770e7e8dfa578540418976f6af46f8437bb6eefac98fdf412a8f71c1fe63f2a9ad1e68154a4a334daba32f5bf146afaaea29777175244f1366248895588fb0f5f7af50f879e2dbbd5ac66fed68d4083005c8e03f1dc7a8f5f7af30f1cac09e26bc5b7408011b80e8588049fd6ba98afe2b2f862d342023344d171ddcb1527ebdebc7c3c5baae2d9f779e7b0fecda75234d2bdade57573cc75bbc6bed52faf31933ccf27e649ac5b9713a80cbd3deb42b3e620c8db7a66bdb7a23e0119d346636f63d0d773f0e7e25eafe0fba8a26964bcd2091e65a48d9da3b9427ee9fd0d72332ee8c8efd4551a894549599ac5b3eeed0f55b3d7349b6d4b4d944d6b709bd187f23e841e08a2bc2bf661f10c82e752f0fcee4c453ed7003fc2410ae07d72a7f034579b523c92b1d1177573aefda3a6f2fc0b6f10ff0096b7a83f00ae7fc2be69afa13f6999b6e85a343d9ee5dff25c7fecd5f3dd76e1fe039eafc41451456e6649049e5b73f74f5ae9bc23a80d37c4563725b11efd8e7fd96e0ff3cd72b562da5c7c8c78ed4f7560eb73a7d5ee7ed9aa5ddc7512cacc3e99e292ff005563e1e874b04e167699be98000fcf755285b7460fe1542f260ac5bbf402bc8c15392aedbe87dff1162693cb69c61f6ad6f44bfa443732ed1b54fcc7f4aa74ac49249ea692bd66ee7c005671e09ad1aa120c48df5a4ca47a27ecff0071f67f89b6033c4914c87fef827fa51583f0caf0d878df4eb95c653ccebef1b0feb4572d685e57368bb23d6ff69d9b33787e107a2cce47fdf007f5af0da28ada87c08caa7c41451456a40514514017ad6f3642eafd71c7bd5391cbb1268a2a54145b6ba9bd5c454ab085393d23a2fbee368a28aa300aa330c4adf5a28a4ca43ad667b79d65898abae70475e9451452b147ffd9');
SELECT pg_catalog.lo_close(0);

SELECT pg_catalog.lo_open('16591', 131072);
SELECT pg_catalog.lowrite(0, '\xffd8ffe000104a46494600010200000100010000ffdb00430006040506050406060506070706080a100a0a09090a140e0f0c1017141818171416161a1d251f1a1b231c1616202c20232627292a29191f2d302d283025282928ffdb0043010707070a080a130a0a13281a161a2828282828282828282828282828282828282828282828282828282828282828282828282828282828282828282828282828ffc00011080071007803012200021101031101ffc4001f0000010501010101010100000000000000000102030405060708090a0bffc400b5100002010303020403050504040000017d01020300041105122131410613516107227114328191a1082342b1c11552d1f02433627282090a161718191a25262728292a3435363738393a434445464748494a535455565758595a636465666768696a737475767778797a838485868788898a92939495969798999aa2a3a4a5a6a7a8a9aab2b3b4b5b6b7b8b9bac2c3c4c5c6c7c8c9cad2d3d4d5d6d7d8d9dae1e2e3e4e5e6e7e8e9eaf1f2f3f4f5f6f7f8f9faffc4001f0100030101010101010101010000000000000102030405060708090a0bffc400b51100020102040403040705040400010277000102031104052131061241510761711322328108144291a1b1c109233352f0156272d10a162434e125f11718191a262728292a35363738393a434445464748494a535455565758595a636465666768696a737475767778797a82838485868788898a92939495969798999aa2a3a4a5a6a7a8a9aab2b3b4b5b6b7b8b9bac2c3c4c5c6c7c8c9cad2d3d4d5d6d7d8d9dae2e3e4e5e6e7e8e9eaf2f3f4f5f6f7f8f9faffda000c03010002110311003f00f0466c0a88b93d452f14d6ac8eb1f0a6f7a9aeae0b4a919757c700678aaf11c31cf4c1a5b4819e7564760dd3919cd691d8c2776cb51464c4e80b0888f997d0fe35634cd25677689e400b03b6bd0fc2be138ae6249ef06491c7726bb6b4f0869a832215cf738ae79e222b4474d3c249abb3c42f74c16503215ccde6704fb0f4fc6abc3a6b4b0efc94751b724756c8e7f2fe55f41cde12d3ee366f84647734eb4f0659432312bf2f61d3f9547d6158d3ea6ee7ceb2c0d1cb82c147dd00fde3ee69cf6de5a87278073807f5afa2ee7c27a536736b1e7d7bd616a1e04d31c128a57d01e714d62d2dc1e05bd99e06cede66e01b793dea28a690ca0c8ecd8e017e78af4df13f822186d9e6b55c4d18ce3d4570b35b2380d8fdfa8eac73baba29d45357472d5a32a4ecca6c416240c03cd4722e79a634bb4f4e29be78279a56294931af1b766a29e2453dc51421d901269858d7a3788fe1cdcdb33359e580ed5c25fe977b62e56e6075c77c714589e65d08ec15a596450b9f97b0cd75de17d192e2fe00e0b05e5b3deb9ff0da1125cb81c84007af5af44f0546097500020fcc69547688e9ae6a88f41b083c90aa3000e062b72d18702b3acd43463ae47b568431b6f0411c5795d4f6d6c5ec1e0f6ab3903a8a863c8502a6e3d6b44919b6c8e48fe42c06076accba1b8fd6b46590f2074acd9c90d9cf5351245c7632b598230403f31dbcd78bf8ab4b586f24780b29627017f957b0ea8fb5881f78f4cd798f89e45376c1b25b3c0cf7ae8c34bdeb1c98b85e07017b02a6d4feef191550c0beb5b1ad47b442ff00dfeff9565d773dcf3a295b52036fef4559e28a2e572a3eb2915587cc01cd655fe89677aa4490af3ed5a65b34e5e94cc0f24f157866df4a6692d14032900a8f6c9a93c0d6be5b4d2b927739451db03bd753e2589afac6ea2900dd1fcf1b0e08f6fc6b13c2ac9fd91048a30dcb63b8c935c756a73c34ee7a54687b29abf6b9d95a5cc50465a570101ea6b5ed6eaddf0639108fad79d4f70f3022697ca8d58edddfa564cf3dba9fdceb2e2407051480327df358469a674caa34cf6b5923231b80a71c0c61811f5af34d1b589d2048a593cd04e0393d3eb5d73dc3436ca59c671918a2e9685a4dea6bc9246b9248f4ac8bfbeb78c125c051d6b8ad77569ee8346b2984648e0f26b0927b552b1c9abcad21ce55d78fcf3f5f5a7c8a5a932a9caec76f7aeb71fbc56ca1e558579ff8d2c59227bb41f748dd5bda7f9a932c492ef89b9183c53fc510a9d16e54e3715e2943dd92b054f7e0d33c97593bad6071c8dc467f015900f3cd7ade95a069d6fe1e56b8b64b9ba98124ca372c69ede8715e49fc471d2bba35149b4ba1e7ce8ba718b7d478e68a51455928faa90f233538e95501e455856e0551ca64ea9632b2dc7918dee3193f4ae7b41b45fb2456e176c91ae06daed6ed4b2a8071bfe5cfa1ec6b92d15cadd364e4827f9d79d5572b691edd09fb4845b12fb444b868e4b950c88798fd45427c3f6126a8ba8242e66521b68ced24742462bb7b711ce369419c6735623b10a79248f4cd4c26d6c5ce9a96e8e24582aa30588acaee1f18181cf6c7415d75e427fb142f19db8e9d2a2b83089d917687ce302b42f368d344608ce327352fde2e31b1c5db59a2324d1db66689b9ce0e4fae0d55ff00847ac52fa5bc8e3659e5dd957070339ce07e35d4e96629a775046ef43d4d6a35a608dd9c5529b4b42654d37768e234bd0cda4aa612162ea1581c03ec6a9f8a637fdf21c1664c0e78ff00eb577776c91c6d81f5cd705e216f32751df07350a5a8eda6a26aa4697e11b99a51830db347c8c7cc46d1fae2bc1c75af60f8b37725bf8663b591be79ae1777b8009c0fa715e3f5db417bb738b172bc92ec480d14d068adce647d50a2a5322451ee95d51477638ae775fd7d6c09b7b4daf718e4f64ae2af66bbbe72f712bc87dcf1f954caaa8bb0a961a5515de88f494d62c6f2e3ec96d70924abf31c74c74eb5cec47c8d4260381e6b2feb5c2cd0cb1b6e8ddd1c74653822ba4f0f4ad35845e6bb3c88d86663924fa9ae3acf99f31e95087b35ca8f43d36ed4460d3b51d518208603f3b7191dbdeb9d824951b603d2962b90250ce7249c56517d0ea76b5c74fa9b58b187ecd3484b6ef306306ae5ef896d5ac80440ce78c2e493f8547706d6423748a31d727a5462ced232645961507a36e0375689264393ec57b7d485fb442186480c67976e3000f515d2d8eaaf2c7e5ca46f5e0d62797122ef57461ea0e69b1cea665238ddc67d6a5e9b0f9afba34354ba014e3a74ae3eeb325eaeeeec07e66ba0bb8d98b679c76f4ae2fc6778fa769b349039498150847639ace3794ac4cda8c5b39cf8cb7723ebf6b685b1145006083b31241fe42b81156b50bab8bfbb7b9bc95e69dfabb75aac0735e9c23ca923c79cb9a4d8e1450b455823d66c51ae0b4b212598e493deb485be17a52697181026076ad029f2d79b27a9ecc6292306ee11cf149a1cfe45db42dd1f91f5abd788369ae7b53985b42f2ab6d74f981a6b5d097a6a7a358b2f988cdd3814dd474d82e5d83e4a93c0048fe55caf83fc451eb1a6ac8418e653b581fef0fe95d65a5d2ca3693cf7cd459c58d4949268c88f41863980965b85519c959987f338a7be93667056fae3033c79a0d742f0c6e3128e0d2ff655b95dc10e3b0ad232762f9ec722746324dfbabab85507a87f9b15bfa458adb49197959d179f9ce4f1ef5764b7448c940140ed54a490a285240cfbd44a4d913772cde4ca03b71826bc8fe226a0249e0b652704990ff21fd6bbbd56f5722084e5dbafb5616ada47f6ae8b3c5e587916379a07039575edf461c7e557878de661899f2d33cb641dea11c0e6849448b91484e6bbd1e6c95840c09a2a10dc9a299373dbad1ded6692dae0149636da54f6ad6470cb57be21adadb7937525bef9e452a195b6f231d7d7ad731617d91e54df24806704f6ae1ab4eccf62855f69152b16efd372900e0d70be23ba090bc329019be51ef5dccede62673822b1134e4d475fd3ade54527cf0c0fae39fe94528ea3ada45b26b7d3a3d17c3fa45a2aecb99374d21ee09c601ff3daa74bc9a0955cf38e08f515a1e385d9aa420904222afe67ff00af59e577443a6452acfdf6638757a68e96c35c8668d41c6e1ebc115a2757053ef29f6cd70a96ab30dca083dc55b8f4f90afde38f4a8b9add9bd7fad46b1e136fd01cf35cfcda8cf2b3151863d0d324b511b7ccd83dbb9ab5616609dd20e3d29683d64caf042523691f25d87535ade02b473aa5c127744f1b3807f85871c7d78fca9b2c5bfa575de05d3fc9b39ae08c6ef917f5cff3fd2af0edba9a18632ca93b9f39f8b3419b49f166a567044cd1198b44aa3270dc81fd2b32fac2f2c00fb6db4b06e1952ea4035ec7e27b782ffe21cd0b315dc42865ea1b6823f5e2bb3b8d26db51d3bec9a84114d1b2e0e57afbd77c7538abaf676f349fde7cb718cf3457a6f8a3e16ddd9192e34493ed10f27c97e180f63de8aab18268ea7e227fc83adbfdf3fd2b8fbbff008fe1fee0a28ac2a6e77e13e04690fb89feed47a17fc8c769fef9fe468a2886e6f5ff0086cd0f1d7fc858ff00beb5447faba28ac2afc4c8a1f02f41f67d0d69afdd3f4a28accd19464ff5e2af45fea8fd28a282a2483a7e15da68bff20783e94515be17e2671e37e147966abff23b49ff005dff00a8af43b6ff008f64fa8a28aea87530c57d9f444927faa6fc68a28ad0e33fffd9');
SELECT pg_catalog.lo_close(0);

COMMIT;

--
-- Name: conversation conversation_pkey; Type: CONSTRAINT; Schema: public; Owner: issue_tracker_ssr2_user
--

ALTER TABLE ONLY public.conversation
    ADD CONSTRAINT conversation_pkey PRIMARY KEY (id);


--
-- Name: messages messages_pkey; Type: CONSTRAINT; Schema: public; Owner: issue_tracker_ssr2_user
--

ALTER TABLE ONLY public.messages
    ADD CONSTRAINT messages_pkey PRIMARY KEY (id);


--
-- Name: notes notes_pkey; Type: CONSTRAINT; Schema: public; Owner: issue_tracker_ssr2_user
--

ALTER TABLE ONLY public.notes
    ADD CONSTRAINT notes_pkey PRIMARY KEY (id);


--
-- Name: permissions permissions_pkey; Type: CONSTRAINT; Schema: public; Owner: issue_tracker_ssr2_user
--

ALTER TABLE ONLY public.permissions
    ADD CONSTRAINT permissions_pkey PRIMARY KEY (id);


--
-- Name: priorities priorities_pkey; Type: CONSTRAINT; Schema: public; Owner: issue_tracker_ssr2_user
--

ALTER TABLE ONLY public.priorities
    ADD CONSTRAINT priorities_pkey PRIMARY KEY (id);


--
-- Name: role_permissions role_permissions_pkey; Type: CONSTRAINT; Schema: public; Owner: issue_tracker_ssr2_user
--

ALTER TABLE ONLY public.role_permissions
    ADD CONSTRAINT role_permissions_pkey PRIMARY KEY (role_id, permission_id);


--
-- Name: roles roles_pkey; Type: CONSTRAINT; Schema: public; Owner: issue_tracker_ssr2_user
--

ALTER TABLE ONLY public.roles
    ADD CONSTRAINT roles_pkey PRIMARY KEY (id);


--
-- Name: status status_pkey; Type: CONSTRAINT; Schema: public; Owner: issue_tracker_ssr2_user
--

ALTER TABLE ONLY public.status
    ADD CONSTRAINT status_pkey PRIMARY KEY (id);


--
-- Name: tickets tickets_pkey; Type: CONSTRAINT; Schema: public; Owner: issue_tracker_ssr2_user
--

ALTER TABLE ONLY public.tickets
    ADD CONSTRAINT tickets_pkey PRIMARY KEY (id);


--
-- Name: users uk4unapofvpijp79n4j3sheoun7; Type: CONSTRAINT; Schema: public; Owner: issue_tracker_ssr2_user
--

ALTER TABLE ONLY public.users
    ADD CONSTRAINT uk4unapofvpijp79n4j3sheoun7 UNIQUE (profile_image_id);


--
-- Name: users uk6dotkott2kjsp8vw4d0m25fb7; Type: CONSTRAINT; Schema: public; Owner: issue_tracker_ssr2_user
--

ALTER TABLE ONLY public.users
    ADD CONSTRAINT uk6dotkott2kjsp8vw4d0m25fb7 UNIQUE (email);


--
-- Name: priorities uk8h1nfh4xfhexnoyskakq2roby; Type: CONSTRAINT; Schema: public; Owner: issue_tracker_ssr2_user
--

ALTER TABLE ONLY public.priorities
    ADD CONSTRAINT uk8h1nfh4xfhexnoyskakq2roby UNIQUE (name);


--
-- Name: roles ukofx66keruapi6vyqpv6f2or37; Type: CONSTRAINT; Schema: public; Owner: issue_tracker_ssr2_user
--

ALTER TABLE ONLY public.roles
    ADD CONSTRAINT ukofx66keruapi6vyqpv6f2or37 UNIQUE (name);


--
-- Name: permissions ukpnvtwliis6p05pn6i3ndjrqt2; Type: CONSTRAINT; Schema: public; Owner: issue_tracker_ssr2_user
--

ALTER TABLE ONLY public.permissions
    ADD CONSTRAINT ukpnvtwliis6p05pn6i3ndjrqt2 UNIQUE (name);


--
-- Name: status ukreccgx9nr0a8dwv201t44l6pd; Type: CONSTRAINT; Schema: public; Owner: issue_tracker_ssr2_user
--

ALTER TABLE ONLY public.status
    ADD CONSTRAINT ukreccgx9nr0a8dwv201t44l6pd UNIQUE (name);


--
-- Name: user_profile_image user_profile_image_pkey; Type: CONSTRAINT; Schema: public; Owner: issue_tracker_ssr2_user
--

ALTER TABLE ONLY public.user_profile_image
    ADD CONSTRAINT user_profile_image_pkey PRIMARY KEY (id);


--
-- Name: user_roles user_roles_pkey; Type: CONSTRAINT; Schema: public; Owner: issue_tracker_ssr2_user
--

ALTER TABLE ONLY public.user_roles
    ADD CONSTRAINT user_roles_pkey PRIMARY KEY (user_id, role_id);


--
-- Name: users users_pkey; Type: CONSTRAINT; Schema: public; Owner: issue_tracker_ssr2_user
--

ALTER TABLE ONLY public.users
    ADD CONSTRAINT users_pkey PRIMARY KEY (id);


--
-- Name: users fk98nhqy9c4y97u6jcmfmvyiv7; Type: FK CONSTRAINT; Schema: public; Owner: issue_tracker_ssr2_user
--

ALTER TABLE ONLY public.users
    ADD CONSTRAINT fk98nhqy9c4y97u6jcmfmvyiv7 FOREIGN KEY (profile_image_id) REFERENCES public.user_profile_image(id);


--
-- Name: messages fkde7b83jwmlq63aqpj5qtege0h; Type: FK CONSTRAINT; Schema: public; Owner: issue_tracker_ssr2_user
--

ALTER TABLE ONLY public.messages
    ADD CONSTRAINT fkde7b83jwmlq63aqpj5qtege0h FOREIGN KEY (conversation_id) REFERENCES public.conversation(id);


--
-- Name: role_permissions fkegdk29eiy7mdtefy5c7eirr6e; Type: FK CONSTRAINT; Schema: public; Owner: issue_tracker_ssr2_user
--

ALTER TABLE ONLY public.role_permissions
    ADD CONSTRAINT fkegdk29eiy7mdtefy5c7eirr6e FOREIGN KEY (permission_id) REFERENCES public.permissions(id);


--
-- Name: user_roles fkh8ciramu9cc9q3qcqiv4ue8a6; Type: FK CONSTRAINT; Schema: public; Owner: issue_tracker_ssr2_user
--

ALTER TABLE ONLY public.user_roles
    ADD CONSTRAINT fkh8ciramu9cc9q3qcqiv4ue8a6 FOREIGN KEY (role_id) REFERENCES public.roles(id);


--
-- Name: user_roles fkhfh9dx7w3ubf1co1vdev94g3f; Type: FK CONSTRAINT; Schema: public; Owner: issue_tracker_ssr2_user
--

ALTER TABLE ONLY public.user_roles
    ADD CONSTRAINT fkhfh9dx7w3ubf1co1vdev94g3f FOREIGN KEY (user_id) REFERENCES public.users(id);


--
-- Name: role_permissions fkn5fotdgk8d1xvo8nav9uv3muc; Type: FK CONSTRAINT; Schema: public; Owner: issue_tracker_ssr2_user
--

ALTER TABLE ONLY public.role_permissions
    ADD CONSTRAINT fkn5fotdgk8d1xvo8nav9uv3muc FOREIGN KEY (role_id) REFERENCES public.roles(id);


--
-- Name: DEFAULT PRIVILEGES FOR SEQUENCES; Type: DEFAULT ACL; Schema: -; Owner: postgres
--

ALTER DEFAULT PRIVILEGES FOR ROLE postgres GRANT ALL ON SEQUENCES TO issue_tracker_ssr2_user;


--
-- Name: DEFAULT PRIVILEGES FOR TYPES; Type: DEFAULT ACL; Schema: -; Owner: postgres
--

ALTER DEFAULT PRIVILEGES FOR ROLE postgres GRANT ALL ON TYPES TO issue_tracker_ssr2_user;


--
-- Name: DEFAULT PRIVILEGES FOR FUNCTIONS; Type: DEFAULT ACL; Schema: -; Owner: postgres
--

ALTER DEFAULT PRIVILEGES FOR ROLE postgres GRANT ALL ON FUNCTIONS TO issue_tracker_ssr2_user;


--
-- Name: DEFAULT PRIVILEGES FOR TABLES; Type: DEFAULT ACL; Schema: -; Owner: postgres
--

ALTER DEFAULT PRIVILEGES FOR ROLE postgres GRANT ALL ON TABLES TO issue_tracker_ssr2_user;


--
-- PostgreSQL database dump complete
--

\unrestrict R2FOF601crYz6JvaXeJa17IF9f7PAQKhXLgd4WUY1zf858QeVel3bVEtxbvG7HW

